NS;Matricule Operateur;Heur Passage;Temps Test;Presence Connecteur;Presence Blandage;Presence C2;Presence C24;INPUT CURRENT (NO TRIGER);INPUT TENSION (NO TRIGER);Apple Mode 3A VBUS  (0A/CC1);Apple Mode 3A D+  (0A/CC1);Apple Mode 3A D-  (0A/CC1);TYPE C VBUS (0A/CC1);TYPE C CC1 (0A/CC1);TYPE C VBUS (3A/CC1);PDO2 VBUS (0A/CC1);PDO2 VBUS (3A/CC1);PDO3 VBUS (0A/CC1);PDO3 VBUS (3A/CC1);PDO4 VBUS (0A/CC1);PDO4 VBUS (3A/CC1);PPS 8.5V VBUS (0A/CC1);PPS 8.5V VBUS (3A/CC1);PPS 20V VBUS (3A/CC1);Apple Mode 3A VBUS  (0A/CC2);Apple Mode 3A D+  (0A/CC2);Apple Mode 3A D-  (0A/CC2);TYPE C VBUS (0A/CC2);TYPE C CC2 (0A/CC2);TYPE C VBUS (3A/CC2);PDO2 VBUS (0A/CC2);PDO2 VBUS (3A/CC2);PDO3 VBUS (0A/CC2);PDO3 VBUS (3A/CC2);PDO4 VBUS (0A/CC2);PDO4 VBUS (3A/CC2);PPS 8.5V VBUS (0A/CC2);PPS 8.5V VBUS (3A/CC2);PPS 20V VBUS (3A/CC2);INPUT CURRENT (FULL LOAD);INPUT TENSION (FULL LOAD);Status Carte;
3073400591-00-W29-L2- 25 07G074-0002439;669;08:05:38;33,4;OK;OK;OK;OK;0,000;24,052;5,103;2,676;3,262;4,967;1,650;4,957;8,978;9,013;14,966;14,995;19,938;19,973;8,484;8,684;19,853;5,108;2,676;3,257;4,972;1,650;5,063;8,984;9,013;14,966;14,990;19,938;19,978;8,479;8,684;19,978;2,626;23,934;OK
3073400591-00-W05-L3- 25 02G005-0001441;669;08:05:46;1,0;FAIL;NON TESTE;NON TESTE;NON TESTE;-1,000;-1,000;-1,000;-1,000;-1,000;-1,000;-1,000;-1,000;-1,000;-1,000;-1,000;-1,000;-1,000;-1,000;-1,000;-1,000;-1,000;-1,000;-1,000;-1,000;-1,000;-1,000;-1,000;-1,000;-1,000;-1,000;-1,000;-1,000;-1,000;-1,000;-1,000;-1,000;-1,000;-1,000;NOK
;669;08:05:01;2,2;NON TESTE;NON TESTE;NON TESTE;NON TESTE;-1,000;-1,000;-1,000;-1,000;-1,000;-1,000;-1,000;-1,000;-1,000;-1,000;-1,000;-1,000;-1,000;-1,000;-1,000;-1,000;-1,000;-1,000;-1,000;-1,000;-1,000;-1,000;-1,000;-1,000;-1,000;-1,000;-1,000;-1,000;-1,000;-1,000;-1,000;-1,000;-1,000;-1,000;NOK
3073400591-00-W11-L1- 25 02G149-0002884;669;08:05:17;3,9;OK;OK;OK;OK;0,000;24,058;0,000;-1,000;-1,000;-1,000;-1,000;-1,000;-1,000;-1,000;-1,000;-1,000;-1,000;-1,000;-1,000;-1,000;-1,000;-1,000;-1,000;-1,000;-1,000;-1,000;-1,000;-1,000;-1,000;-1,000;-1,000;-1,000;-1,000;-1,000;-1,000;-1,000;-1,000;-1,000;NOK
3073400591-00-W39-L2- 25 09G100-0000227;669;08:05:26;1,2;OK;OK;FAIL;NON TESTE;-1,000;-1,000;-1,000;-1,000;-1,000;-1,000;-1,000;-1,000;-1,000;-1,000;-1,000;-1,000;-1,000;-1,000;-1,000;-1,000;-1,000;-1,000;-1,000;-1,000;-1,000;-1,000;-1,000;-1,000;-1,000;-1,000;-1,000;-1,000;-1,000;-1,000;-1,000;-1,000;-1,000;-1,000;NOK
3073400591-00-W21-L2- 25 06G011-0000153;669;08:05:37;1,2;OK;OK;OK;FAIL;-1,000;-1,000;-1,000;-1,000;-1,000;-1,000;-1,000;-1,000;-1,000;-1,000;-1,000;-1,000;-1,000;-1,000;-1,000;-1,000;-1,000;-1,000;-1,000;-1,000;-1,000;-1,000;-1,000;-1,000;-1,000;-1,000;-1,000;-1,000;-1,000;-1,000;-1,000;-1,000;-1,000;-1,000;NOK
;669;08:05:49;2,2;NON TESTE;NON TESTE;NON TESTE;NON TESTE;-1,000;-1,000;-1,000;-1,000;-1,000;-1,000;-1,000;-1,000;-1,000;-1,000;-1,000;-1,000;-1,000;-1,000;-1,000;-1,000;-1,000;-1,000;-1,000;-1,000;-1,000;-1,000;-1,000;-1,000;-1,000;-1,000;-1,000;-1,000;-1,000;-1,000;-1,000;-1,000;-1,000;-1,000;NOK
3073400591-00-W20-L2- 26 06G025-0001296;669;08:05:56;34,5;OK;OK;OK;OK;0,000;24,058;5,113;2,687;3,284;4,972;1,677;4,973;8,962;9,008;14,955;14,990;19,932;19,973;8,468;8,668;19,848;5,119;2,687;3,273;4,972;1,677;5,068;8,967;9,008;14,949;14,984;19,927;19,967;8,468;8,673;19,973;2,610;23,934;OK
3073400591-00-W20-L2- 26 06G025-0001286;669;08:05:25;33,2;OK;OK;OK;OK;0,000;24,058;5,108;2,654;3,284;4,978;1,677;4,968;8,967;9,002;14,955;14,990;19,938;19,978;8,463;8,668;19,859;5,113;2,682;3,273;4,972;1,683;5,063;8,962;8,997;14,955;14,984;19,932;19,967;8,468;8,668;19,978;2,615;23,934;OK
3073400591-00-W20-L2- 26 06G025-0000702;669;08:05:21;33,9;OK;OK;OK;OK;0,002;24,052;5,108;2,692;3,289;4,972;1,710;4,973;8,978;9,024;14,987;15,028;19,981;20,027;8,479;8,679;19,902;5,113;2,682;3,279;4,978;1,710;5,073;8,978;9,013;14,982;15,022;19,976;20,022;8,479;8,679;20,032;2,634;23,933;OK
3073400591-00-W20-L2- 26 06G025-0001100;669;08:05:33;33,6;OK;OK;OK;OK;0,000;24,063;5,103;2,676;3,284;4,972;1,704;4,973;8,967;9,013;14,966;15,006;19,943;19,994;8,468;8,668;19,864;5,108;2,660;3,279;4,967;1,710;5,068;8,962;9,002;14,966;15,000;19,938;19,984;8,468;8,668;19,994;2,615;23,934;OK
3073400591-00-W20-L2- 26 06G025-0001745;669;08:05:17;35,1;OK;OK;OK;OK;0,000;24,052;5,097;2,660;3,251;4,967;1,661;4,963;8,967;9,013;14,955;15,000;19,922;19,967;8,473;8,668;19,848;5,097;2,633;3,262;4,967;1,666;5,057;8,973;9,008;14,955;14,990;19,922;19,962;8,468;8,668;19,967;2,629;23,934;OK
3073400591-00-W20-L2- 26 06G025-0001096;669;08:05:09;33,2;OK;OK;OK;OK;0,000;24,063;5,130;2,671;3,268;4,994;1,672;4,995;8,995;9,029;14,982;15,022;19,970;20,011;8,490;8,695;19,891;5,130;2,676;3,279;4,999;1,666;5,090;8,995;9,029;14,987;15,011;19,965;19,994;8,490;8,695;20,016;2,638;23,933;OK
3073400591-00-W20-L2- 26 06G025-0001744;669;08:05:11;35,6;OK;OK;OK;OK;0,000;24,063;5,108;2,660;3,295;4,978;1,672;4,973;8,967;9,013;14,955;15,000;19,949;19,989;8,468;8,668;19,859;5,108;2,692;3,284;4,978;1,672;5,073;8,967;9,002;14,960;14,990;19,943;19,984;8,468;8,668;19,994;2,614;23,934;OK
3073400591-00-W20-L2- 26 06G025-0002132;669;08:05:56;33,9;OK;OK;OK;OK;0,000;24,052;5,092;2,676;3,268;4,961;1,656;4,963;8,962;9,008;14,949;14,990;19,916;19,962;8,468;8,673;19,842;5,097;2,671;3,251;4,967;1,656;5,057;8,967;8,997;14,949;14,979;19,916;19,956;8,473;8,673;19,967;2,619;23,934;OK
3073400591-00-W20-L2- 26 06G025-0002090;669;08:05:35;33,3;OK;OK;OK;OK;0,000;24,052;5,135;2,660;3,284;4,994;1,645;4,990;8,989;9,029;14,976;15,017;19,965;20,005;8,484;8,684;19,886;5,130;2,665;3,284;4,989;1,639;5,073;8,989;9,019;14,982;15,006;19,970;19,994;8,490;8,690;20,011;2,632;23,933;OK
3073400591-00-W20-L2- 26 06G025-0002112;669;08:05:15;34,0;OK;OK;OK;OK;0,000;24,052;5,103;2,654;3,268;4,956;1,721;4,957;8,962;9,008;14,971;15,011;19,960;20,005;8,457;8,663;19,886;5,097;2,687;3,273;4,961;1,710;5,052;8,962;8,997;14,971;15,000;19,960;19,994;8,457;8,657;20,011;2,638;23,933;OK
3073400591-00-W20-L2- 26 06G025-0001699;669;08:05:55;33,2;OK;OK;OK;OK;0,000;24,052;5,103;2,687;3,279;4,978;1,661;4,973;8,973;9,019;14,966;15,006;19,932;19,978;8,468;8,673;19,853;5,113;2,671;3,284;4,978;1,661;5,073;8,967;9,008;14,966;14,995;19,932;19,967;8,468;8,668;19,984;2,634;23,933;OK
3073400591-00-W20-L2- 26 06G025-0002121;669;08:05:36;33,3;OK;OK;OK;OK;0,000;24,052;5,108;2,687;3,289;4,967;1,650;4,968;8,957;9,002;14,955;14,990;19,938;19,978;8,463;8,657;19,853;5,103;2,687;3,268;4,961;1,656;5,057;8,962;8,991;14,949;14,973;19,938;19,973;8,457;8,663;19,978;2,647;23,933;OK
3073400591-00-W20-L2- 26 06G025-0002325;669;08:05:15;33,1;OK;OK;OK;OK;0,000;24,063;5,119;2,687;3,284;4,983;1,715;4,979;8,989;9,024;14,982;15,022;19,970;20,016;8,479;8,679;19,897;5,119;2,660;3,284;4,983;1,715;5,073;8,984;9,013;14,982;15,011;19,970;20,005;8,484;8,684;20,027;2,624;23,932;OK
3073400591-00-W20-L2- 26 06G025-0001350;669;08:05:54;32,9;OK;OK;OK;OK;0,000;24,052;5,135;2,671;3,246;5,005;1,639;5,001;9,005;9,040;14,998;15,033;19,976;20,011;8,506;8,706;19,902;5,146;2,649;3,262;5,010;1,650;5,155;9,000;9,024;15,004;15,017;19,981;20,005;8,501;8,706;20,027;2,632;23,933;OK
3073400591-00-W20-L2- 26 06G025-0002320;669;08:05:35;32,8;OK;OK;OK;OK;0,000;24,058;5,141;2,654;3,289;5,005;1,645;5,006;9,005;9,046;15,004;15,049;19,992;20,043;8,506;8,706;19,918;5,146;2,682;3,284;5,010;1,645;5,090;9,011;9,035;15,004;15,033;19,998;20,027;8,511;8,701;20,038;2,652;23,932;OK
3073400591-00-W20-L2- 26 06G025-0002145;669;08:05:15;32,9;OK;OK;OK;OK;0,001;24,063;5,146;2,660;3,262;5,016;1,694;5,006;9,011;9,040;14,998;15,028;19,970;20,011;8,506;8,711;19,891;5,151;2,644;3,257;5,016;1,694;5,090;9,005;9,029;14,993;15,011;19,970;19,994;8,506;8,706;20,016;2,652;23,931;OK
3073400591-00-W20-L2- 26 06G025-0002133;669;08:05:36;14,0;OK;OK;OK;OK;0,000;24,052;5,108;2,671;3,262;4,972;1,656;4,968;8,978;9,013;14,987;15,022;19,981;20,016;4,972;-1,000;-1,000;-1,000;-1,000;-1,000;-1,000;-1,000;-1,000;-1,000;-1,000;-1,000;-1,000;-1,000;-1,000;-1,000;-1,000;-1,000;-1,000;-1,000;NOK
3073400591-00-W20-L2- 26 06G025-0002133;669;08:05:15;32,9;OK;OK;OK;OK;0,000;24,052;5,103;2,660;3,262;4,972;1,656;4,968;8,973;9,013;14,987;15,022;19,981;20,022;8,479;8,679;19,902;5,113;2,654;3,284;4,972;1,661;5,063;8,978;9,008;14,987;15,011;19,976;20,011;8,479;8,679;20,027;2,647;23,930;OK
3073400591-00-W20-L2- 26 06G025-0001321;669;08:05:55;32,8;OK;OK;OK;OK;0,000;24,052;5,119;2,660;3,273;4,978;1,666;4,973;8,973;9,013;14,966;15,000;19,949;19,994;8,473;8,668;19,870;5,113;2,682;3,289;4,983;1,666;5,068;8,973;9,002;14,966;14,990;19,949;19,984;8,473;8,673;19,994;2,644;23,931;OK
3073400591-00-W20-L2- 26 06G025-0002131;669;08:05:36;32,9;OK;OK;OK;OK;0,000;24,052;5,119;2,665;3,268;4,983;1,666;4,979;8,989;9,029;14,993;15,044;19,998;20,043;8,484;8,684;19,913;5,113;2,682;3,284;4,978;1,656;5,068;8,989;9,019;14,998;15,028;19,998;20,032;8,484;8,690;20,038;2,651;23,930;OK
3073400591-00-W20-L2- 26 06G025-0002100;669;08:05:20;32,8;OK;OK;OK;OK;0,000;24,058;5,113;2,654;3,262;4,972;1,694;4,979;8,962;9,002;14,938;14,984;19,916;19,962;8,463;8,663;19,837;5,113;2,671;3,262;4,972;1,688;5,057;8,957;8,981;14,944;14,962;19,916;19,951;8,463;8,663;19,962;2,626;23,931;OK
3073400591-00-W20-L2- 26 06G025-0002109;669;08:05:07;32,8;OK;OK;OK;OK;0,000;24,052;5,135;2,649;3,273;4,994;1,666;4,995;8,995;9,035;15,004;15,038;19,992;20,032;8,490;8,690;19,913;5,130;2,654;3,273;4,994;1,666;5,084;8,995;9,029;15,004;15,028;19,987;20,022;8,490;8,695;20,032;2,643;23,931;OK
3073400591-00-W20-L2- 26 06G025-0002143;669;08:05:48;32,8;OK;OK;OK;OK;0,000;24,058;5,113;2,665;3,273;4,972;1,710;4,968;8,967;9,008;14,955;14,995;19,932;19,978;8,457;8,668;19,853;5,108;2,671;3,273;5,119;1,715;5,057;8,967;8,997;14,955;14,979;19,927;19,956;8,468;8,663;19,978;2,603;23,932;OK
3073400591-00-W20-L2- 26 06G025-0002115;669;08:05:28;32,8;OK;OK;OK;OK;0,000;24,063;5,108;2,660;3,262;4,978;1,645;4,973;8,973;9,019;14,971;15,011;19,949;20,005;8,473;8,673;19,870;5,113;2,665;3,284;4,978;1,639;5,063;8,978;8,997;14,971;14,995;19,954;19,978;8,479;8,673;20,000;2,645;23,931;OK
3073400591-00-W20-L2- 26 06G025-0002451;669;08:05:11;32,8;OK;OK;OK;OK;0,002;24,058;5,065;2,644;3,262;4,951;1,699;4,941;8,957;8,991;14,955;14,990;19,943;19,984;8,457;8,652;19,864;5,092;2,644;3,273;4,956;1,704;5,041;8,957;8,981;14,960;14,979;19,949;19,978;8,452;8,652;19,989;2,624;24,074;OK
3073400591-00-W20-L2- 26 06G025-0002446;669;08:05:57;33,2;OK;OK;OK;OK;0,000;24,052;5,113;2,676;3,289;4,983;1,677;4,984;8,978;9,019;14,976;15,017;19,954;20,000;8,479;8,679;19,875;5,113;2,703;3,289;4,978;1,683;5,063;8,978;9,002;14,976;14,995;19,949;19,989;8,479;8,679;20,000;2,612;23,931;OK
3073400591-00-W20-L2- 26 06G025-0002095;669;08:05:40;32,8;OK;OK;OK;OK;0,000;24,052;5,162;2,682;3,289;5,027;1,683;5,028;9,016;9,062;15,031;15,066;20,030;20,070;8,511;8,717;19,951;5,162;2,687;3,268;5,032;1,677;5,111;9,016;9,040;15,031;15,049;20,025;20,060;8,517;8,711;20,076;2,654;23,930;OK
3073400591-00-W20-L2- 26 06G025-0001347;669;08:05:22;32,9;OK;OK;OK;OK;0,000;24,058;5,135;2,676;3,279;4,994;1,721;4,990;8,989;9,029;14,982;15,011;19,954;19,994;8,490;8,695;19,875;5,130;2,687;3,273;4,994;1,710;5,079;8,989;9,019;14,982;15,000;19,954;19,984;8,490;8,690;20,000;2,645;23,930;OK
3073400591-00-W20-L2- 26 06G025-0001504;669;08:05:03;33,3;OK;OK;OK;OK;0,000;24,047;5,086;2,649;3,273;4,961;1,677;4,952;8,951;8,991;14,949;14,984;19,938;19,978;8,452;8,652;19,859;5,097;2,660;3,251;4,961;1,672;5,046;8,951;8,981;14,949;14,979;19,938;19,967;8,457;8,657;19,984;2,658;23,930;OK
3073400591-00-W20-L2- 26 06G025-0002457;669;08:05:45;35,3;OK;OK;OK;OK;0,000;24,058;5,103;2,676;3,257;4,956;1,639;4,952;8,984;9,024;14,993;15,033;19,981;20,027;8,479;8,690;19,908;5,097;2,671;3,262;4,956;1,639;5,046;8,984;9,013;14,998;15,022;19,987;20,016;8,484;8,684;20,032;2,662;23,928;OK
3073400591-00-W20-L2- 26 06G025-0002318;669;08:05:37;33,8;OK;OK;OK;OK;0,000;24,052;5,108;2,692;3,289;4,978;1,645;4,973;8,973;9,013;14,966;15,000;19,949;20,000;8,473;8,673;19,870;5,113;2,665;3,295;4,972;1,639;5,068;8,967;9,008;14,960;14,995;19,943;19,984;8,473;8,673;20,000;2,642;23,929;OK
3073400591-00-W20-L2- 26 06G025-0001351;669;08:05:21;32,8;OK;OK;OK;OK;0,000;24,052;5,103;2,671;3,257;4,972;1,699;4,968;8,973;9,013;14,976;15,017;19,965;20,011;8,473;8,673;19,886;5,108;2,665;3,257;4,967;1,710;5,035;8,973;8,981;14,976;14,973;19,965;19,978;8,473;8,673;20,011;2,637;23,930;OK
3073400591-00-W20-L2- 26 06G025-0002102;669;08:05:21;33,0;OK;OK;OK;OK;0,002;24,058;5,103;2,665;3,279;4,967;1,688;4,957;8,967;8,991;14,971;14,990;19,960;19,989;8,468;8,663;19,870;5,103;2,654;3,268;4,967;1,688;5,057;8,962;8,997;14,971;15,000;19,954;19,994;8,468;8,663;20,011;2,649;23,930;OK
3073400591-00-W20-L2- 26 06G025-0002454;669;08:05:04;34,2;OK;OK;OK;OK;0,000;24,047;5,124;2,671;3,268;4,994;1,661;4,984;8,989;9,024;14,987;15,017;19,987;20,027;8,495;8,695;19,897;5,135;2,654;3,279;4,999;1,656;5,073;8,995;9,013;14,987;15,011;19,987;20,011;8,495;8,690;20,032;2,640;23,930;OK
3073400591-00-W20-L2- 26 06G025-0002334;669;08:05:47;33,2;OK;OK;OK;OK;0,000;24,058;5,113;2,660;3,257;4,989;1,699;4,946;8,984;8,986;14,987;14,990;19,970;19,989;8,490;8,690;19,864;5,124;2,649;3,262;4,989;1,694;5,079;8,984;9,013;14,987;15,017;19,965;20,000;8,484;8,684;20,016;2,646;23,930;OK
3073400591-00-W20-L2- 26 06G025-0002336;669;08:05:27;33,2;OK;OK;OK;OK;0,000;24,052;5,124;2,644;3,273;4,994;1,699;4,984;8,984;9,029;14,971;15,017;19,949;19,994;8,490;8,684;19,870;5,130;2,649;3,279;4,994;1,699;5,079;8,984;9,013;14,982;15,000;19,949;19,978;8,484;8,690;19,994;2,647;23,930;OK
3073400591-00-W20-L2- 26 06G025-0002339;669;08:05:07;33,2;OK;OK;OK;OK;0,000;24,047;5,124;2,671;3,257;4,994;1,710;4,984;8,995;9,029;14,998;15,033;19,981;20,022;8,495;8,695;19,902;5,135;2,676;3,251;4,994;1,715;5,079;8,995;9,019;14,998;15,017;19,976;20,005;8,495;8,690;20,027;2,652;23,981;OK
3073400591-00-W20-L2- 26 06G025-0002470;669;08:05:49;33,3;OK;OK;OK;OK;0,000;24,058;5,097;2,676;3,279;4,967;1,710;4,952;8,951;8,991;14,944;14,979;19,916;19,956;8,457;8,663;19,832;5,103;2,660;3,273;4,967;1,715;5,046;8,951;8,981;14,944;14,962;19,916;19,940;8,457;8,652;19,962;2,619;23,931;OK
3073400591-00-W20-L2- 26 06G025-0002324;669;08:05:29;33,1;OK;OK;OK;OK;0,000;24,058;5,113;2,671;3,257;4,983;1,639;4,973;8,984;9,013;14,987;15,022;19,981;20,016;8,484;8,679;19,897;5,119;2,649;3,284;4,983;1,634;5,073;8,984;9,008;14,987;15,011;19,976;20,011;8,479;8,684;20,032;2,630;23,930;OK
3073400591-00-W20-L2- 26 06G025-0002337;669;08:05:10;33,1;OK;OK;OK;OK;0,000;24,058;5,151;2,687;3,284;5,016;1,672;5,006;9,011;9,051;15,014;15,044;19,992;20,038;8,511;8,711;19,913;5,151;2,665;3,284;5,010;1,672;5,095;9,016;9,040;15,009;15,033;19,992;20,022;8,511;8,717;20,043;2,639;23,930;OK
3073400591-00-W20-L2- 26 06G025-0002458;669;08:05:52;33,3;OK;OK;OK;OK;0,000;24,047;5,119;2,644;3,279;4,983;1,677;4,979;8,978;9,024;14,971;15,011;19,965;20,005;8,479;8,679;19,886;5,124;2,671;3,268;4,989;1,666;5,079;8,978;9,013;14,971;15,006;19,960;20,000;8,473;8,673;20,011;2,633;23,930;OK
3073400591-00-W20-L2- 26 06G025-0002333;669;08:05:32;33,3;OK;OK;OK;OK;0,000;24,047;5,124;2,676;3,268;4,994;1,661;4,990;9,000;9,040;15,014;15,049;20,014;20,054;8,501;8,701;19,935;5,135;2,676;3,279;4,994;1,661;5,084;9,000;9,029;15,009;15,044;20,008;20,049;8,501;8,695;20,060;2,642;23,929;OK
3073400591-00-W20-L2- 26 06G025-0002323;669;08:05:12;33,2;OK;OK;OK;OK;0,000;24,047;5,141;2,644;3,262;5,010;1,634;5,001;9,000;9,035;14,987;15,022;19,970;20,016;8,506;8,706;19,891;5,146;2,644;3,257;5,010;1,628;5,095;8,995;9,024;14,987;15,011;19,976;20,005;8,506;8,706;20,022;2,627;23,929;OK
3073400591-00-W20-L2- 26 06G025-0002468;669;08:05:53;33,1;OK;OK;OK;OK;0,000;24,052;5,141;2,654;3,273;5,005;1,666;4,995;9,011;9,046;15,014;15,055;20,003;20,043;8,511;8,706;19,924;5,146;2,649;3,257;5,010;1,666;5,090;9,011;9,035;15,020;15,038;20,008;20,032;8,506;8,711;20,054;2,644;23,930;OK
3073400591-00-W20-L2- 26 06G025-0002321;669;08:05:32;33,1;OK;OK;OK;OK;0,000;24,047;5,119;2,665;3,262;4,983;1,661;4,968;8,978;9,008;14,971;15,006;19,949;19,989;8,479;8,673;19,864;5,124;2,649;3,268;4,983;1,661;5,068;8,978;9,002;14,966;14,990;19,943;19,973;8,479;8,679;19,989;2,616;23,929;OK
3073400591-00-W20-L2- 26 06G025-0002438;669;08:05:14;33,1;OK;OK;OK;OK;0,002;24,052;5,135;2,687;3,273;4,999;1,650;4,990;8,995;9,029;14,987;15,028;19,970;20,011;8,495;8,690;19,891;5,135;2,692;3,289;4,994;1,650;5,090;8,989;9,024;14,987;15,011;19,970;20,005;8,490;8,690;20,016;2,638;23,929;OK
3073400591-00-W20-L2- 26 06G025-0001702;669;08:05:54;33,7;OK;OK;OK;OK;0,000;24,058;5,086;2,665;3,268;4,961;1,721;4,957;8,967;9,008;14,955;14,995;19,938;19,989;8,468;8,668;19,853;5,092;2,682;3,284;4,956;1,721;5,041;8,967;8,991;14,955;14,979;19,938;19,973;8,468;8,668;19,989;2,624;23,929;OK
3073400591-00-W20-L2- 26 06G025-0002467;669;08:05:37;33,3;OK;OK;OK;OK;0,000;24,058;5,092;2,682;3,262;4,956;1,688;4,946;8,946;8,981;14,933;14,968;19,905;19,956;8,446;8,641;19,826;5,092;2,671;3,273;4,956;1,694;5,041;8,940;8,964;14,933;14,952;19,911;19,935;8,446;8,641;19,951;2,605;23,931;OK
3073400591-00-W20-L2- 26 06G025-0002442;669;08:05:18;33,1;OK;OK;OK;OK;0,000;24,058;5,141;2,682;3,257;5,010;1,656;5,001;9,000;9,040;15,009;15,038;19,992;20,032;8,506;8,706;19,913;5,146;2,676;3,273;5,010;1,661;5,090;9,005;9,029;15,009;15,028;19,998;20,022;8,506;8,701;20,038;2,627;23,941;OK
3073400591-00-W20-L2- 26 06G025-0002437;669;08:05:58;33,3;OK;OK;OK;OK;0,000;24,052;5,097;2,671;3,251;4,967;1,715;4,957;8,951;8,991;14,949;14,979;19,922;19,962;8,452;8,657;19,842;5,103;2,665;3,251;4,967;1,710;5,046;8,957;8,981;14,944;14,968;19,916;19,946;8,452;8,652;19,967;2,603;23,930;OK
3073400591-00-W20-L2- 26 06G025-0002440;669;08:05:41;33,2;OK;OK;OK;OK;0,000;24,052;5,108;2,644;3,268;4,967;1,721;4,957;8,957;9,002;14,955;14,984;19,932;19,973;8,457;8,657;19,853;5,103;2,654;3,262;4,967;1,732;5,041;8,962;8,981;14,955;14,973;19,932;19,962;8,463;8,663;19,973;2,607;23,931;OK
3073400591-00-W20-L2- 26 06G025-0002445;669;08:05:22;33,2;OK;OK;OK;OK;0,002;24,047;5,108;2,676;3,262;4,961;1,694;4,957;8,967;9,008;14,987;15,028;19,987;20,027;8,473;8,663;19,902;5,103;2,676;3,289;4,956;1,694;5,057;8,967;9,008;14,987;15,017;19,987;20,022;8,468;8,668;20,027;2,625;23,929;OK
3073400591-00-W20-L2- 26 06G025-0002319;669;08:05:02;33,0;OK;OK;OK;OK;0,000;24,052;5,124;2,687;3,279;4,989;1,656;4,990;8,978;9,024;14,976;15,017;19,965;20,011;8,484;8,684;19,891;5,124;2,671;3,262;4,989;1,656;5,079;8,978;9,008;14,976;15,000;19,965;20,000;8,484;8,684;20,022;2,612;23,930;OK
3073400591-00-W20-L2- 26 06G025-0002317;669;08:05:42;33,4;OK;OK;OK;OK;0,000;24,058;5,097;2,682;3,268;4,961;1,666;4,963;8,973;9,019;14,987;15,028;19,981;20,027;8,473;8,673;19,908;5,103;2,665;3,268;4,967;1,672;5,063;8,973;9,013;14,982;15,017;19,981;20,016;8,468;8,673;20,027;2,627;23,929;OK
3073400591-00-W20-L2- 26 06G025-0002328;669;08:05:23;33,2;OK;OK;OK;OK;0,000;24,052;5,092;2,665;3,268;4,951;1,704;4,957;8,946;8,991;14,922;14,957;19,894;19,940;8,452;8,652;19,821;5,086;2,649;3,262;4,956;1,710;5,046;8,946;8,986;14,917;14,952;19,894;19,935;8,452;8,652;19,946;2,611;23,931;OK
3073400591-00-W20-L2- 26 06G025-0001704;669;08:05:03;33,4;OK;OK;OK;OK;0,000;24,058;5,119;2,665;3,279;4,994;1,645;4,984;8,973;9,013;14,960;14,995;19,938;19,989;8,479;8,679;19,864;5,124;2,676;3,279;4,989;1,650;5,079;8,973;9,002;14,960;14,984;19,938;19,978;8,473;8,679;19,994;2,610;23,929;OK
3073400591-00-W20-L2- 26 06G025-0002466;669;08:05:43;33,1;OK;OK;OK;OK;0,000;24,063;5,141;2,660;3,262;5,005;1,645;5,001;9,000;9,051;15,009;15,044;19,992;20,038;8,501;8,706;19,913;5,135;2,660;3,289;5,005;1,639;5,095;9,000;9,035;15,004;15,033;19,992;20,027;8,506;8,706;20,043;2,653;23,927;OK
3073400591-00-W20-L2- 26 06G025-0002447;669;08:05:24;33,3;OK;OK;OK;OK;0,003;24,052;5,108;2,682;3,273;4,972;1,710;4,973;8,967;9,008;14,966;15,000;19,943;19,984;8,473;8,673;19,859;5,108;2,660;3,273;4,972;1,704;5,063;8,967;9,002;14,966;15,000;19,938;19,984;8,473;8,673;19,989;2,626;23,929;OK
3073400591-00-W20-L2- 26 06G025-0002441;669;08:05:52;21,7;OK;OK;OK;OK;0,001;24,058;5,130;2,638;3,262;4,994;1,650;4,990;8,995;9,035;14,998;15,033;19,987;20,027;8,490;8,695;19,897;5,135;2,638;3,262;5,146;1,650;5,296;-1,000;-1,000;-1,000;-1,000;-1,000;-1,000;-1,000;-1,000;-1,000;-1,000;-1,000;NOK
3073400591-00-W20-L2- 26 06G025-0002441;669;08:05:09;14,5;OK;OK;OK;OK;0,002;24,052;5,124;2,665;3,246;4,999;1,650;4,995;8,995;9,029;14,998;15,028;19,981;20,022;4,994;-1,000;-1,000;-1,000;-1,000;-1,000;-1,000;-1,000;-1,000;-1,000;-1,000;-1,000;-1,000;-1,000;-1,000;-1,000;-1,000;-1,000;-1,000;-1,000;NOK
3073400591-00-W20-L2- 26 06G025-0002461;669;08:05:34;14,1;OK;OK;OK;OK;0,000;24,058;5,124;2,687;3,273;4,989;1,715;4,984;8,978;9,019;14,971;15,006;19,954;19,989;4,989;-1,000;-1,000;-1,000;-1,000;-1,000;-1,000;-1,000;-1,000;-1,000;-1,000;-1,000;-1,000;-1,000;-1,000;-1,000;-1,000;-1,000;-1,000;-1,000;NOK
3073400591-00-W20-L2- 26 06G025-0001694;669;08:05:41;21,8;OK;OK;OK;OK;0,000;24,058;5,108;2,660;3,273;4,978;1,677;4,984;8,984;9,029;14,993;15,038;19,992;20,038;8,479;8,679;19,913;5,108;2,676;3,279;4,978;1,688;4,444;-1,000;-1,000;-1,000;-1,000;-1,000;-1,000;-1,000;-1,000;-1,000;-1,000;-1,000;NOK
3073400591-00-W20-L2- 26 06G025-0002461;669;08:05:24;33,1;OK;OK;OK;OK;0,000;24,052;5,113;2,660;3,284;4,989;1,726;4,990;8,984;9,024;14,971;15,017;19,960;20,011;8,484;8,684;19,880;5,124;2,692;3,279;4,989;1,721;5,079;8,984;9,013;14,976;15,006;19,954;19,989;8,479;8,690;20,005;2,656;23,928;OK
3073400591-00-W20-L2- 26 06G025-0001694;669;08:05:03;33,1;OK;OK;OK;OK;0,000;24,058;5,108;2,676;3,257;4,978;1,677;4,979;8,984;9,029;14,993;15,038;19,987;20,038;8,484;8,684;19,908;5,108;2,654;3,279;4,978;1,677;5,068;8,984;9,019;14,993;15,028;19,992;20,032;8,484;8,684;20,038;2,639;23,928;OK
3073400591-00-W20-L2- 26 06G025-0002448;669;08:05:26;14,1;OK;OK;OK;OK;0,000;24,052;5,119;2,671;3,251;4,983;1,677;4,984;8,973;9,019;14,955;14,990;19,927;19,973;4,989;-1,000;-1,000;-1,000;-1,000;-1,000;-1,000;-1,000;-1,000;-1,000;-1,000;-1,000;-1,000;-1,000;-1,000;-1,000;-1,000;-1,000;-1,000;-1,000;NOK
3073400591-00-W20-L2- 26 06G025-0002444;669;08:05:33;33,2;OK;OK;OK;OK;0,000;24,052;5,113;2,665;3,262;4,983;1,672;4,973;8,978;9,019;14,976;15,011;19,965;20,005;8,479;8,679;19,886;5,119;2,676;3,268;4,978;1,672;5,068;8,978;9,008;14,982;15,006;19,965;20,005;8,479;8,679;20,011;2,641;23,928;OK
3073400591-00-W20-L2- 26 06G025-0002448;669;08:05:12;33,1;OK;OK;OK;OK;0,000;24,063;5,130;2,676;3,268;4,983;1,683;4,979;8,967;9,013;14,949;14,990;19,922;19,962;8,479;8,673;19,842;5,124;2,671;3,251;5,135;1,677;5,068;8,973;8,991;14,949;14,973;19,922;19,951;8,473;8,679;19,967;2,630;23,928;OK
3073400591-00-W20-L2- 26 06G025-0002439;669;08:05:52;33,1;OK;OK;OK;OK;0,000;24,052;5,135;2,665;3,268;5,005;1,699;5,001;8,984;9,024;14,982;15,011;19,960;19,994;8,473;8,684;19,870;5,141;2,682;3,262;4,999;1,694;5,090;8,978;9,013;14,976;15,000;19,949;19,978;8,484;8,679;20,000;2,625;23,927;OK
3073400591-00-W20-L2- 26 06G025-0001696;669;08:05:34;33,1;OK;OK;OK;OK;0,000;24,052;5,113;2,671;3,257;4,978;1,694;4,984;8,978;9,029;14,976;15,022;19,960;20,005;8,479;8,684;19,875;5,119;2,649;3,279;4,983;1,694;5,073;8,978;9,013;14,976;15,011;19,954;19,989;8,479;8,684;20,000;2,638;23,927;OK
3073400591-00-W20-L2- 26 06G025-0002443;669;08:05:15;33,3;OK;OK;OK;OK;0,000;24,058;5,097;2,676;3,268;4,951;1,656;4,957;8,973;9,019;14,982;15,017;19,970;20,011;8,473;8,679;19,891;5,092;2,676;3,295;4,956;1,656;5,035;8,967;8,997;14,976;14,995;19,965;19,989;8,473;8,673;20,016;2,648;23,927;OK
3073400591-00-W20-L2- 26 06G025-0001693;669;08:05:55;33,2;OK;OK;OK;OK;0,000;24,058;5,135;2,649;3,284;5,005;1,688;5,001;9,005;9,046;15,009;15,049;19,998;20,038;8,506;8,706;19,913;5,141;2,660;3,279;5,005;1,688;5,084;9,005;9,029;15,009;15,028;19,992;20,022;8,511;8,711;20,043;2,653;23,927;OK
3073400591-00-W20-L2- 26 06G025-0002471;669;08:05:36;33,9;OK;OK;OK;OK;0,000;24,058;5,108;2,682;3,284;4,972;1,650;4,973;8,967;9,008;14,955;14,995;19,932;19,978;8,463;8,663;19,859;5,113;2,682;3,273;4,978;1,656;5,057;8,957;8,986;14,955;14,973;19,927;19,967;8,463;8,668;19,984;2,622;23,929;OK
3073400591-00-W20-L2- 26 06G025-0001695;669;08:05:16;33,7;OK;OK;OK;OK;0,000;24,058;5,124;2,660;3,289;4,989;1,721;4,973;8,984;9,024;14,987;15,022;19,976;20,016;8,484;8,684;19,897;5,119;2,654;3,268;4,989;1,721;5,063;8,984;9,008;14,987;15,006;19,970;20,005;8,484;8,684;20,022;2,629;23,927;OK
3073400591-00-W20-L2- 26 06G025-0002464;669;08:05:56;33,3;OK;OK;OK;OK;0,000;24,052;5,086;2,682;3,268;4,956;1,672;4,952;8,951;8,986;14,933;14,962;19,905;19,946;8,452;8,646;19,821;5,097;2,676;3,284;4,961;1,672;5,041;8,946;8,975;14,928;14,952;19,905;19,929;8,452;8,646;19,946;2,606;23,929;OK
3073400591-00-W20-L2- 26 06G025-0002465;669;08:05:35;33,3;OK;OK;OK;OK;0,000;24,052;5,119;2,665;3,268;4,972;1,656;4,973;8,962;9,002;14,944;14,990;19,922;19,962;8,463;8,663;19,842;5,108;2,665;3,251;4,972;1,650;5,057;8,967;8,986;14,949;14,973;19,916;19,951;8,463;8,663;19,962;2,619;23,929;OK
3073400591-00-W20-L2- 26 06G025-0001703;669;08:05:15;33,1;OK;OK;OK;OK;0,000;24,058;5,119;2,665;3,257;4,994;1,666;4,979;8,978;9,013;14,966;14,995;19,938;19,978;8,479;8,679;19,859;5,130;2,671;3,257;4,994;1,656;5,068;8,978;9,002;14,960;14,979;19,938;19,967;8,479;8,679;19,989;2,623;23,928;OK
3073400591-00-W20-L2- 26 06G025-0002472;669;08:05:55;33,2;OK;OK;OK;OK;0,000;24,047;5,103;2,671;3,262;4,978;1,672;4,973;8,951;9,002;14,938;14,973;19,900;19,951;8,457;8,657;19,826;5,113;2,682;3,251;4,972;1,666;5,068;8,962;8,991;14,933;14,957;19,905;19,935;8,457;8,663;19,951;2,616;23,928;OK
3073400591-00-W20-L2- 26 06G025-0001701;669;09:05:34;33,2;OK;OK;OK;OK;0,000;24,058;5,141;2,671;3,262;4,994;1,666;4,990;8,989;9,035;14,993;15,033;19,987;20,032;8,495;8,695;19,913;5,130;2,676;3,279;4,994;1,666;5,084;8,989;9,019;14,998;15,017;19,987;20,016;8,490;8,695;20,032;2,616;23,927;OK
3073400591-00-W20-L2- 26 06G025-0002469;669;09:05:15;33,3;OK;OK;OK;OK;0,000;24,052;5,124;2,671;3,257;4,989;1,715;4,984;8,984;9,019;14,976;15,011;19,943;19,984;8,484;8,690;19,859;5,130;2,654;3,268;4,994;1,710;5,073;8,984;9,002;14,976;14,990;19,943;19,967;8,484;8,690;19,984;2,623;23,928;OK
3073400591-00-W20-L2- 26 06G025-0002463;669;09:05:57;33,2;OK;OK;OK;OK;0,000;24,052;5,130;2,671;3,289;4,994;1,666;4,990;8,973;9,013;14,955;14,990;19,927;19,962;8,479;8,679;19,848;5,130;2,654;3,284;4,999;1,666;5,084;8,973;9,008;14,955;14,979;19,922;19,967;8,479;8,679;19,978;2,599;23,928;OK
3073400591-00-W20-L2- 26 06G025-0002315;669;09:05:36;33,1;OK;OK;OK;OK;0,000;24,052;5,086;2,676;3,262;4,951;1,645;4,952;8,962;9,002;14,955;14,995;19,960;20,000;8,463;8,657;19,870;5,092;2,654;3,251;4,951;1,645;5,046;8,957;8,997;14,960;14,984;19,949;19,989;8,457;8,663;20,000;2,639;23,927;OK
3073400591-00-W20-L2- 26 06G025-0002302;669;09:05:15;33,2;OK;OK;OK;OK;0,000;24,058;5,108;2,682;3,273;4,972;1,710;4,963;8,957;8,981;14,928;14,962;19,900;19,929;8,457;8,652;19,810;5,103;2,682;3,262;4,967;1,710;5,057;8,951;8,975;14,922;14,941;19,889;19,918;8,452;8,652;19,935;2,612;23,929;OK
3073400591-00-W20-L2- 26 06G025-0001652;669;09:05:55;33,2;OK;OK;OK;OK;0,000;24,058;5,097;2,676;3,262;4,967;1,694;4,963;8,978;9,019;14,998;15,038;19,992;20,043;8,473;8,679;19,913;5,108;2,654;3,289;4,967;1,699;5,052;8,978;9,002;14,993;15,022;19,998;20,032;8,479;8,673;20,043;2,635;23,927;OK
3073400591-00-W20-L2- 26 06G025-0002301;669;09:05:35;33,2;OK;OK;OK;OK;0,000;24,058;5,103;2,671;3,279;4,978;1,694;4,968;8,957;9,002;14,933;14,973;19,905;19,951;8,463;8,663;19,821;5,108;2,687;3,268;4,978;1,694;5,057;8,957;8,986;14,938;14,957;19,905;19,935;8,463;8,663;19,946;2,597;23,929;OK
3073400591-00-W20-L2- 26 06G025-0002304;669;09:05:15;33,1;OK;OK;OK;OK;0,000;24,042;5,108;2,671;3,257;4,967;1,683;4,963;8,967;9,002;14,960;14,995;19,949;19,984;8,463;8,663;19,870;5,103;2,660;3,279;4,967;1,683;5,057;8,967;8,997;14,960;14,995;19,943;19,978;8,468;8,663;19,989;2,607;23,928;OK
3073400591-00-W20-L2- 26 06G025-0002301;669;09:05:55;33,2;OK;OK;OK;OK;0,000;24,047;5,092;2,671;3,273;4,972;1,683;4,968;8,951;8,991;14,928;14,968;19,894;19,940;8,457;8,652;19,821;5,108;2,676;3,268;4,972;1,683;5,063;8,951;8,986;14,928;14,957;19,900;19,935;8,457;8,657;19,946;2,608;23,929;OK
3073400591-00-W20-L2- 26 06G025-0002294;669;09:05:41;33,3;OK;OK;OK;OK;0,002;24,052;5,119;2,660;3,268;4,994;1,645;4,979;8,967;9,013;14,971;15,011;19,965;20,005;8,468;8,668;19,880;5,130;2,676;3,262;4,994;1,650;5,079;8,967;8,997;14,971;15,000;19,965;20,000;8,473;8,668;20,011;2,606;23,928;OK
3073400591-00-W20-L2- 26 06G025-0002299;669;09:05:21;33,3;OK;OK;OK;OK;0,000;24,058;5,135;2,671;3,251;4,989;1,672;4,990;8,989;9,024;14,971;15,011;19,954;19,994;8,479;8,684;19,870;5,135;2,649;3,273;4,989;1,677;5,073;8,984;9,008;14,966;14,990;19,949;19,978;8,484;8,679;20,000;2,615;23,928;OK
3073400591-00-W20-L2- 26 06G025-0002310;669;09:05:08;3,9;OK;OK;OK;OK;0,000;24,058;3,045;-1,000;-1,000;-1,000;-1,000;-1,000;-1,000;-1,000;-1,000;-1,000;-1,000;-1,000;-1,000;-1,000;-1,000;-1,000;-1,000;-1,000;-1,000;-1,000;-1,000;-1,000;-1,000;-1,000;-1,000;-1,000;-1,000;-1,000;-1,000;-1,000;-1,000;-1,000;NOK
3073400591-00-W20-L2- 26 06G025-0002293;669;09:05:02;33,1;OK;OK;OK;OK;0,000;24,047;5,097;2,665;3,251;4,967;1,639;4,963;8,967;9,002;14,966;15,000;19,954;20,000;8,468;8,663;19,875;5,103;2,671;3,257;4,967;1,639;5,057;8,962;8,997;14,960;14,995;19,954;19,989;8,463;8,663;20,005;2,623;23,928;OK
3073400591-00-W20-L2- 26 06G025-0002441;669;09:05:23;14,2;OK;OK;OK;OK;0,003;24,047;5,135;2,665;3,262;5,146;1,645;4,990;8,995;9,035;14,998;15,033;19,981;20,022;4,994;-1,000;-1,000;-1,000;-1,000;-1,000;-1,000;-1,000;-1,000;-1,000;-1,000;-1,000;-1,000;-1,000;-1,000;-1,000;-1,000;-1,000;-1,000;-1,000;NOK
3073400591-00-W20-L2- 26 06G025-0003367;669;09:05:26;33,1;OK;OK;OK;OK;0,000;24,052;5,097;2,665;3,251;4,961;1,645;4,963;8,951;8,997;14,944;14,979;19,911;19,956;8,457;8,657;19,832;5,097;2,649;3,268;4,961;1,634;5,057;8,951;8,986;14,944;14,968;19,911;19,946;8,457;8,652;19,962;2,605;23,928;OK
3073400591-00-W20-L2- 26 06G025-0003368;669;09:05:06;33,1;OK;OK;OK;OK;0,000;24,052;5,124;2,660;3,251;4,989;1,704;4,990;9,000;9,040;15,004;15,038;19,992;20,043;8,495;8,701;19,918;5,130;2,665;3,257;4,989;1,710;5,084;8,995;9,029;14,998;15,028;19,998;20,032;8,495;8,701;20,038;2,645;23,927;OK
3073400591-00-W20-L2- 26 06G025-0003346;669;09:05:47;33,6;OK;OK;OK;OK;0,000;24,052;5,141;2,687;3,268;5,010;1,677;5,001;9,005;9,040;14,993;15,028;19,965;20,005;8,501;8,701;19,880;5,146;2,671;3,284;5,016;1,683;5,101;9,005;9,040;14,993;15,022;19,965;20,000;8,501;8,706;20,016;2,629;23,927;OK
3073400591-00-W20-L2- 26 06G025-0003366;669;09:05:31;33,2;OK;OK;OK;OK;0,000;24,052;5,141;2,682;3,279;5,010;1,710;5,001;9,011;9,046;15,014;15,049;19,998;20,043;8,517;8,711;19,918;5,146;2,665;3,289;5,010;1,710;5,095;9,016;9,040;15,014;15,044;20,003;20,032;8,511;8,711;20,043;2,648;23,927;OK
3073400591-00-W20-L2- 26 06G025-0003364;669;09:05:12;33,2;OK;OK;OK;OK;0,000;24,047;5,097;2,644;3,268;4,951;1,645;4,946;8,957;8,997;14,971;15,000;19,965;20,000;8,457;8,657;19,880;5,097;2,654;3,268;4,956;1,645;5,046;8,957;8,986;14,971;14,990;19,960;19,989;8,463;8,657;20,011;2,632;23,926;OK
3073400591-00-W20-L2- 26 06G025-0003343;669;09:05:04;33,3;OK;OK;OK;OK;0,000;24,047;5,108;2,665;3,279;4,983;1,634;4,973;8,973;9,008;14,960;14,995;19,932;19,967;8,473;8,668;19,853;5,113;2,665;3,284;4,983;1,639;5,063;8,967;9,002;14,955;14,979;19,932;19,962;8,473;8,673;19,978;2,625;23,927;OK
3073400591-00-W20-L2- 26 06G025-0002560;669;09:05:47;33,2;OK;OK;OK;OK;0,000;24,058;5,097;2,671;3,251;4,972;1,704;4,968;8,962;8,991;14,944;14,984;19,927;19,962;8,463;8,657;19,848;5,108;2,654;3,279;4,972;1,704;5,057;8,962;8,986;14,944;14,968;19,927;19,951;8,463;8,668;19,967;2,650;23,926;OK
3073400591-00-W20-L2- 26 06G025-0002557;669;09:05:28;33,2;OK;OK;OK;OK;0,000;24,063;5,103;2,682;3,273;4,961;1,683;4,963;8,957;8,997;14,949;14,990;19,922;19,962;8,452;8,652;19,842;5,097;2,660;3,251;4,961;1,683;5,052;8,957;8,986;14,949;14,973;19,927;19,967;8,457;8,657;19,978;2,635;23,928;OK
3073400591-00-W20-L2- 26 06G025-0002481;669;09:05:08;33,0;OK;OK;OK;OK;0,000;24,058;5,119;2,660;3,289;4,972;1,683;4,963;8,978;9,019;14,987;15,022;19,981;20,022;8,484;8,679;19,902;5,113;2,687;3,268;4,972;1,677;5,063;8,978;9,008;14,993;15,017;19,976;20,011;8,484;8,679;20,032;2,650;23,927;OK
3073400591-00-W20-L2- 26 06G025-0002474;669;09:05:41;14,1;OK;OK;OK;OK;0,000;24,047;5,130;2,649;3,257;5,010;1,666;4,995;9,005;9,046;15,009;15,038;19,992;20,038;5,005;-1,000;-1,000;-1,000;-1,000;-1,000;-1,000;-1,000;-1,000;-1,000;-1,000;-1,000;-1,000;-1,000;-1,000;-1,000;-1,000;-1,000;-1,000;-1,000;NOK
3073400591-00-W20-L2- 26 06G025-0002482;669;09:05:27;33,0;OK;OK;OK;OK;0,000;24,052;5,119;2,671;3,279;4,978;1,672;4,973;8,984;9,024;14,998;15,038;19,992;20,027;8,479;8,684;19,908;5,119;2,665;3,279;4,978;1,672;5,068;8,984;9,019;14,998;15,028;19,987;20,027;8,484;8,684;20,032;2,670;23,926;OK
3073400591-00-W20-L2- 26 06G025-0002484;669;09:05:08;33,1;OK;OK;OK;OK;0,000;24,052;5,092;2,665;3,262;4,951;1,699;4,952;8,946;8,991;14,949;14,995;19,943;19,994;8,452;8,652;19,864;5,092;2,660;3,279;4,956;1,694;5,035;8,951;8,975;14,955;14,973;19,938;19,973;8,452;8,652;19,989;2,655;23,928;OK
3073400591-00-W20-L2- 26 06G025-0002474;669;09:05:49;33,2;OK;OK;OK;OK;0,000;24,042;5,130;2,660;3,268;5,005;1,661;5,001;9,000;9,035;15,004;15,044;19,992;20,038;8,501;8,706;19,913;5,141;2,676;3,251;5,005;1,661;5,090;9,000;9,029;15,009;15,028;19,992;20,032;8,506;8,706;20,043;2,625;23,926;OK
3073400591-00-W20-L2- 26 06G025-0002479;669;09:05:34;33,1;OK;OK;OK;OK;0,000;24,047;5,113;2,654;3,251;4,978;1,650;4,973;8,962;9,013;14,955;15,000;19,932;19,978;8,468;8,668;19,848;5,113;2,654;3,268;4,972;1,656;5,068;8,967;8,997;14,960;14,979;19,938;19,962;8,473;8,668;19,973;2,616;23,928;OK
3073400591-00-W20-L2- 26 06G025-0002478;669;09:05:14;33,2;OK;OK;OK;OK;0,000;24,052;5,108;2,682;3,289;4,972;1,688;4,968;8,973;9,013;14,976;15,006;19,960;19,994;8,473;8,668;19,875;5,108;2,682;3,284;4,972;1,677;5,052;8,967;8,991;14,976;14,979;19,960;19,978;8,473;8,668;20,005;2,627;23,927;OK
3073400591-00-W20-L2- 26 06G025-0002483;669;09:05:54;33,3;OK;OK;OK;OK;0,000;24,052;5,119;2,649;3,257;4,994;1,688;4,984;8,973;9,013;14,949;14,990;19,922;19,967;8,479;8,679;19,842;5,130;2,671;3,262;4,989;1,683;5,079;8,973;8,997;14,955;14,973;19,927;19,951;8,473;8,679;19,973;2,640;23,927;OK
3073400591-00-W20-L2- 26 06G025-0002480;669;09:05:40;33,3;OK;OK;OK;OK;0,000;24,058;5,119;2,649;3,273;4,989;1,639;4,990;8,973;9,013;14,960;14,995;19,938;19,978;8,473;8,679;19,853;5,124;2,676;3,268;4,989;1,645;5,079;8,973;8,997;14,960;14,979;19,938;19,956;8,473;8,679;19,984;2,627;23,928;OK
3073400591-00-W20-L2- 26 06G025-0002475;669;09:05:13;33,1;OK;OK;OK;OK;0,002;24,058;5,103;2,649;3,273;4,972;1,688;4,963;8,973;9,008;14,976;15,006;19,949;19,989;8,473;8,668;19,864;5,108;2,671;3,251;4,972;1,688;5,057;8,973;8,997;14,971;14,995;19,949;19,978;8,473;8,673;19,994;2,634;23,926;OK
3073400591-00-W20-L2- 26 06G025-0002473;669;09:05:53;33,1;OK;OK;OK;OK;0,000;24,058;5,103;2,660;3,273;4,956;1,656;4,957;8,951;8,991;14,944;14,984;19,927;19,973;8,457;8,652;19,853;5,097;2,676;3,284;4,961;1,656;5,041;8,957;8,970;14,944;14,957;19,932;19,956;8,452;8,652;19,978;2,636;23,926;OK
3073400591-00-W20-L2- 26 06G025-0002477;669;09:05:32;33,1;OK;OK;OK;OK;0,002;24,052;5,135;2,682;3,262;5,005;1,704;5,001;8,984;9,029;14,971;15,000;19,938;19,978;8,490;8,690;19,859;5,141;2,671;3,268;5,005;1,704;5,079;8,989;9,002;14,960;14,979;19,938;19,962;8,490;8,695;19,984;2,626;23,928;OK
3073400591-00-W20-L2- 26 06G025-0002476;669;09:05:18;33,2;OK;OK;OK;OK;0,000;24,047;5,146;2,654;3,262;5,010;1,694;5,006;8,995;9,035;14,998;15,033;19,998;20,043;8,490;8,695;19,918;5,146;2,676;3,279;5,016;1,688;5,090;8,995;9,002;14,993;15,000;19,998;20,016;8,495;8,690;20,043;2,648;23,925;OK
3073400591-00-W20-L2- 26 06G025-0000402;669;09:05:33;9,4;OK;OK;OK;OK;0,000;24,052;5,059;2,687;3,289;4,961;1,699;4,289;-1,000;-1,000;-1,000;-1,000;-1,000;-1,000;-1,000;-1,000;-1,000;-1,000;-1,000;-1,000;-1,000;-1,000;-1,000;-1,000;-1,000;-1,000;-1,000;-1,000;-1,000;-1,000;-1,000;-1,000;-1,000;-1,000;NOK
3073400591-00-W20-L2- 26 06G025-0000402;669;09:05:53;9,5;OK;OK;OK;OK;0,001;24,052;5,059;2,682;3,284;4,956;1,699;4,289;-1,000;-1,000;-1,000;-1,000;-1,000;-1,000;-1,000;-1,000;-1,000;-1,000;-1,000;-1,000;-1,000;-1,000;-1,000;-1,000;-1,000;-1,000;-1,000;-1,000;-1,000;-1,000;-1,000;-1,000;-1,000;-1,000;NOK
3073400591-00-W20-L2- 26 06G025-0000399;669;09:05:58;33,0;OK;OK;OK;OK;0,000;24,052;5,119;2,660;3,279;4,978;1,688;4,973;8,978;9,019;14,987;15,028;19,981;20,022;8,479;8,684;19,897;5,124;2,687;3,279;4,989;1,683;5,063;8,978;9,002;14,987;15,011;19,981;20,011;8,479;8,684;20,032;2,639;23,927;OK
3073400591-00-W20-L2- 26 06G025-0000402;669;09:05:39;33,6;OK;OK;OK;OK;0,000;24,058;5,113;2,654;3,273;4,967;1,699;4,952;8,957;8,986;14,949;14,979;19,932;19,967;8,457;8,657;19,848;5,103;2,682;3,268;4,961;1,699;5,046;8,957;8,981;14,949;14,968;19,938;19,962;8,457;8,657;19,978;2,625;23,927;OK
3073400591-00-W20-L2- 26 06G025-0000397;669;09:05:18;33,2;OK;OK;OK;OK;0,000;24,047;5,108;2,671;3,257;4,978;1,715;4,963;8,978;9,019;14,998;15,033;19,992;20,038;8,484;8,679;19,908;5,108;2,644;3,246;4,978;1,710;5,046;8,984;8,997;14,993;15,006;19,992;20,011;8,479;8,684;20,038;2,629;23,926;OK
3073400591-00-W20-L2- 26 06G025-0000408;669;09:05:59;33,3;OK;OK;OK;OK;0,001;24,047;5,119;2,660;3,284;4,967;1,715;4,963;8,962;8,997;14,949;14,979;19,922;19,962;8,463;8,663;19,842;5,108;2,682;3,284;4,972;1,710;5,057;8,957;8,981;14,944;14,962;19,922;19,951;8,463;8,663;19,973;2,620;23,928;OK
3073400591-00-W20-L2- 26 06G025-0000424;669;09:05:40;33,1;OK;OK;OK;OK;0,000;24,052;5,124;2,660;3,262;4,994;1,666;4,984;8,984;9,024;14,971;15,006;19,938;19,984;8,484;8,684;19,853;5,130;2,682;3,262;4,994;1,666;5,073;8,978;9,008;14,971;14,990;19,938;19,967;8,484;8,684;19,984;2,617;23,928;OK
3073400591-00-W20-L2- 26 06G025-0000405;669;09:05:21;33,2;OK;OK;OK;OK;0,000;24,052;5,130;2,671;3,257;4,994;1,666;4,990;8,989;9,035;14,982;15,017;19,960;20,000;8,490;8,690;19,880;5,135;2,649;3,257;4,994;1,666;5,063;8,989;8,997;14,987;14,984;19,960;19,978;8,490;8,690;20,011;2,636;23,926;OK
;669;09:05:34;2,2;NON TESTE;NON TESTE;NON TESTE;NON TESTE;-1,000;-1,000;-1,000;-1,000;-1,000;-1,000;-1,000;-1,000;-1,000;-1,000;-1,000;-1,000;-1,000;-1,000;-1,000;-1,000;-1,000;-1,000;-1,000;-1,000;-1,000;-1,000;-1,000;-1,000;-1,000;-1,000;-1,000;-1,000;-1,000;-1,000;-1,000;-1,000;-1,000;-1,000;NOK
3073400591-00-W20-L2- 26 06G025-0000406;669;09:05:19;33,8;OK;OK;OK;OK;0,000;24,047;5,130;2,676;3,284;4,989;1,688;4,990;8,984;9,029;14,982;15,022;19,960;20,000;8,490;8,690;19,880;5,124;2,654;3,279;4,989;1,683;5,068;8,984;8,997;14,976;14,995;19,960;19,984;8,484;8,690;20,005;2,650;23,926;OK
3073400591-00-W20-L2- 26 06G025-0000398;669;09:05:59;33,9;OK;OK;OK;OK;0,000;24,052;5,146;2,671;3,262;4,999;1,628;5,006;8,989;9,029;14,971;15,006;19,938;19,984;8,490;8,690;19,853;5,135;2,665;3,289;5,010;1,639;5,090;8,989;9,008;14,966;14,984;19,938;19,962;8,495;8,695;19,984;2,613;23,927;OK
3073400591-00-W20-L2- 26 06G025-0000430;669;09:05:16;8,9;OK;OK;OK;OK;0,000;24,052;5,141;2,649;3,257;5,157;0,581;-1,000;-1,000;-1,000;-1,000;-1,000;-1,000;-1,000;-1,000;-1,000;-1,000;-1,000;-1,000;-1,000;-1,000;-1,000;-1,000;-1,000;-1,000;-1,000;-1,000;-1,000;-1,000;-1,000;-1,000;-1,000;-1,000;-1,000;NOK
3073400591-00-W20-L2- 26 06G025-0000430;669;09:05:51;33,1;OK;OK;OK;OK;0,000;24,042;5,146;2,654;3,262;5,010;1,677;5,001;9,000;9,035;14,982;15,017;19,976;20,011;8,506;8,701;19,891;5,146;2,665;3,251;5,005;1,672;5,090;9,000;9,019;14,982;15,000;19,970;19,994;8,495;8,701;20,022;2,648;23,927;OK
3073400591-00-W20-L2- 26 06G025-0000407;669;09:05:31;33,3;OK;OK;OK;OK;0,000;24,063;5,146;2,671;3,284;5,005;1,672;5,001;9,005;9,040;14,993;15,028;19,970;20,005;8,506;8,701;19,886;5,146;2,687;3,268;5,010;1,666;5,079;9,005;9,013;14,987;15,000;19,970;19,978;8,506;8,706;20,016;2,636;23,927;OK
3073400591-00-W20-L2- 26 06G025-0000401;669;09:05:10;33,1;OK;OK;OK;OK;0,000;24,052;5,119;2,665;3,273;4,994;1,672;4,984;8,978;9,013;14,971;15,000;19,938;19,989;8,479;8,684;19,859;5,130;2,682;3,262;4,994;1,672;5,063;8,973;8,991;14,966;14,973;19,938;19,962;8,479;8,679;19,989;2,628;23,928;OK
3073400591-00-W20-L2- 26 06G025-0000404;669;09:05:51;33,5;OK;OK;OK;OK;0,000;24,047;5,092;2,671;3,279;4,956;1,704;4,952;8,946;8,981;14,938;14,968;19,922;19,956;8,457;8,652;19,832;5,092;2,676;3,262;4,961;1,704;5,019;8,951;8,943;14,933;14,930;19,916;19,918;8,452;8,646;19,962;2,608;23,928;OK
3073400591-00-W20-L2- 26 06G025-0000403;669;09:05:30;33,3;OK;OK;OK;OK;0,000;24,047;5,092;2,665;3,246;4,961;1,672;4,946;8,940;8,975;14,922;14,952;19,894;19,929;8,446;8,641;19,804;5,092;2,660;3,251;4,956;1,666;5,014;8,935;8,937;14,917;14,919;19,889;19,897;8,441;8,641;19,935;2,600;23,929;OK
3073400591-00-W20-L2- 26 06G025-0000400;669;09:05:12;33,2;OK;OK;OK;OK;0,000;24,058;5,135;2,682;3,273;5,005;1,661;4,995;9,000;9,035;14,993;15,028;19,970;20,016;8,501;8,701;19,891;5,146;2,687;3,284;5,010;1,656;5,079;9,000;9,013;14,998;15,006;19,970;19,994;8,501;8,701;20,022;2,640;23,925;OK
3073400591-00-W20-L2- 26 06G025-0000429;669;09:05:37;17,9;OK;OK;OK;OK;0,000;24,052;5,124;2,660;3,257;4,978;1,699;4,979;8,973;9,019;14,976;15,017;19,960;20,000;8,479;8,679;19,880;5,119;2,649;0,635;-1,000;-1,000;-1,000;-1,000;-1,000;-1,000;-1,000;-1,000;-1,000;-1,000;-1,000;-1,000;-1,000;-1,000;NOK
3073400591-00-W20-L2- 26 06G025-0000432;669;09:05:27;33,6;OK;OK;OK;OK;0,000;24,047;5,108;2,665;3,257;4,972;1,645;4,957;8,973;9,002;14,971;15,000;19,954;19,989;8,468;8,668;19,864;5,113;2,660;3,262;4,972;1,645;5,052;8,967;8,986;14,971;14,979;19,960;19,973;8,468;8,673;20,011;2,622;23,927;OK
3073400591-00-W20-L2- 26 06G025-0000425;669;09:05:06;33,2;OK;OK;OK;OK;0,000;24,047;5,113;2,682;3,289;4,983;1,672;4,979;8,978;9,019;14,971;15,006;19,949;19,994;8,479;8,679;19,870;5,113;2,682;3,268;4,983;1,661;5,073;8,978;9,002;14,966;14,990;19,954;19,978;8,479;8,679;19,994;2,619;23,926;OK
3073400591-00-W20-L2- 26 06G025-0000427;669;09:05:54;33,1;OK;OK;OK;OK;0,000;24,063;5,146;2,671;3,279;5,010;1,656;5,006;9,005;9,046;14,998;15,038;19,981;20,016;8,511;8,711;19,897;5,151;2,682;3,262;5,010;1,656;5,095;9,005;9,024;14,998;15,017;19,981;20,005;8,511;8,711;20,027;2,645;23,926;OK
3073400591-00-W20-L2- 26 06G025-0000428;669;09:05:36;33,1;OK;OK;OK;OK;0,001;24,047;5,103;2,654;3,279;4,978;1,688;4,968;8,962;8,997;14,949;14,979;19,927;19,973;8,468;8,668;19,848;5,113;2,682;3,251;4,978;1,688;5,068;8,967;8,991;14,949;14,968;19,932;19,956;8,468;8,668;19,978;2,621;23,927;OK
3073400591-00-W20-L2- 26 06G025-0000431;669;09:05:15;33,0;OK;OK;OK;OK;0,000;24,058;5,103;2,649;3,279;4,983;1,645;4,789;8,984;8,850;14,987;14,848;19,981;19,859;8,484;8,684;19,745;5,124;2,649;3,268;4,983;1,650;5,063;8,984;9,002;14,982;15,000;19,976;19,989;8,484;8,684;20,022;2,629;23,927;OK
3073400591-00-W20-L2- 26 06G025-0000423;669;09:05:55;33,1;OK;OK;OK;OK;0,000;24,042;5,103;2,660;3,268;4,967;1,672;4,963;8,967;9,002;14,976;15,011;19,960;20,000;8,473;8,668;19,875;5,108;2,665;3,257;4,967;1,666;5,057;8,967;8,997;14,971;15,000;19,960;19,989;8,473;8,668;20,011;2,634;23,927;OK
3073400591-00-W20-L2- 26 06G025-0000072;669;09:05:36;33,2;OK;OK;OK;OK;0,000;24,047;5,151;2,660;3,279;5,021;1,699;5,017;9,005;9,046;15,014;15,055;20,014;20,049;8,506;8,706;19,924;5,157;2,682;3,273;5,021;1,699;5,106;9,011;9,035;15,014;15,044;20,014;20,043;8,511;8,706;20,060;2,649;23,925;OK
3073400591-00-W20-L2- 26 06G025-0000066;669;09:05:15;33,1;OK;OK;OK;OK;0,000;24,058;5,113;2,676;3,289;4,978;1,683;4,973;8,978;9,024;14,987;15,028;19,970;20,016;8,479;8,684;19,891;5,113;2,682;3,279;4,978;1,672;5,063;8,978;9,002;14,987;15,006;19,970;19,994;8,479;8,679;20,011;2,653;23,969;OK
3073400591-00-W20-L2- 26 06G025-0000062;669;09:05:55;33,3;OK;OK;OK;OK;0,000;24,042;5,124;2,649;3,273;4,994;1,661;4,979;8,984;9,013;14,976;15,006;19,965;20,000;8,484;8,684;19,875;5,130;2,682;3,257;4,994;1,666;5,073;8,989;9,002;14,982;14,995;19,965;19,989;8,490;8,684;20,011;2,662;23,925;OK
;669;09:05:04;2,2;NON TESTE;NON TESTE;NON TESTE;NON TESTE;-1,000;-1,000;-1,000;-1,000;-1,000;-1,000;-1,000;-1,000;-1,000;-1,000;-1,000;-1,000;-1,000;-1,000;-1,000;-1,000;-1,000;-1,000;-1,000;-1,000;-1,000;-1,000;-1,000;-1,000;-1,000;-1,000;-1,000;-1,000;-1,000;-1,000;-1,000;-1,000;-1,000;-1,000;NOK
3073400591-00-W20-L2- 26 06G025-0000063;669;09:05:44;33,2;OK;OK;OK;OK;0,000;24,052;5,081;2,660;3,284;4,956;1,683;4,946;8,946;8,981;14,938;14,973;19,922;19,956;8,446;8,646;19,837;5,097;2,654;3,268;4,956;1,688;5,035;8,946;8,970;14,938;14,952;19,916;19,940;8,446;8,646;19,962;2,631;23,926;OK
3073400591-00-W20-L2- 26 06G025-0000422;669;09:05:24;33,3;OK;OK;OK;OK;0,002;24,058;5,119;2,665;3,273;4,989;1,688;4,990;8,978;9,019;14,971;15,006;19,954;19,994;8,484;8,684;19,870;5,124;2,654;3,262;4,989;1,683;5,073;8,978;9,002;14,971;14,990;19,960;19,978;8,484;8,679;20,000;2,635;23,926;OK
3073400591-00-W20-L2- 26 06G025-0000426;669;09:05:04;33,3;OK;OK;OK;OK;0,000;24,052;5,135;2,660;3,279;5,005;1,656;4,979;9,005;9,024;15,009;15,022;20,003;20,027;8,506;8,706;19,902;5,141;2,676;3,279;4,999;1,661;5,079;9,005;9,024;15,004;15,022;19,998;20,022;8,506;8,706;20,043;2,643;23,963;OK
3073400591-00-W20-L2- 26 06G025-0000421;669;09:05:44;33,2;OK;OK;OK;OK;0,000;24,052;5,151;2,654;3,268;5,021;1,726;5,011;9,005;9,046;15,025;15,060;20,019;20,060;8,506;8,701;19,946;5,157;2,671;3,262;5,016;1,721;5,106;9,005;9,040;15,020;15,049;20,025;20,049;8,506;8,701;20,065;2,672;23,925;OK
3073400591-00-W20-L2- 26 06G025-0000065;669;09:05:24;33,3;OK;OK;OK;OK;0,001;24,052;5,141;2,671;3,279;5,010;1,694;5,006;9,000;9,040;14,993;15,028;19,970;20,011;8,495;8,706;19,875;5,146;2,654;3,262;5,010;1,688;5,095;9,000;9,029;14,987;15,017;19,965;19,994;8,501;8,701;20,005;2,625;23,926;OK
3073400591-00-W20-L2- 26 06G025-0000061;669;09:05:04;33,2;OK;OK;OK;OK;0,000;24,052;5,119;2,682;3,257;4,972;1,710;4,968;8,984;9,024;14,998;15,038;19,992;20,038;8,479;8,684;19,913;5,108;2,654;3,284;4,978;1,710;5,063;8,978;9,002;15,004;15,017;19,998;20,027;8,484;8,679;20,049;2,624;23,926;OK
3073400591-00-W20-L2- 26 06G025-0000068;669;09:05:45;33,1;OK;OK;OK;OK;0,000;24,058;5,103;2,676;3,279;4,978;1,666;4,968;8,978;9,013;14,987;15,028;19,987;20,027;8,479;8,679;19,902;5,113;2,665;3,289;4,978;1,666;5,057;8,978;9,008;14,987;15,006;19,981;20,011;8,479;8,679;20,032;2,635;23,925;OK
;669;09:05:55;2,2;NON TESTE;NON TESTE;NON TESTE;NON TESTE;-1,000;-1,000;-1,000;-1,000;-1,000;-1,000;-1,000;-1,000;-1,000;-1,000;-1,000;-1,000;-1,000;-1,000;-1,000;-1,000;-1,000;-1,000;-1,000;-1,000;-1,000;-1,000;-1,000;-1,000;-1,000;-1,000;-1,000;-1,000;-1,000;-1,000;-1,000;-1,000;-1,000;-1,000;NOK
3073400591-00-W20-L2- 26 06G025-0000069;669;09:05:34;33,9;OK;OK;OK;OK;0,000;24,058;5,097;2,649;3,284;4,967;1,683;4,963;8,962;8,997;14,949;14,990;19,927;19,973;8,463;8,663;19,853;5,103;2,676;3,257;4,972;1,683;5,052;8,962;8,991;14,955;14,973;19,932;19,962;8,463;8,657;19,973;2,620;23,926;OK
3073400591-00-W20-L2- 26 06G025-0000067;669;09:05:14;33,1;OK;OK;OK;OK;0,000;24,058;5,103;2,682;3,289;4,961;1,699;4,952;8,967;9,002;14,971;15,006;19,960;20,005;8,463;8,668;19,886;5,103;2,692;3,279;4,961;1,694;5,046;8,962;8,991;14,966;14,990;19,965;19,994;8,463;8,663;20,011;2,643;23,926;OK
3073400591-00-W20-L2- 26 06G025-0000070;669;09:05:54;33,5;OK;OK;OK;OK;0,000;24,047;5,119;2,665;3,251;4,994;1,683;4,990;8,978;9,024;14,971;15,006;19,949;19,994;8,479;8,690;19,870;5,130;2,644;3,246;4,989;1,683;5,079;8,984;9,013;14,966;14,995;19,949;19,978;8,484;8,684;20,000;2,624;23,925;OK
3073400591-00-W20-L2- 26 06G025-0000064;669;09:05:37;33,7;OK;OK;OK;OK;0,000;24,058;5,113;2,676;3,262;4,983;1,677;4,973;8,978;9,019;14,976;15,017;19,976;20,016;8,479;8,684;19,891;5,124;2,676;3,257;4,989;1,672;5,063;8,978;9,002;14,976;15,006;19,970;20,005;8,479;8,684;20,016;2,643;23,925;OK
3073400591-00-W20-L2- 26 06G025-0000071;669;09:05:48;3,9;OK;OK;OK;OK;0,000;24,052;1,140;-1,000;-1,000;-1,000;-1,000;-1,000;-1,000;-1,000;-1,000;-1,000;-1,000;-1,000;-1,000;-1,000;-1,000;-1,000;-1,000;-1,000;-1,000;-1,000;-1,000;-1,000;-1,000;-1,000;-1,000;-1,000;-1,000;-1,000;-1,000;-1,000;-1,000;-1,000;NOK
3073400591-00-W20-L2- 26 06G025-0000071;669;09:05:58;4,0;OK;OK;OK;OK;0,000;24,047;1,118;-1,000;-1,000;-1,000;-1,000;-1,000;-1,000;-1,000;-1,000;-1,000;-1,000;-1,000;-1,000;-1,000;-1,000;-1,000;-1,000;-1,000;-1,000;-1,000;-1,000;-1,000;-1,000;-1,000;-1,000;-1,000;-1,000;-1,000;-1,000;-1,000;-1,000;-1,000;NOK
3073400591-00-W20-L2- 26 06G025-0000057;669;09:05:50;33,2;OK;OK;OK;OK;0,002;24,052;5,130;2,665;3,268;4,994;1,699;4,984;8,978;9,013;14,955;14,979;19,927;19,962;8,479;8,679;19,842;5,130;2,665;3,262;4,994;1,704;5,079;8,978;9,008;14,955;14,973;19,927;19,956;8,479;8,673;19,973;2,624;23,926;OK
;669;09:05:59;2,2;NON TESTE;NON TESTE;NON TESTE;NON TESTE;-1,000;-1,000;-1,000;-1,000;-1,000;-1,000;-1,000;-1,000;-1,000;-1,000;-1,000;-1,000;-1,000;-1,000;-1,000;-1,000;-1,000;-1,000;-1,000;-1,000;-1,000;-1,000;-1,000;-1,000;-1,000;-1,000;-1,000;-1,000;-1,000;-1,000;-1,000;-1,000;-1,000;-1,000;NOK
3073400591-00-W20-L2- 26 06G025-0000050;669;09:05:42;33,3;OK;OK;OK;OK;0,000;24,052;5,124;2,692;3,279;4,989;1,710;4,984;8,984;9,029;14,993;15,028;19,992;20,032;8,490;8,684;19,908;5,130;2,692;3,279;4,994;1,699;5,073;8,989;9,013;14,993;15,017;19,992;20,022;8,490;8,690;20,038;2,643;23,925;OK
3073400591-00-W20-L2- 26 06G025-0000051;669;09:05:21;33,3;OK;OK;OK;OK;0,000;24,052;5,108;2,654;3,279;4,972;1,683;4,968;8,973;9,008;14,949;14,984;19,927;19,967;8,479;8,673;19,837;5,108;2,671;3,284;4,967;1,688;5,052;8,973;8,997;14,949;14,968;19,922;19,951;8,473;8,679;19,967;2,617;23,926;OK
3073400591-00-W20-L2- 26 06G025-0000060;669;09:05:02;33,1;OK;OK;OK;OK;0,000;24,047;5,092;2,654;3,268;4,956;1,683;4,941;8,946;8,981;14,938;14,973;19,922;19,967;8,446;8,646;19,842;5,086;2,654;3,251;4,951;1,688;5,035;8,946;8,970;14,938;14,957;19,922;19,951;8,446;8,641;19,962;2,622;23,926;OK
3073400591-00-W20-L2- 26 06G025-0000058;669;09:05:42;33,2;OK;OK;OK;OK;0,000;24,052;5,141;2,665;3,262;4,994;1,704;4,990;8,995;9,024;14,993;15,028;19,987;20,027;8,490;8,695;19,902;5,130;2,676;3,262;4,994;1,704;5,073;8,989;9,013;14,993;15,011;19,987;20,011;8,490;8,695;20,032;2,638;24,071;OK
3073400591-00-W20-L2- 26 06G025-0000053;669;10:05:25;33,2;OK;OK;OK;OK;0,000;24,042;5,092;2,676;3,273;4,967;1,645;4,957;8,962;9,002;14,966;15,006;19,960;20,005;8,463;8,663;19,875;5,097;2,649;3,273;4,961;1,645;5,052;8,962;8,991;14,966;14,995;19,965;19,989;8,463;8,663;20,005;2,639;23,925;OK
3073400591-00-W20-L2- 26 06G025-0003362;669;10:05:05;33,2;OK;OK;OK;OK;0,000;24,047;5,130;2,654;3,268;4,994;1,699;4,984;8,984;9,024;14,971;15,006;19,943;19,984;8,490;8,690;19,859;5,130;2,649;3,257;4,999;1,699;5,084;8,989;9,013;14,976;14,990;19,949;19,973;8,484;8,690;19,989;2,628;23,925;OK
3073400591-00-W20-L2- 26 06G025-0000052;669;10:05:45;33,2;OK;OK;OK;OK;0,000;24,052;5,097;2,676;3,262;4,967;1,677;4,973;8,957;9,002;14,944;14,990;19,932;19,973;8,463;8,663;19,848;5,103;2,665;3,279;4,972;1,688;5,057;8,957;8,991;14,949;14,968;19,927;19,956;8,457;8,657;19,967;2,632;23,926;OK
3073400591-00-W20-L2- 26 06G025-0000056;669;10:05:24;33,2;OK;OK;OK;OK;0,000;24,052;5,130;2,654;3,279;5,016;1,650;5,001;8,984;9,019;14,960;14,990;19,932;19,973;8,484;8,690;19,848;5,141;2,654;3,279;5,010;1,650;5,095;8,984;9,008;14,955;14,984;19,927;19,962;8,490;8,684;19,978;2,627;23,926;OK
3073400591-00-W20-L2- 26 06G025-0000054;669;10:05:46;14,2;OK;OK;OK;OK;0,000;24,047;5,135;2,649;3,262;5,005;1,683;4,995;8,995;9,024;14,982;15,011;19,938;19,978;5,005;-1,000;-1,000;-1,000;-1,000;-1,000;-1,000;-1,000;-1,000;-1,000;-1,000;-1,000;-1,000;-1,000;-1,000;-1,000;-1,000;-1,000;-1,000;-1,000;NOK
3073400591-00-W20-L2- 26 06G025-0000054;669;10:05:15;14,1;OK;OK;OK;OK;0,000;24,047;5,141;2,687;3,262;5,005;1,699;5,001;9,000;9,035;14,976;15,017;19,949;19,989;5,005;-1,000;-1,000;-1,000;-1,000;-1,000;-1,000;-1,000;-1,000;-1,000;-1,000;-1,000;-1,000;-1,000;-1,000;-1,000;-1,000;-1,000;-1,000;-1,000;NOK
3073400591-00-W20-L2- 26 06G025-0000059;669;10:05:55;33,2;OK;OK;OK;OK;0,000;24,047;5,097;2,682;3,262;4,967;1,688;4,963;8,951;8,997;14,955;14,995;19,949;19,989;8,457;8,663;19,870;5,103;2,676;3,279;4,967;1,683;5,057;8,957;8,991;14,949;14,984;19,949;19,984;8,457;8,652;19,989;2,621;23,926;OK
3073400591-00-W20-L2- 26 06G025-0000049;669;10:05:35;33,1;OK;OK;OK;OK;0,000;24,052;5,146;2,676;3,273;5,005;1,677;5,001;9,000;9,035;15,004;15,038;19,992;20,032;8,506;8,701;19,908;5,146;2,654;3,279;5,005;1,672;5,095;9,000;9,035;15,004;15,022;19,992;20,016;8,506;8,706;20,038;2,620;23,925;OK
3073400591-00-W20-L2- 26 06G025-0000055;669;10:05:23;33,3;OK;OK;OK;OK;0,000;24,047;5,103;2,671;3,273;4,967;1,715;4,963;8,984;9,013;14,976;15,011;19,960;20,000;8,484;8,684;19,870;5,103;2,649;3,262;4,967;1,721;5,052;8,978;9,008;14,982;15,000;19,960;19,989;8,484;8,684;20,000;2,638;23,925;OK
3073400591-00-W20-L2- 26 06G025-0003369;669;10:05:03;33,2;OK;OK;OK;OK;0,000;24,052;5,108;2,671;3,306;4,972;1,694;4,859;8,978;8,888;14,976;14,881;19,970;19,891;8,479;8,673;19,761;5,103;2,676;3,300;4,972;1,688;5,063;8,978;9,013;14,982;15,011;19,965;20,005;8,473;8,673;20,011;2,623;23,925;OK
3073400591-00-W20-L2- 26 06G025-0003372;669;10:05:42;33,3;OK;OK;OK;OK;0,000;24,052;5,124;2,682;3,273;4,994;1,672;4,984;8,989;9,029;14,993;15,028;19,970;20,005;8,490;8,690;19,891;5,124;2,687;3,289;4,994;1,677;5,073;8,995;9,019;14,993;15,011;19,965;20,005;8,490;8,695;20,022;2,630;23,925;OK
;669;10:05:51;2,2;NON TESTE;NON TESTE;NON TESTE;NON TESTE;-1,000;-1,000;-1,000;-1,000;-1,000;-1,000;-1,000;-1,000;-1,000;-1,000;-1,000;-1,000;-1,000;-1,000;-1,000;-1,000;-1,000;-1,000;-1,000;-1,000;-1,000;-1,000;-1,000;-1,000;-1,000;-1,000;-1,000;-1,000;-1,000;-1,000;-1,000;-1,000;-1,000;-1,000;NOK
3073400591-00-W20-L2- 26 06G025-0003370;669;10:05:31;33,5;OK;OK;OK;OK;0,000;24,063;5,130;2,671;3,273;4,994;1,704;5,001;8,989;9,029;14,966;15,011;19,938;19,978;8,484;8,690;19,853;5,135;2,671;3,268;4,999;1,704;5,095;8,984;9,029;14,971;15,000;19,938;19,978;8,484;8,690;19,978;2,608;24,071;OK
3073400591-00-W20-L2- 26 06G025-0003365;669;10:05:36;33,3;OK;OK;OK;OK;0,000;24,058;5,124;2,665;3,268;4,994;1,704;5,001;8,989;9,035;14,987;15,028;19,970;20,016;8,490;8,690;19,891;5,130;2,654;3,273;4,994;1,694;5,095;8,995;9,029;14,993;15,028;19,970;20,011;8,490;8,690;20,022;2,618;23,926;OK
3073400591-00-W20-L2- 26 06G025-0003361;669;10:05:18;33,6;OK;OK;OK;OK;0,000;24,058;5,097;2,687;3,295;4,956;1,639;4,952;8,957;9,002;14,971;15,011;19,965;20,011;8,452;8,657;19,886;5,086;2,692;3,279;4,956;1,639;5,041;8,957;8,986;14,971;14,995;19,965;20,000;8,457;8,657;20,011;2,637;23,925;OK
3073400591-00-W20-L2- 26 06G025-0003371;669;10:05:05;33,5;OK;OK;OK;OK;0,000;24,047;5,097;2,682;3,284;4,967;1,699;4,957;8,957;9,002;14,955;14,990;19,932;19,978;8,463;8,663;19,853;5,103;2,665;3,268;4,961;1,694;5,057;8,957;8,991;14,960;14,979;19,932;19,967;8,463;8,668;19,978;2,614;23,926;OK
3073400591-00-W20-L2- 26 06G025-0002310;669;10:05:46;33,3;OK;OK;OK;OK;0,000;24,052;5,113;2,671;3,279;4,978;1,672;4,968;8,978;9,008;14,976;15,011;19,960;20,005;8,479;8,679;19,880;5,119;2,671;3,257;4,978;1,666;5,063;8,973;9,008;14,976;15,000;19,970;19,994;8,479;8,679;20,011;2,623;23,926;OK
3073400591-00-W20-L2- 26 06G025-0002441;669;10:05:26;33,2;OK;OK;OK;OK;0,000;24,042;5,124;2,638;3,257;4,994;1,645;4,990;8,995;9,035;14,998;15,028;19,981;20,022;8,490;8,695;19,902;5,135;2,638;3,262;4,999;1,645;5,084;8,995;9,024;14,993;15,017;19,981;20,011;8,495;8,695;20,032;2,628;23,925;OK
3073400591-00-W20-L2- 26 06G025-0000429;669;10:05:05;33,2;OK;OK;OK;OK;0,000;24,047;5,119;2,649;3,257;4,983;1,699;4,979;8,984;9,024;14,982;15,022;19,965;20,016;8,484;8,684;19,886;5,124;2,671;3,268;4,983;1,699;5,073;8,989;9,013;14,982;15,011;19,970;20,000;8,484;8,679;20,016;2,624;23,925;OK
3073400591-00-W20-L2- 26 06G025-0000071;669;10:05:47;33,2;OK;OK;OK;OK;0,000;24,052;5,146;2,682;3,268;5,005;1,699;5,001;9,000;9,040;14,982;15,022;19,954;20,005;8,495;8,695;19,880;5,141;2,676;3,268;5,005;1,699;5,095;8,995;9,029;14,982;15,011;19,965;19,989;8,495;8,695;20,011;2,617;23,926;OK
3073400591-00-W20-L2- 26 06G025-0000042;669;10:05:10;14,1;OK;OK;OK;OK;0,000;24,052;5,124;2,671;3,268;4,999;1,710;4,984;9,000;9,029;15,004;15,038;19,992;20,027;4,999;-1,000;-1,000;-1,000;-1,000;-1,000;-1,000;-1,000;-1,000;-1,000;-1,000;-1,000;-1,000;-1,000;-1,000;-1,000;-1,000;-1,000;-1,000;-1,000;NOK
3073400591-00-W20-L2- 26 06G025-0002751;669;10:05:01;33,3;OK;OK;OK;OK;0,000;24,042;5,086;2,638;3,273;4,956;1,650;4,952;8,957;8,997;14,971;15,000;19,965;20,005;8,457;8,663;19,891;5,092;2,660;3,251;4,956;1,650;5,052;8,957;8,991;14,966;14,995;19,970;20,005;8,463;8,657;20,016;2,633;23,925;OK
3073400591-00-W20-L2- 26 06G025-0000054;669;10:05:40;33,2;OK;OK;OK;OK;0,000;24,047;5,146;2,654;3,262;4,999;1,688;4,995;8,989;9,024;14,976;15,006;19,943;19,989;8,501;8,690;19,859;5,135;2,665;3,257;4,999;1,694;5,090;8,989;9,019;14,971;14,995;19,943;19,973;8,495;8,695;19,994;2,621;23,926;OK
3073400591-00-W20-L2- 26 06G025-0000042;669;10:05:20;33,3;OK;OK;OK;OK;0,000;24,047;5,124;2,649;3,279;4,999;1,715;4,990;8,995;9,029;15,004;15,033;19,992;20,032;8,495;8,701;19,913;5,130;2,660;3,251;4,994;1,710;5,084;8,995;9,024;15,004;15,033;19,992;20,022;8,495;8,695;20,038;2,628;24,071;OK
3073400591-00-W20-L2- 26 06G025-0000046;669;10:05:00;33,0;OK;OK;OK;OK;0,001;24,047;5,103;2,665;3,268;4,972;1,666;4,963;8,967;9,002;14,966;15,000;19,954;20,000;8,468;8,663;19,880;5,103;2,654;3,268;4,972;1,677;5,057;8,962;8,991;14,960;14,990;19,965;19,989;8,468;8,668;20,011;2,633;23,926;OK
3073400591-00-W20-L2- 26 06G025-0000040;669;10:05:43;33,2;OK;OK;OK;OK;0,000;24,047;5,113;2,638;3,257;4,972;1,683;4,963;8,962;8,997;14,944;14,979;19,922;19,956;8,463;8,663;19,842;5,108;2,671;3,257;4,972;1,683;5,057;8,962;8,986;14,944;14,973;19,922;19,951;8,463;8,663;19,967;2,611;23,926;OK
3073400591-00-W20-L2- 26 06G025-0000045;669;10:05:23;33,2;OK;OK;OK;OK;0,000;24,058;5,135;2,676;3,257;5,005;1,710;4,995;9,000;9,035;15,004;15,033;19,992;20,032;8,506;8,706;19,913;5,141;2,676;3,262;5,005;1,710;5,101;9,000;9,035;15,004;15,038;19,992;20,027;8,501;8,701;20,038;2,651;23,925;OK
3073400591-00-W20-L2- 26 06G025-0000048;669;10:05:47;14,4;OK;OK;OK;OK;0,000;24,047;5,141;2,660;3,251;5,005;1,683;5,001;9,000;9,046;15,014;15,060;20,003;20,054;5,005;-1,000;-1,000;-1,000;-1,000;-1,000;-1,000;-1,000;-1,000;-1,000;-1,000;-1,000;-1,000;-1,000;-1,000;-1,000;-1,000;-1,000;-1,000;-1,000;NOK
3073400591-00-W20-L2- 26 06G025-0000048;669;10:05:22;33,3;OK;OK;OK;OK;0,000;24,058;5,146;2,654;3,262;5,010;1,699;5,006;9,011;9,051;15,020;15,066;20,008;20,065;8,511;8,711;19,929;5,141;2,676;3,273;5,010;1,688;5,095;9,016;9,040;15,020;15,044;20,008;20,038;8,511;8,706;20,054;2,653;23,925;OK
3073400591-00-W20-L2- 26 06G025-0000039;669;10:05:01;32,7;OK;OK;OK;OK;0,000;24,052;5,124;2,682;3,257;4,994;1,650;4,990;8,973;9,013;14,949;14,984;19,922;19,962;8,473;8,673;19,842;5,130;2,671;3,273;4,994;1,645;5,073;8,973;8,991;14,949;14,962;19,922;19,946;8,479;8,679;19,967;2,627;23,926;OK
3073400591-00-W20-L2- 26 06G025-0003533;669;10:05:42;33,3;OK;OK;OK;OK;0,000;24,052;5,130;2,644;3,273;4,994;1,628;4,984;8,973;9,008;14,955;14,984;19,927;19,967;8,479;8,679;19,848;5,130;2,676;3,273;4,994;1,623;5,079;8,973;9,002;14,955;14,979;19,922;19,956;8,479;8,679;19,978;2,610;23,926;OK
3073400591-00-W20-L2- 26 06G025-0000047;669;10:05:22;33,0;OK;OK;OK;OK;0,000;24,052;5,097;2,676;3,284;4,956;1,715;4,952;8,962;9,002;14,944;14,979;19,911;19,956;8,463;8,657;19,837;5,092;2,676;3,268;4,956;1,715;5,041;8,962;8,986;14,944;14,962;19,916;19,946;8,463;8,657;19,956;2,609;23,926;OK
3073400591-00-W20-L2- 26 06G025-0000037;669;10:05:04;33,3;OK;OK;OK;OK;0,000;24,047;5,119;2,660;3,273;4,983;1,715;4,968;9,000;9,019;15,014;15,033;20,008;20,038;8,495;8,690;19,924;5,119;2,671;3,289;4,983;1,721;5,063;8,989;9,013;15,009;15,022;20,008;20,027;8,495;8,690;20,060;2,623;23,925;OK
3073400591-00-W20-L2- 26 06G025-0000038;669;10:05:45;33,3;OK;OK;OK;OK;0,000;24,058;5,113;2,665;3,273;4,983;1,645;4,973;8,978;9,008;14,976;15,011;19,949;20,000;8,484;8,673;19,875;5,119;2,654;3,273;4,983;1,650;5,063;8,978;8,991;14,971;14,990;19,954;19,984;8,479;8,679;20,000;2,604;23,926;OK
3073400591-00-W20-L2- 26 06G025-0000043;669;10:05:24;33,1;OK;OK;OK;OK;0,000;24,047;5,141;2,660;3,279;5,005;1,650;5,001;9,005;9,046;15,009;15,044;19,998;20,038;8,506;8,706;19,918;5,141;2,665;3,289;5,005;1,645;5,090;9,005;9,035;15,009;15,033;19,992;20,022;8,501;8,701;20,038;2,635;23,924;OK
3073400591-00-W20-L2- 26 06G025-0000041;669;10:05:04;33,2;OK;OK;OK;OK;0,000;24,047;5,103;2,644;3,251;4,967;1,650;4,968;8,962;9,002;14,966;15,000;19,954;20,000;8,463;8,668;19,875;5,103;2,676;3,268;4,967;1,650;5,063;8,962;8,997;14,971;14,995;19,954;19,989;8,463;8,668;20,005;2,625;23,925;OK
3073400591-00-W20-L2- 26 06G025-0003529;669;10:05:04;33,0;OK;OK;OK;OK;0,003;24,042;5,146;2,654;3,268;5,010;1,715;5,006;9,016;9,051;15,009;15,044;19,981;20,027;8,511;8,711;19,902;5,151;2,654;3,257;5,016;1,721;5,111;9,011;9,051;15,009;15,044;19,981;20,022;8,511;8,711;20,032;2,638;23,924;OK
3073400591-00-W20-L2- 26 06G025-0000044;669;10:05:48;32,9;OK;OK;OK;OK;0,003;24,052;5,141;2,654;3,268;5,010;1,650;5,006;8,984;9,019;14,966;14,995;19,949;19,989;8,484;8,684;19,864;5,146;2,676;3,257;5,016;1,645;5,101;8,978;9,013;14,960;14,984;19,943;19,984;8,484;8,684;19,989;2,605;23,925;OK
3073400591-00-W20-L2- 26 06G025-0003530;669;10:05:28;33,4;OK;OK;OK;OK;0,000;24,047;5,124;2,660;3,273;4,983;1,683;4,984;8,967;9,013;14,960;14,995;19,932;19,978;8,468;8,673;19,853;5,119;2,654;3,284;4,978;1,683;5,073;8,973;9,002;14,960;14,990;19,932;19,973;8,473;8,673;19,989;2,624;23,925;OK
3073400591-00-W20-L2- 26 06G025-0003538;669;10:05:08;33,1;OK;OK;OK;OK;0,000;24,052;5,119;2,682;3,262;4,983;1,704;4,973;8,978;9,013;14,971;15,000;19,949;19,978;8,473;8,679;19,864;5,119;2,654;3,273;4,978;1,704;5,068;8,978;9,002;14,971;14,990;19,943;19,973;8,479;8,679;19,994;2,617;23,924;OK
3073400591-00-W20-L2- 26 06G025-0003532;669;10:05:52;33,2;OK;OK;OK;OK;0,000;24,042;5,103;2,676;3,268;4,967;1,677;4,963;8,973;9,013;14,982;15,011;19,965;20,011;8,468;8,663;19,880;5,108;2,665;3,268;4,967;1,677;5,057;8,967;8,997;14,971;15,006;19,965;19,994;8,468;8,668;20,011;2,626;23,924;OK
3073400591-00-W20-L2- 26 06G025-0003540;669;10:05:32;33,1;OK;OK;OK;OK;0,002;24,052;5,124;2,671;3,251;4,989;1,688;4,984;8,989;9,029;15,004;15,038;19,998;20,043;8,490;8,695;19,918;5,124;2,671;3,273;4,989;1,683;5,073;8,995;9,019;15,004;15,028;19,998;20,038;8,495;8,690;20,054;2,646;23,923;OK
3073400591-00-W20-L2- 26 06G025-0003537;669;10:05:53;14,1;OK;OK;OK;OK;0,000;24,058;5,135;2,676;3,262;4,999;1,683;4,995;9,011;9,046;15,020;15,055;20,008;20,049;5,005;-1,000;-1,000;-1,000;-1,000;-1,000;-1,000;-1,000;-1,000;-1,000;-1,000;-1,000;-1,000;-1,000;-1,000;-1,000;-1,000;-1,000;-1,000;-1,000;NOK
3073400591-00-W20-L2- 26 06G025-0003537;669;10:05:33;33,2;OK;OK;OK;OK;0,000;24,058;5,141;2,676;3,273;5,005;1,677;5,006;9,011;9,051;15,014;15,055;20,014;20,054;8,511;8,711;19,929;5,141;2,654;3,284;5,005;1,688;5,095;9,005;9,040;15,020;15,044;20,008;20,043;8,506;8,711;20,060;2,654;23,922;OK
3073400591-00-W20-L2- 26 06G025-0003539;669;10:05:15;33,2;OK;OK;OK;OK;0,000;24,042;5,086;2,660;3,273;4,956;1,666;4,952;8,967;9,002;14,960;15,000;19,949;19,989;8,463;8,663;19,870;5,092;2,671;3,289;4,956;1,650;5,052;8,967;9,002;14,960;14,990;19,949;19,989;8,463;8,663;20,005;2,639;23,924;OK
3073400591-00-W20-L2- 26 06G025-0003286;669;10:05:54;33,1;OK;OK;OK;OK;0,000;24,047;5,113;2,660;3,268;4,972;1,656;4,957;8,962;8,997;14,949;14,984;19,932;19,967;8,463;8,668;19,842;5,108;2,682;3,284;4,967;1,656;5,052;8,962;8,986;14,955;14,973;19,927;19,962;8,468;8,663;19,973;2,612;24,070;OK
3073400591-00-W20-L2- 26 06G025-0003283;669;10:05:34;33,0;OK;OK;OK;OK;0,000;24,042;5,135;2,654;3,273;4,999;1,645;4,979;8,995;9,019;14,987;15,011;19,970;20,005;8,490;8,701;19,875;5,135;2,676;3,284;4,999;1,639;5,090;8,995;9,024;14,982;15,017;19,970;20,005;8,495;8,695;20,016;2,644;23,924;OK
3073400591-00-W20-L2- 26 06G025-0003534;669;10:05:21;33,1;OK;OK;OK;OK;0,000;24,047;5,103;2,676;3,279;4,967;1,710;4,957;8,957;8,991;14,949;14,979;19,927;19,956;8,463;8,663;19,837;5,108;2,654;3,273;5,113;1,715;5,052;8,962;8,991;14,949;14,973;19,922;19,962;8,463;8,663;19,973;2,615;23,925;OK
3073400591-00-W20-L2- 26 06G025-0003531;669;10:05:01;33,1;OK;OK;OK;OK;0,003;24,042;5,119;2,671;3,279;4,989;1,634;4,984;8,973;9,013;14,966;15,000;19,943;19,989;8,473;8,679;19,859;5,119;2,660;3,279;4,989;1,634;4,921;8,978;8,829;14,960;14,800;19,938;19,804;8,479;8,679;19,984;2,570;23,928;OK
3073400591-00-W20-L2- 26 06G025-0003535;669;10:05:41;33,3;OK;OK;OK;OK;0,000;24,058;5,113;2,644;3,273;4,983;1,677;4,973;8,967;9,002;14,949;14,984;19,922;19,967;8,463;8,663;19,837;5,113;2,654;3,251;4,978;1,677;5,068;8,967;8,991;14,949;14,968;19,922;19,956;8,463;8,668;19,967;2,607;23,924;OK
3073400591-00-W20-L2- 26 06G025-0003536;669;10:05:18;21,8;OK;OK;OK;OK;0,003;24,042;5,124;2,676;3,268;4,989;1,650;4,979;8,989;9,024;14,987;15,022;19,981;20,022;8,490;8,690;19,897;5,124;2,682;3,273;4,989;1,645;4,400;-1,000;-1,000;-1,000;-1,000;-1,000;-1,000;-1,000;-1,000;-1,000;-1,000;-1,000;NOK
3073400591-00-W20-L2- 26 06G025-0003536;669;10:05:42;21,9;OK;OK;OK;OK;0,000;24,058;5,130;2,660;3,279;4,994;1,656;4,995;8,995;9,035;14,993;15,028;19,981;20,022;8,495;8,695;19,902;5,135;2,671;3,262;4,994;1,656;4,389;-1,000;-1,000;-1,000;-1,000;-1,000;-1,000;-1,000;-1,000;-1,000;-1,000;-1,000;NOK
3073400591-00-W20-L2- 26 06G025-0003285;669;10:05:45;33,2;OK;OK;OK;OK;0,000;24,052;5,141;2,671;3,279;5,010;1,710;5,006;8,995;9,029;15,004;15,033;19,998;20,032;8,490;8,695;19,908;5,146;2,692;3,279;5,010;1,715;5,106;8,989;9,029;14,998;15,033;19,992;20,027;8,490;8,690;20,049;2,631;23,923;OK
3073400591-00-W20-L2- 26 06G025-0003288;669;10:05:27;33,0;OK;OK;OK;OK;0,000;24,052;5,135;2,649;3,262;4,999;1,704;4,995;9,000;9,029;14,998;15,022;19,981;20,022;8,501;8,701;19,897;5,141;2,649;3,273;5,005;1,715;5,095;8,995;9,035;14,998;15,028;19,981;20,016;8,506;8,701;20,032;2,650;23,924;OK
3073400591-00-W20-L2- 26 06G025-0003278;669;10:05:07;33,2;OK;OK;OK;OK;0,000;24,058;5,108;2,665;3,268;4,978;1,656;4,968;8,962;8,997;14,949;14,979;19,927;19,967;8,463;8,668;19,842;5,113;2,665;3,273;4,978;1,650;5,068;8,962;8,991;14,949;14,973;19,927;19,962;8,468;8,663;19,973;2,607;23,925;OK
3073400591-00-W20-L2- 26 06G025-0003280;669;10:05:29;14,2;OK;OK;OK;OK;0,000;24,052;5,124;2,660;3,289;4,994;1,694;4,984;8,989;9,024;14,982;15,011;19,943;19,994;4,994;-1,000;-1,000;-1,000;-1,000;-1,000;-1,000;-1,000;-1,000;-1,000;-1,000;-1,000;-1,000;-1,000;-1,000;-1,000;-1,000;-1,000;-1,000;-1,000;NOK
3073400591-00-W20-L2- 26 06G025-0003284;669;10:05:21;33,3;OK;OK;OK;OK;0,000;24,052;5,130;2,676;3,268;4,989;1,639;4,984;8,989;9,035;14,998;15,033;19,981;20,027;8,490;8,684;19,897;5,124;2,671;3,273;4,989;1,639;5,090;8,984;9,035;14,993;15,033;19,987;20,027;8,484;8,690;20,027;2,664;23,922;OK
3073400591-00-W20-L2- 26 06G025-0003287;669;10:05:03;33,4;OK;OK;OK;OK;0,000;24,052;5,130;2,676;3,262;4,989;1,661;4,952;8,978;8,986;14,960;14,968;19,932;19,940;8,479;8,679;19,821;5,130;2,682;3,257;4,989;1,656;5,079;8,978;9,008;14,960;14,984;19,932;19,962;8,479;8,684;19,978;2,635;23,924;OK
3073400591-00-W20-L2- 26 06G025-0003277;669;10:05:52;33,1;OK;OK;OK;OK;0,000;24,052;5,097;2,649;3,257;4,967;1,704;4,963;8,978;9,008;14,987;15,022;19,981;20,016;8,473;8,668;19,897;5,108;2,649;3,268;4,967;1,704;5,057;8,978;9,002;14,993;15,011;19,981;20,011;8,473;8,673;20,022;2,660;23,923;OK
3073400591-00-W20-L2- 26 06G025-0003281;669;10:05:31;33,2;OK;OK;OK;OK;0,000;24,047;5,146;2,665;3,284;5,021;1,650;5,017;9,005;9,046;14,987;15,022;19,970;20,011;8,506;8,706;19,886;5,151;2,682;3,284;5,021;1,650;5,106;9,000;9,029;14,987;15,006;19,970;19,994;8,511;8,706;20,016;2,633;23,924;OK
3073400591-00-W20-L2- 26 06G025-0001151;669;10:05:11;33,2;OK;OK;OK;OK;0,000;24,058;5,157;2,660;3,289;5,016;1,683;5,011;9,005;9,046;14,998;15,038;19,981;20,027;8,506;8,711;19,908;5,151;2,660;3,284;5,021;1,694;5,106;9,005;9,035;14,998;15,022;19,981;20,011;8,511;8,711;20,032;2,670;23,922;OK
3073400591-00-W20-L2- 26 06G025-0001141;669;10:05:53;33,2;OK;OK;OK;OK;0,000;24,052;5,086;2,649;3,289;4,961;1,688;4,957;8,946;8,986;14,938;14,979;19,922;19,967;8,446;8,646;19,837;5,092;2,665;3,273;5,103;1,694;5,052;8,946;8,981;14,938;14,973;19,916;19,951;8,452;8,652;19,973;2,671;23,923;OK
3073400591-00-W20-L2- 26 06G025-0001144;669;10:05:32;33,2;OK;OK;OK;OK;0,000;24,047;5,135;2,671;3,257;4,994;1,683;4,995;8,995;9,035;14,993;15,028;19,981;20,016;8,495;8,701;19,897;5,135;2,676;3,257;5,005;1,688;5,090;8,995;9,024;14,987;15,011;19,981;20,011;8,495;8,695;20,027;2,678;23,922;OK
3073400591-00-W20-L2- 26 06G025-0001148;669;10:05:12;33,0;OK;OK;OK;OK;0,000;24,052;5,108;2,676;3,273;4,989;1,650;4,984;8,962;9,002;14,938;14,979;19,911;19,951;8,463;8,668;19,826;5,119;2,649;3,273;4,989;1,639;5,073;8,967;8,991;14,938;14,962;19,905;19,946;8,468;8,668;19,951;2,647;23,977;OK
3073400591-00-W20-L2- 26 06G025-0001145;669;10:05:53;33,2;OK;OK;OK;OK;0,000;24,042;5,141;2,676;3,251;5,005;1,645;4,995;8,984;9,019;14,982;15,017;19,965;20,005;8,484;8,684;19,880;5,141;2,638;3,273;5,010;1,639;5,090;8,989;9,013;14,987;15,006;19,965;19,994;8,490;8,684;20,016;2,657;23,921;OK
3073400591-00-W20-L2- 26 06G025-0003282;669;10:05:19;16,6;OK;OK;OK;OK;0,000;24,058;5,113;2,682;3,268;4,972;1,639;4,968;8,957;9,002;14,949;14,984;19,922;19,962;8,468;8,663;19,837;0,027;-1,000;-1,000;-1,000;-1,000;-1,000;-1,000;-1,000;-1,000;-1,000;-1,000;-1,000;-1,000;-1,000;-1,000;-1,000;-1,000;NOK
3073400591-00-W20-L2- 26 06G025-0003282;669;10:05:58;33,3;OK;OK;OK;OK;0,000;24,052;5,103;2,676;3,257;4,961;1,639;4,963;8,957;8,997;14,944;14,984;19,916;19,956;8,457;8,663;19,832;5,103;2,682;3,279;4,967;1,634;5,052;8,957;8,986;14,944;14,962;19,916;19,940;8,452;8,657;19,962;2,660;23,922;OK
3073400591-00-W20-L2- 26 06G025-0003279;669;10:05:42;33,0;OK;OK;OK;OK;0,000;24,047;5,124;2,671;3,251;4,989;1,634;4,984;8,989;9,035;15,004;15,044;19,998;20,043;8,495;8,690;19,918;5,124;2,671;3,257;4,989;1,634;5,079;8,995;9,024;15,004;15,033;19,998;20,038;8,490;8,690;20,049;2,677;23,921;OK
3073400591-00-W20-L2- 26 06G025-0001142;669;10:05:23;33,2;OK;OK;OK;OK;0,000;24,052;5,092;2,660;3,268;4,951;1,666;4,952;8,973;9,008;14,982;15,017;19,976;20,011;8,473;8,673;19,897;5,097;2,665;3,268;4,956;1,672;5,041;8,967;9,002;14,982;15,006;19,976;20,000;8,468;8,673;20,032;2,689;23,923;OK
3073400591-00-W20-L2- 26 06G025-0001146;669;10:05:06;33,2;OK;OK;OK;OK;0,000;24,047;5,141;2,665;3,273;4,999;1,650;5,001;8,995;9,035;14,982;15,022;19,949;19,994;8,495;8,695;19,870;5,141;2,671;3,262;4,999;1,645;5,106;8,995;9,040;14,982;15,017;19,954;19,994;8,495;8,695;20,000;2,634;23,923;OK
3073400591-00-W20-L2- 26 06G025-0001152;669;10:05:47;33,2;OK;OK;OK;OK;0,000;24,058;5,103;2,654;3,273;4,967;1,639;4,957;8,973;9,008;14,987;15,022;19,981;20,027;8,468;8,668;19,902;5,108;2,676;3,262;4,967;1,645;5,052;8,973;8,997;14,993;15,011;19,987;20,011;8,468;8,668;20,032;2,649;23,924;OK
3073400591-00-W20-L2- 26 06G025-0002493;669;10:05:32;33,0;OK;OK;OK;OK;0,000;24,058;5,113;2,665;3,279;4,983;1,661;4,979;8,989;9,024;14,993;15,028;19,992;20,032;8,490;8,684;19,913;5,119;2,665;3,273;4,983;1,650;5,073;8,989;9,024;14,998;15,022;19,987;20,027;8,490;8,684;20,038;2,622;23,923;OK
3073400591-00-W20-L2- 26 06G025-0001149;669;10:05:12;33,2;OK;OK;OK;OK;0,001;24,052;5,135;2,654;3,279;4,999;1,721;4,995;8,973;9,013;14,944;14,979;19,927;19,967;8,479;8,679;19,848;5,135;2,687;3,268;4,994;1,721;5,084;8,973;9,002;14,944;14,962;19,927;19,951;8,479;8,679;19,967;2,622;23,923;OK
3073400591-00-W20-L2- 26 06G025-0001150;669;10:05:52;33,1;OK;OK;OK;OK;0,000;24,047;5,130;2,671;3,257;4,994;1,666;4,995;8,989;9,029;14,982;15,017;19,970;20,011;8,490;8,690;19,886;5,135;2,682;3,279;4,994;1,672;5,090;8,989;9,019;14,982;15,006;19,965;20,000;8,490;8,690;20,016;2,624;23,923;OK
3073400591-00-W20-L2- 26 06G025-0002495;669;10:05:33;33,1;OK;OK;OK;OK;0,000;24,047;5,081;2,660;3,273;4,951;1,710;4,941;8,967;9,002;14,966;15,006;19,960;20,000;8,468;8,668;19,875;5,086;2,676;3,262;4,956;1,715;5,030;8,967;8,991;14,971;14,990;19,965;19,989;8,468;8,668;20,000;2,632;23,923;OK
3073400591-00-W20-L2- 26 06G025-0001147;669;10:05:15;33,2;OK;OK;OK;OK;0,001;24,042;5,103;2,649;3,246;4,961;1,666;4,957;8,962;9,002;14,966;15,000;19,954;19,994;8,463;8,657;19,875;5,097;2,676;3,262;4,961;1,666;5,057;8,962;8,991;14,960;14,995;19,949;19,984;8,457;8,663;19,994;2,633;23,923;OK
3073400591-00-W20-L2- 26 06G025-0002488;669;10:05:54;33,2;OK;OK;OK;OK;0,000;24,058;5,146;2,676;3,257;5,005;1,666;4,995;9,000;9,035;15,004;15,033;19,981;20,022;8,495;8,695;19,902;5,135;2,654;3,273;4,999;1,656;5,090;9,005;9,029;14,998;15,022;19,981;20,011;8,495;8,701;20,032;2,668;23,923;OK
3073400591-00-W20-L2- 26 06G025-0002485;669;10:05:35;33,0;OK;OK;OK;OK;0,000;24,058;5,124;2,654;3,279;4,994;1,666;4,990;9,005;9,040;15,009;15,044;20,003;20,043;8,501;8,701;19,924;5,130;2,665;3,284;4,994;1,661;5,090;9,005;9,035;15,004;15,033;20,008;20,032;8,501;8,701;20,049;2,672;23,923;OK
3073400591-00-W20-L2- 26 06G025-0002490;669;10:05:18;33,1;OK;OK;OK;OK;0,000;24,058;5,130;2,660;3,262;4,983;1,672;4,979;8,978;9,019;14,955;14,995;19,927;19,973;8,479;8,679;19,853;5,130;2,682;3,273;4,989;1,672;5,090;8,978;9,013;14,960;14,990;19,927;19,967;8,479;8,679;19,973;2,624;23,925;OK
3073400591-00-W20-L2- 26 06G025-0002496;669;10:05:59;33,2;OK;OK;OK;OK;0,000;24,047;5,097;2,638;3,262;4,945;1,699;4,941;8,951;8,991;14,938;14,973;19,911;19,956;8,457;8,652;19,826;5,075;2,654;3,257;4,945;1,710;5,025;8,951;8,975;14,938;14,952;19,905;19,935;8,457;8,652;19,956;2,634;23,924;OK
3073400591-00-W20-L2- 26 06G025-0002486;669;10:05:39;33,3;OK;OK;OK;OK;0,000;24,058;5,119;2,654;3,284;4,978;1,694;4,973;8,967;9,002;14,949;14,984;19,932;19,973;8,468;8,668;19,842;5,113;2,682;3,268;4,978;1,699;5,068;8,967;8,997;14,949;14,973;19,927;19,962;8,468;8,673;19,978;2,651;23,923;OK
3073400591-00-W20-L2- 26 06G025-0002492;669;10:05:29;33,1;OK;OK;OK;OK;0,000;24,042;5,124;2,671;3,300;4,989;1,677;4,984;8,967;9,008;14,955;15,000;19,943;19,984;8,473;8,668;19,859;5,130;2,676;3,295;4,989;1,677;5,073;8,967;8,991;14,960;14,973;19,943;19,973;8,468;8,673;19,989;2,646;23,924;OK
;669;10:05:42;2,2;NON TESTE;NON TESTE;NON TESTE;NON TESTE;-1,000;-1,000;-1,000;-1,000;-1,000;-1,000;-1,000;-1,000;-1,000;-1,000;-1,000;-1,000;-1,000;-1,000;-1,000;-1,000;-1,000;-1,000;-1,000;-1,000;-1,000;-1,000;-1,000;-1,000;-1,000;-1,000;-1,000;-1,000;-1,000;-1,000;-1,000;-1,000;-1,000;-1,000;NOK
3073400591-00-W20-L2- 26 06G025-0002565;669;10:05:22;34,5;OK;OK;OK;OK;0,000;24,047;5,146;2,671;3,289;5,016;1,645;5,011;9,000;9,040;15,004;15,044;19,987;20,032;8,495;8,701;19,902;5,151;2,687;3,273;5,016;1,650;5,101;9,000;9,024;15,004;15,028;19,987;20,016;8,501;8,701;20,032;2,633;23,923;OK
3073400591-00-W20-L2- 26 06G025-0002562;669;10:05:04;33,2;OK;OK;OK;OK;0,000;24,058;5,119;2,676;3,284;4,972;1,677;4,968;8,984;9,029;14,998;15,044;19,992;20,043;8,479;8,679;19,913;5,103;2,665;3,268;4,967;1,677;5,063;8,978;9,008;14,998;15,028;19,998;20,027;8,479;8,679;20,043;2,652;24,070;OK
3073400591-00-W20-L2- 26 06G025-0002568;669;10:05:44;33,4;OK;OK;OK;OK;0,000;24,052;5,086;2,644;3,268;4,956;1,661;4,957;8,940;8,991;14,938;14,979;19,911;19,967;8,446;8,646;19,837;5,092;2,671;3,262;4,961;1,656;5,046;8,946;8,981;14,933;14,962;19,922;19,962;8,441;8,641;19,967;2,621;23,925;OK
3073400591-00-W20-L2- 26 06G025-0002489;669;10:05:24;33,0;OK;OK;OK;OK;0,000;24,047;5,097;2,676;3,273;4,961;1,688;4,946;8,973;9,002;14,960;14,990;19,932;19,962;8,468;8,673;19,848;5,097;2,676;3,273;4,956;1,694;5,041;8,973;8,991;14,960;14,973;19,932;19,951;8,468;8,668;19,978;2,642;23,924;OK
3073400591-00-W20-L2- 26 06G025-0002491;669;10:05:19;33,2;OK;OK;OK;OK;0,000;24,047;5,108;2,676;3,251;4,956;1,650;4,952;8,973;9,013;14,982;15,006;19,960;20,005;8,479;8,679;19,875;5,097;2,665;3,251;4,961;1,645;5,041;8,978;8,997;14,976;14,990;19,960;19,989;8,479;8,679;20,005;2,662;23,923;OK
3073400591-00-W20-L2- 26 06G025-0002494;669;11:05:51;33,2;OK;OK;OK;OK;0,000;24,063;5,141;2,660;3,257;5,010;1,650;5,006;8,995;9,046;14,993;15,028;19,976;20,016;8,506;8,701;19,897;5,146;2,649;3,273;5,005;1,645;5,106;9,000;9,035;14,987;15,017;19,976;20,011;8,501;8,701;20,022;2,639;23,924;OK
3073400591-00-W20-L2- 26 06G025-0002487;669;11:05:32;33,3;OK;OK;OK;OK;0,000;24,042;5,135;2,644;3,273;5,005;1,645;5,001;8,995;9,040;14,993;15,028;19,970;20,016;8,501;8,701;19,891;5,141;2,671;3,257;4,999;1,634;5,090;8,995;9,029;14,987;15,011;19,970;20,000;8,501;8,701;20,016;2,629;23,924;OK
3073400591-00-W20-L2- 26 06G025-0002559;669;11:05:11;33,1;OK;OK;OK;OK;0,000;24,052;5,135;2,660;3,262;5,010;1,699;5,006;8,995;9,035;14,982;15,022;19,954;20,011;8,501;8,706;19,886;5,146;2,660;3,257;5,010;1,699;5,095;8,995;9,024;14,976;15,000;19,960;19,989;8,495;8,701;20,005;2,609;23,924;OK
3073400591-00-W20-L2- 26 06G025-0002563;669;11:05:51;33,0;OK;OK;OK;OK;0,000;24,052;5,119;2,654;3,251;4,983;1,704;4,973;8,962;9,002;14,944;14,984;19,922;19,962;8,468;8,668;19,842;5,113;2,660;3,268;5,119;1,704;5,063;8,962;8,981;14,949;14,962;19,927;19,946;8,463;8,668;19,973;2,624;24,070;OK
3073400591-00-W20-L2- 26 06G025-0002567;669;11:05:33;33,1;OK;OK;OK;OK;0,000;24,052;5,141;2,682;3,268;5,010;1,715;5,011;9,011;9,046;14,998;15,033;19,970;20,022;8,506;8,711;19,891;5,146;2,660;3,262;5,010;1,721;5,090;9,011;9,024;15,004;15,017;19,981;20,000;8,506;8,711;20,022;2,628;23,923;OK
3073400591-00-W20-L2- 26 06G025-0002564;669;11:05:13;33,3;OK;OK;OK;OK;0,000;24,042;5,119;2,660;3,251;4,994;1,677;4,984;8,978;9,013;14,960;14,995;19,938;19,967;8,484;8,679;19,848;5,124;2,649;3,257;4,994;1,666;5,068;8,978;9,002;14,960;14,979;19,932;19,956;8,479;8,679;19,984;2,659;23,924;OK
3073400591-00-W20-L2- 26 06G025-0002561;669;11:05:54;33,1;OK;OK;OK;OK;0,000;24,047;5,141;2,649;3,279;5,005;1,699;4,990;9,011;9,035;15,014;15,038;20,014;20,043;8,511;8,711;19,913;5,146;2,649;3,262;5,010;1,704;5,095;9,011;9,040;15,014;15,044;20,014;20,049;8,506;8,711;20,054;2,670;23,924;OK
3073400591-00-W20-L2- 26 06G025-0002566;669;11:05:33;33,0;OK;OK;OK;OK;0,000;24,058;5,135;2,676;3,262;5,005;1,688;4,973;8,989;9,008;14,966;14,979;19,932;19,956;8,490;8,690;19,837;5,146;2,654;3,284;5,010;1,683;5,090;8,989;9,013;14,971;14,990;19,932;19,967;8,490;8,695;19,984;2,604;23,924;OK
3073400591-00-W20-L2- 26 06G025-0002558;669;11:05:14;33,3;OK;OK;OK;OK;0,000;24,052;5,130;2,671;3,251;4,983;1,704;4,952;8,995;9,002;15,004;15,017;19,998;20,022;8,490;8,690;19,897;5,130;2,676;3,279;4,989;1,699;5,073;8,995;9,019;15,009;15,028;19,992;20,027;8,490;8,690;20,049;2,622;23,923;OK
3073400591-00-W20-L2- 26 06G025-0003280;669;11:05:35;14,0;OK;OK;OK;OK;0,000;24,058;5,135;2,676;3,262;4,994;1,699;4,984;8,984;9,024;14,976;15,011;19,949;19,984;4,994;-1,000;-1,000;-1,000;-1,000;-1,000;-1,000;-1,000;-1,000;-1,000;-1,000;-1,000;-1,000;-1,000;-1,000;-1,000;-1,000;-1,000;-1,000;-1,000;NOK
3073400591-00-W20-L2- 26 06G025-0003280;669;11:05:31;33,1;OK;OK;OK;OK;0,000;24,052;5,124;2,671;3,273;4,989;1,694;4,984;8,978;9,024;14,976;15,000;19,943;19,978;8,479;8,679;19,859;5,130;2,649;3,279;4,989;1,688;5,073;8,978;9,008;14,966;14,990;19,943;19,967;8,479;8,684;19,984;2,602;23,924;OK
3073400591-00-W20-L2- 26 06G025-0003536;669;11:05:13;33,1;OK;OK;OK;OK;0,000;24,052;5,108;2,660;3,284;4,994;1,650;4,984;8,995;9,029;14,993;15,028;19,976;20,027;8,495;8,695;19,902;5,130;2,671;3,284;4,994;1,656;5,084;8,995;9,024;14,993;15,017;19,976;20,011;8,495;8,690;20,027;2,616;23,924;OK
3073400591-00-W20-L2- 26 06G025-0003740;669;11:05:54;33,1;OK;OK;OK;OK;0,000;24,047;5,119;2,682;3,273;4,972;1,683;4,963;8,967;9,002;14,971;15,006;19,970;20,000;8,468;8,668;19,875;5,103;2,687;3,284;4,972;1,672;5,057;8,967;9,002;14,976;14,995;19,965;19,994;8,468;8,668;20,016;2,647;23,924;OK
3073400591-00-W20-L2- 26 06G025-0003733;669;11:05:36;33,3;OK;OK;OK;OK;0,000;24,052;5,130;2,687;3,273;4,999;1,634;4,984;8,995;9,029;14,993;15,028;19,987;20,022;8,495;8,690;19,902;5,135;2,682;3,284;4,994;1,639;5,084;8,995;9,024;14,993;15,017;19,987;20,016;8,495;8,690;20,038;2,638;23,923;OK
3073400591-00-W20-L2- 26 06G025-0003737;669;11:05:16;33,2;OK;OK;OK;OK;0,000;24,047;5,097;2,671;3,279;4,967;1,639;4,946;8,962;8,986;14,960;14,984;19,932;19,967;8,463;8,663;19,842;5,108;2,665;3,262;4,972;1,634;5,052;8,967;8,991;14,960;14,979;19,932;19,962;8,468;8,663;19,978;2,630;23,923;OK
3073400591-00-W20-L2- 26 06G025-0003744;669;11:05:56;33,0;OK;OK;OK;OK;0,002;24,052;5,119;2,676;3,273;4,978;1,677;4,963;8,984;9,008;14,987;15,011;19,987;20,016;8,479;8,684;19,897;5,113;2,671;3,268;4,978;1,672;5,046;8,984;8,991;14,993;14,990;19,976;19,989;8,479;8,679;20,022;2,621;23,925;OK
3073400591-00-W20-L2- 26 06G025-0003741;669;11:05:37;33,0;OK;OK;OK;OK;0,000;24,052;5,146;2,682;3,273;5,010;1,645;4,995;8,995;9,019;15,004;15,022;19,981;20,016;8,495;8,695;19,891;5,151;2,665;3,268;5,016;1,650;5,095;8,995;9,024;14,998;15,022;19,981;20,011;8,495;8,695;20,022;2,645;23,924;OK
3073400591-00-W20-L2- 26 06G025-0003734;669;11:05:17;33,2;OK;OK;OK;OK;0,000;24,047;5,124;2,660;3,257;4,994;1,639;4,990;9,000;9,035;15,009;15,044;19,998;20,049;8,501;8,695;19,918;5,135;2,682;3,262;4,994;1,634;5,073;9,000;9,013;15,009;15,022;20,003;20,027;8,501;8,701;20,049;2,632;23,923;OK
3073400591-00-W20-L2- 26 06G025-0003736;669;11:05:57;33,2;OK;OK;OK;OK;0,000;24,047;5,135;2,687;3,268;4,999;1,656;4,995;8,989;9,035;14,987;15,022;19,954;20,000;8,495;8,695;19,875;5,141;2,660;3,284;4,999;1,656;5,090;8,995;9,024;14,987;15,011;19,965;19,994;8,495;8,695;20,000;2,629;23,924;OK
3073400591-00-W20-L2- 26 06G025-0003743;669;11:05:38;33,1;OK;OK;OK;OK;0,000;24,052;5,086;2,676;3,279;4,951;1,656;4,946;8,962;8,991;14,944;14,979;19,916;19,956;8,457;8,663;19,837;5,092;2,660;3,268;4,951;1,650;5,046;8,957;8,986;14,944;14,968;19,916;19,951;8,457;8,663;19,962;2,607;23,925;OK
3073400591-00-W20-L2- 26 06G025-0003742;669;11:05:17;33,1;OK;OK;OK;OK;0,000;24,052;5,119;2,682;3,279;4,989;1,704;4,973;8,984;9,024;14,993;15,028;19,981;20,027;8,484;8,684;19,897;5,119;2,671;3,289;4,983;1,704;5,057;8,984;8,997;14,987;14,995;19,981;19,994;8,484;8,684;20,027;2,631;23,922;OK
3073400591-00-W20-L2- 26 06G025-0003735;669;11:05:52;18,3;OK;OK;OK;OK;0,000;24,052;5,119;2,660;3,284;4,978;1,639;4,973;8,973;9,008;14,960;14,995;19,932;19,973;8,468;8,673;19,848;5,113;2,682;1,699;-1,000;-1,000;-1,000;-1,000;-1,000;-1,000;-1,000;-1,000;-1,000;-1,000;-1,000;-1,000;-1,000;-1,000;NOK
3073400591-00-W20-L2- 26 06G025-0003276;669;11:05:45;32,7;OK;OK;OK;OK;0,000;24,052;5,119;2,649;3,257;4,994;1,623;4,984;8,989;9,024;14,987;15,022;19,965;20,011;8,490;8,690;19,880;5,124;2,660;3,279;4,994;1,634;5,068;8,989;9,013;14,987;15,006;19,970;19,989;8,490;8,690;20,016;2,653;23,924;OK
3073400591-00-W20-L2- 26 06G025-0003738;669;11:05:25;32,8;OK;OK;OK;OK;0,000;24,058;5,141;2,660;3,284;5,010;1,677;5,001;8,995;9,029;14,976;15,011;19,943;19,984;8,495;8,701;19,859;5,146;2,676;3,279;5,010;1,683;5,084;8,995;9,008;14,982;14,990;19,938;19,956;8,495;8,701;19,994;2,634;23,924;OK
3073400591-00-W20-L2- 26 06G025-0003735;669;11:05:04;32,7;OK;OK;OK;OK;0,000;24,042;5,103;2,660;3,257;4,972;1,639;4,968;8,962;9,002;14,955;14,990;19,927;19,967;8,463;8,668;19,837;5,108;2,671;3,251;4,972;1,634;5,052;8,957;8,991;14,949;14,973;19,922;19,951;8,463;8,663;19,973;2,625;23,925;OK
3073400591-00-W20-L2- 26 06G025-0003265;669;11:05:44;32,7;OK;OK;OK;OK;0,000;24,042;5,124;2,660;3,279;4,989;1,677;4,984;8,978;9,013;14,966;14,995;19,938;19,978;8,484;8,684;19,853;5,124;2,649;3,262;4,994;1,688;5,079;8,984;9,008;14,966;14,984;19,938;19,962;8,479;8,684;19,984;2,644;23,924;OK
3073400591-00-W20-L2- 26 06G025-0003268;669;11:05:31;32,8;OK;OK;OK;OK;0,000;24,052;5,130;2,671;3,306;5,005;1,694;4,990;8,995;9,024;14,976;15,011;19,949;19,989;8,495;8,690;19,864;5,135;2,692;3,279;4,999;1,710;5,084;8,995;9,019;14,982;14,995;19,954;19,978;8,490;8,695;19,994;2,643;23,923;OK
3073400591-00-W20-L2- 26 06G025-0003271;669;11:05:10;32,7;OK;OK;OK;OK;0,000;24,058;5,135;2,682;3,268;4,994;1,645;4,984;8,978;9,013;14,971;15,000;19,943;19,978;8,484;8,679;19,853;5,124;2,687;3,268;4,989;1,639;4,921;8,984;8,823;14,966;14,794;19,938;19,799;8,484;8,684;19,984;2,551;23,928;OK
3073400591-00-W20-L2- 26 06G025-0003272;669;11:05:51;32,9;OK;OK;OK;OK;0,000;24,052;5,124;2,665;3,279;4,994;1,650;4,990;8,989;9,024;14,998;15,033;19,992;20,032;8,495;8,701;19,913;5,130;2,682;3,273;4,999;1,656;5,073;8,995;9,013;14,993;15,011;19,998;20,016;8,495;8,690;20,043;2,680;23,924;OK
3073400591-00-W20-L2- 26 06G025-0003270;669;11:05:31;32,8;OK;OK;OK;OK;0,000;24,047;5,108;2,665;3,268;4,972;1,688;4,963;8,978;9,013;14,976;15,006;19,960;19,994;8,479;8,673;19,870;5,113;2,682;3,257;4,972;1,683;5,063;8,973;9,002;14,982;15,000;19,965;19,994;8,479;8,673;20,011;2,644;23,924;OK
3073400591-00-W20-L2- 26 06G025-0003275;669;11:05:11;32,8;OK;OK;OK;OK;0,000;24,042;5,108;2,671;3,257;4,967;1,704;4,963;8,962;9,008;14,982;15,011;19,987;20,022;8,463;8,668;19,902;5,097;2,676;3,251;4,967;1,710;5,052;8,967;8,997;14,976;15,000;19,981;20,011;8,468;8,668;20,027;2,634;23,924;OK
3073400591-00-W20-L2- 26 06G025-0003266;669;11:05:59;32,7;OK;OK;OK;OK;0,000;24,052;5,141;2,676;3,257;4,994;1,672;4,979;8,978;9,019;14,966;15,000;19,932;19,973;8,479;8,679;19,848;5,124;2,665;3,284;4,989;1,672;5,073;8,978;9,008;14,966;14,990;19,927;19,967;8,479;8,673;19,984;2,638;23,924;OK
3073400591-00-W20-L2- 26 06G025-0003267;669;11:05:41;32,7;OK;OK;OK;OK;0,000;24,052;5,157;2,676;3,279;5,021;1,672;5,006;9,005;9,040;14,998;15,033;19,976;20,011;8,511;8,711;19,880;5,157;2,660;3,279;5,016;1,672;5,106;9,011;9,040;15,004;15,022;19,970;20,000;8,511;8,711;20,022;2,609;24,070;OK
3073400591-00-W20-L2- 26 06G025-0003273;669;11:05:21;32,7;OK;OK;OK;OK;0,000;24,052;5,124;2,660;3,279;4,994;1,672;4,984;8,989;9,024;14,987;15,011;19,965;19,994;8,490;8,684;19,870;5,124;2,665;3,257;4,994;1,672;5,073;8,989;9,013;14,982;15,000;19,960;19,984;8,490;8,684;20,000;2,587;23,924;OK
3073400591-00-W20-L2- 26 06G025-0003739;669;11:05:01;32,6;OK;OK;OK;OK;0,002;24,047;5,086;2,654;3,273;4,956;1,650;4,952;8,967;9,008;14,960;14,995;19,949;19,978;8,473;8,668;19,859;5,092;2,665;3,262;4,956;1,645;5,052;8,967;9,002;14,966;14,995;19,943;19,978;8,468;8,673;19,989;2,608;23,923;OK
3073400591-00-W20-L2- 26 06G025-0003269;669;11:05:42;32,7;OK;OK;OK;OK;0,000;24,058;5,141;2,665;3,279;4,999;1,645;4,984;9,000;9,019;14,993;15,022;19,981;20,011;8,501;8,701;19,891;5,146;2,654;3,279;5,005;1,645;5,095;9,000;9,029;14,993;15,017;19,987;20,016;8,501;8,701;20,032;2,610;23,923;OK
3073400591-00-W20-L2- 26 06G025-0003754;669;11:05:30;32,9;OK;OK;OK;OK;0,000;24,052;5,141;2,682;3,300;5,016;1,699;5,001;9,016;9,057;15,036;15,066;20,019;20,060;8,517;8,717;19,929;5,146;2,698;3,289;5,010;1,694;5,095;9,022;9,040;15,036;15,055;20,019;20,038;8,522;8,722;20,065;2,651;23,921;OK
3073400591-00-W20-L2- 26 06G025-0003750;669;11:05:10;32,7;OK;OK;OK;OK;0,000;24,047;5,124;2,676;3,268;4,989;1,650;4,979;8,978;9,008;14,966;14,995;19,932;19,967;8,479;8,679;19,853;5,124;2,649;3,262;4,989;1,650;5,068;8,984;9,002;14,966;14,984;19,932;19,956;8,484;8,679;19,984;2,591;23,923;OK
3073400591-00-W20-L2- 26 06G025-0003753;669;11:05:52;32,8;OK;OK;OK;OK;0,000;24,042;5,141;2,649;3,284;5,010;1,666;5,006;9,000;9,040;14,993;15,028;19,970;20,011;8,501;8,706;19,886;5,146;2,676;3,262;5,010;1,661;5,101;9,000;9,024;14,993;15,011;19,965;20,000;8,501;8,701;20,016;2,618;23,923;OK
3073400591-00-W20-L2- 26 06G025-0003756;669;11:05:31;32,7;OK;OK;OK;OK;0,000;24,058;5,130;2,698;3,295;4,999;1,688;4,995;8,989;9,024;14,993;15,017;19,976;20,016;8,495;8,695;19,897;5,135;2,709;3,284;4,999;1,694;5,090;8,989;9,024;14,987;15,011;19,987;20,011;8,495;8,695;20,027;2,653;23,923;OK
3073400591-00-W20-L2- 26 06G025-0003745;669;11:05:42;3,9;OK;OK;OK;OK;0,000;24,058;1,151;-1,000;-1,000;-1,000;-1,000;-1,000;-1,000;-1,000;-1,000;-1,000;-1,000;-1,000;-1,000;-1,000;-1,000;-1,000;-1,000;-1,000;-1,000;-1,000;-1,000;-1,000;-1,000;-1,000;-1,000;-1,000;-1,000;-1,000;-1,000;-1,000;-1,000;-1,000;NOK
3073400591-00-W20-L2- 26 06G025-0003745;669;11:05:19;32,7;OK;OK;OK;OK;0,000;24,052;5,108;2,660;3,279;4,972;1,683;4,957;8,951;8,986;14,933;14,962;19,900;19,935;8,457;8,652;19,815;5,108;2,676;3,257;4,967;1,694;5,068;8,957;8,986;14,938;14,962;19,900;19,929;8,463;8,663;19,946;2,646;23,923;OK
3073400591-00-W20-L2- 26 06G025-0003752;669;11:05:39;13,9;OK;OK;OK;OK;0,000;24,047;5,130;2,654;3,279;4,999;1,710;4,995;9,000;9,040;15,004;15,033;19,998;20,038;4,999;-1,000;-1,000;-1,000;-1,000;-1,000;-1,000;-1,000;-1,000;-1,000;-1,000;-1,000;-1,000;-1,000;-1,000;-1,000;-1,000;-1,000;-1,000;-1,000;NOK
3073400591-00-W20-L2- 26 06G025-0003746;669;11:05:52;32,7;OK;OK;OK;OK;0,003;24,052;5,103;2,676;3,257;4,972;1,634;4,963;8,957;9,002;14,960;14,995;19,938;19,989;8,457;8,663;19,870;5,103;2,671;3,262;4,972;1,634;5,052;8,962;8,986;14,955;14,973;19,949;19,978;8,457;8,663;19,989;2,623;23,923;OK
3073400591-00-W20-L2- 26 06G025-0003752;669;11:05:32;32,7;OK;OK;OK;OK;0,000;24,042;5,130;2,676;3,273;4,994;1,710;4,990;9,000;9,035;14,998;15,033;19,992;20,032;8,501;8,701;19,913;5,130;2,649;3,279;4,994;1,710;5,084;8,995;9,019;14,998;15,028;19,992;20,022;8,501;8,695;20,038;2,644;23,923;OK
3073400591-00-W20-L2- 26 06G025-0003751;669;11:05:12;32,7;OK;OK;OK;OK;0,002;24,047;5,130;2,649;3,268;4,999;1,628;4,995;8,973;9,013;14,966;15,006;19,949;19,994;8,473;8,673;19,880;5,135;2,676;3,251;4,994;1,628;5,090;8,973;9,008;14,966;14,995;19,954;19,989;8,473;8,673;20,000;2,615;23,923;OK
3073400591-00-W20-L2- 26 06G025-0003747;669;11:05:51;32,8;OK;OK;OK;OK;0,000;24,047;5,097;2,644;3,262;4,961;1,710;4,957;8,967;8,997;14,960;14,995;19,960;19,994;8,463;8,663;19,875;5,103;2,671;3,262;4,967;1,715;5,057;8,962;8,991;14,966;14,984;19,960;19,984;8,463;8,663;20,000;2,605;23,923;OK
3073400591-00-W20-L2- 26 06G025-0003755;669;11:05:31;32,8;OK;OK;OK;OK;0,000;24,052;5,070;2,660;3,273;4,940;1,672;4,925;8,940;8,970;14,922;14,952;19,900;19,929;8,441;8,646;19,810;5,075;2,644;3,262;4,940;1,672;5,030;8,940;8,975;14,917;14,946;19,894;19,929;8,446;8,646;19,946;2,583;23,925;OK
3073400591-00-W20-L2- 26 06G025-0003749;669;11:05:53;32,8;OK;OK;OK;OK;0,000;24,058;5,119;2,660;3,284;4,994;1,639;4,979;8,978;9,013;14,971;15,006;19,960;19,994;8,484;8,684;19,875;5,124;2,676;3,268;4,994;1,634;5,073;8,978;9,008;14,971;14,995;19,960;19,984;8,479;8,684;20,005;2,597;23,925;OK
3073400591-00-W20-L2- 26 06G025-0003748;669;11:05:31;21,2;OK;OK;OK;OK;0,000;24,052;5,135;2,671;3,262;5,005;1,672;5,001;8,984;9,029;14,960;14,995;19,932;19,978;8,490;8,690;19,853;5,141;2,665;3,273;5,151;0,586;-1,000;-1,000;-1,000;-1,000;-1,000;-1,000;-1,000;-1,000;-1,000;-1,000;-1,000;-1,000;NOK
3073400591-00-W20-L2- 26 06G025-0003748;669;11:05:06;32,8;OK;OK;OK;OK;0,002;24,042;5,141;2,676;3,268;5,005;1,666;5,001;8,984;9,029;14,966;14,995;19,927;19,973;8,490;8,690;19,853;5,141;2,665;3,251;4,999;1,666;5,090;8,989;9,019;14,966;14,990;19,927;19,962;8,484;8,690;19,973;2,621;23,922;OK
3073400591-00-W20-L2- 26 06G025-0001667;669;11:05:45;32,7;OK;OK;OK;OK;0,000;24,047;5,124;2,644;3,257;4,989;1,688;4,973;8,978;9,013;14,971;15,006;19,949;19,994;8,479;8,679;19,875;5,124;2,649;3,257;4,983;1,694;5,073;8,984;9,008;14,966;15,000;19,949;19,984;8,479;8,679;20,000;2,621;23,923;OK
3073400591-00-W20-L2- 26 06G025-0001666;669;11:05:30;32,6;OK;OK;OK;OK;0,000;24,052;5,103;2,660;3,284;4,972;1,666;4,973;8,973;9,024;14,987;15,028;19,981;20,027;8,479;8,679;19,897;5,108;2,671;3,268;4,983;1,661;5,063;8,978;9,008;14,987;15,011;19,987;20,011;8,479;8,679;20,032;2,633;23,923;OK
3073400591-00-W20-L2- 26 06G025-0001663;669;11:05:09;32,7;OK;OK;OK;OK;0,000;24,058;5,119;2,660;3,289;4,989;1,688;4,979;8,984;9,029;14,982;15,017;19,960;20,005;8,490;8,684;19,886;5,124;2,692;3,289;4,989;1,688;5,068;8,984;9,008;14,976;14,995;19,965;19,989;8,484;8,684;20,011;2,629;23,923;OK
3073400591-00-W20-L2- 26 06G025-0001668;669;11:05:50;32,8;OK;OK;OK;OK;0,000;24,042;5,119;2,682;3,262;4,989;1,672;4,995;8,984;9,029;14,966;15,006;19,954;20,000;8,484;8,690;19,875;5,130;2,660;3,268;4,999;1,666;5,084;8,984;9,013;14,971;14,990;19,954;19,984;8,484;8,690;19,994;2,625;23,924;OK
3073400591-00-W20-L2- 26 06G025-0001665;669;11:05:30;32,8;OK;OK;OK;OK;0,000;24,052;5,130;2,654;3,262;4,999;1,650;4,995;8,989;9,024;14,971;15,006;19,943;19,989;8,495;8,695;19,864;5,141;2,649;3,262;4,999;1,650;5,084;8,989;9,013;14,971;14,990;19,943;19,973;8,495;8,690;19,989;2,623;23,924;OK
3073400591-00-W20-L2- 26 06G025-0001660;669;11:05:09;32,7;OK;OK;OK;OK;0,000;24,052;5,108;2,665;3,262;4,983;1,661;4,979;8,978;9,024;14,987;15,022;19,981;20,027;8,484;8,684;19,902;5,119;2,665;3,273;4,989;1,661;5,068;8,984;9,013;14,987;15,011;19,987;20,011;8,484;8,684;20,027;2,630;23,924;OK
3073400591-00-W20-L2- 26 06G025-0001657;669;11:05:50;32,7;OK;OK;OK;OK;0,000;24,052;5,135;2,633;3,257;5,010;1,666;5,006;8,978;9,019;14,982;15,017;19,965;20,000;8,484;8,684;19,886;5,141;2,649;3,235;5,010;1,672;5,095;8,978;9,008;14,976;14,995;19,965;19,989;8,484;8,684;20,011;2,620;23,924;OK
3073400591-00-W20-L2- 26 06G025-0001662;669;11:05:13;13,9;OK;OK;OK;OK;0,000;24,042;5,086;2,644;3,268;4,956;1,715;4,941;8,957;8,986;14,955;14,984;19,943;19,978;4,956;-1,000;-1,000;-1,000;-1,000;-1,000;-1,000;-1,000;-1,000;-1,000;-1,000;-1,000;-1,000;-1,000;-1,000;-1,000;-1,000;-1,000;-1,000;-1,000;NOK
3073400591-00-W20-L2- 26 06G025-0001662;669;11:05:47;32,8;OK;OK;OK;OK;0,000;24,047;5,081;2,665;3,273;4,956;1,710;4,952;8,957;8,991;14,955;14,990;19,938;19,984;8,457;8,652;19,859;5,092;2,665;3,251;4,956;1,721;5,046;8,951;8,986;14,955;14,984;19,938;19,967;8,457;8,657;19,989;2,626;23,926;OK
3073400591-00-W20-L2- 26 06G025-0001658;669;11:05:27;32,7;OK;OK;OK;OK;0,003;24,047;5,113;2,671;3,284;4,983;1,710;4,973;8,967;9,013;14,960;15,006;19,954;20,000;8,468;8,673;19,870;5,119;2,665;3,289;4,983;1,704;5,063;8,967;8,991;14,960;14,979;19,949;19,973;8,473;8,673;20,005;2,588;23,924;OK
3073400591-00-W20-L2- 26 06G025-0001659;669;11:05:07;32,7;OK;OK;OK;OK;0,000;24,052;5,113;2,671;3,262;4,978;1,650;4,968;8,967;9,002;14,960;14,995;19,943;19,989;8,473;8,668;19,859;5,113;2,676;3,284;4,978;1,650;5,063;8,962;8,991;14,960;14,979;19,943;19,973;8,468;8,668;20,000;2,603;23,978;OK
3073400591-00-W20-L2- 26 06G025-0001661;669;11:05:47;32,8;OK;OK;OK;OK;0,000;24,052;5,108;2,649;3,262;4,967;1,688;4,957;8,957;8,997;14,949;14,984;19,927;19,967;8,463;8,657;19,848;5,103;2,682;3,273;4,967;1,694;5,052;8,962;8,986;14,949;14,968;19,927;19,956;8,463;8,663;19,978;2,600;23,924;OK
3073400591-00-W20-L2- 26 06G025-0001664;669;11:05:27;32,8;OK;OK;OK;OK;0,000;24,058;5,141;2,649;3,279;5,005;1,710;5,001;9,005;9,051;15,009;15,044;19,987;20,027;8,506;8,706;19,897;5,141;2,676;3,268;5,005;1,721;5,090;9,011;9,035;15,004;15,033;19,987;20,011;8,506;8,701;20,032;2,636;23,922;OK
3073400591-00-W20-L2- 26 06G025-0000854;669;11:05:07;32,6;OK;OK;OK;OK;0,000;24,042;5,135;2,665;3,251;4,999;1,650;4,990;8,989;9,029;14,976;15,011;19,954;19,994;8,484;8,690;19,870;5,135;2,649;3,268;4,994;1,645;5,084;8,984;9,013;14,976;14,990;19,954;19,978;8,490;8,690;20,005;2,621;23,924;OK
3073400591-00-W20-L2- 26 06G025-0000862;669;11:05:46;32,7;OK;OK;OK;OK;0,003;24,052;5,086;2,654;3,284;4,956;1,688;4,957;8,967;9,013;14,966;15,006;19,938;19,989;8,468;8,668;19,859;5,092;2,665;3,284;4,956;1,694;5,052;8,967;9,002;14,971;14,990;19,938;19,984;8,468;8,668;19,984;2,611;23,924;OK
3073400591-00-W20-L2- 26 06G025-0000853;669;11:05:25;32,7;OK;OK;OK;OK;0,000;24,052;5,119;2,665;3,289;4,972;1,639;4,963;8,973;9,013;14,982;15,028;19,976;20,022;8,473;8,673;19,897;5,108;2,660;3,284;4,967;1,645;5,057;8,973;9,008;14,987;15,011;19,976;20,011;8,479;8,679;20,027;2,615;23,924;OK
3073400591-00-W20-L2- 26 06G025-0000863;669;11:05:08;32,7;OK;OK;OK;OK;0,002;24,052;5,135;2,687;3,279;4,999;1,672;5,001;9,000;9,046;15,014;15,049;20,008;20,038;8,511;8,706;19,929;5,146;2,665;3,289;5,005;1,666;5,095;9,005;9,029;15,014;15,033;20,008;20,038;8,506;8,706;20,049;2,650;23,921;OK
3073400591-00-W20-L2- 26 06G025-0000860;669;11:05:48;32,8;OK;OK;OK;OK;0,000;24,052;5,141;2,665;3,295;5,010;1,672;5,001;9,000;9,035;15,004;15,033;19,992;20,022;8,501;8,701;19,908;5,146;2,687;3,273;5,005;1,661;5,090;9,000;9,029;15,004;15,022;19,992;20,011;8,506;8,706;20,038;2,641;23,921;OK
3073400591-00-W20-L2- 26 06G025-0000859;669;11:05:27;32,7;OK;OK;OK;OK;0,001;24,052;5,092;2,676;3,268;4,956;1,704;4,946;8,967;9,008;14,955;14,990;19,932;19,973;8,468;8,663;19,848;5,092;2,660;3,268;4,956;1,699;5,052;8,967;9,002;14,949;14,979;19,932;19,962;8,468;8,668;19,973;2,618;23,924;OK
3073400591-00-W20-L2- 26 06G025-0000856;669;11:05:07;32,9;OK;OK;OK;OK;0,000;24,058;5,092;2,665;3,289;4,961;1,699;4,957;8,951;8,991;14,944;14,979;19,922;19,967;8,457;8,657;19,837;5,092;2,654;3,268;4,956;1,704;5,052;8,957;8,986;14,944;14,968;19,922;19,956;8,457;8,652;19,967;2,608;23,924;OK
3073400591-00-W20-L2- 26 06G025-0000864;669;11:05:48;33,1;OK;OK;OK;OK;0,000;24,042;5,130;2,665;3,268;4,999;1,639;4,995;8,984;9,024;14,982;15,017;19,960;20,000;8,490;8,690;19,875;5,135;2,665;3,268;4,999;1,650;5,079;8,989;9,008;14,982;14,990;19,960;19,978;8,495;8,695;20,005;2,627;23,923;OK
3073400591-00-W20-L2- 26 06G025-0000861;669;11:05:28;32,9;OK;OK;OK;OK;0,000;24,052;5,141;2,638;3,251;5,016;1,656;5,011;8,984;9,024;14,971;15,006;19,938;19,984;8,484;8,684;19,859;5,157;2,633;3,257;5,021;1,650;5,101;8,984;9,013;14,966;14,990;19,938;19,967;8,484;8,690;19,978;2,622;23,924;OK
3073400591-00-W20-L2- 26 06G025-0000857;669;11:05:07;32,8;OK;OK;OK;OK;0,000;24,047;5,130;2,660;3,262;4,999;1,656;4,984;9,000;9,040;15,009;15,044;20,019;20,054;8,501;8,701;19,940;5,135;2,682;3,262;4,994;1,666;5,068;9,005;9,013;15,009;15,017;20,019;20,038;8,495;8,701;20,065;2,634;23,923;OK
3073400591-00-W20-L2- 26 06G025-0000858;669;11:05:47;32,8;OK;OK;OK;OK;0,000;24,058;5,130;2,649;3,251;4,989;1,683;4,990;8,978;9,024;14,976;15,017;19,965;20,005;8,484;8,684;19,880;5,130;2,682;3,262;4,994;1,683;5,090;8,984;9,019;14,971;15,006;19,965;19,994;8,490;8,684;20,011;2,618;23,924;OK
3073400591-00-W20-L2- 26 06G025-0000855;669;11:05:26;32,7;OK;OK;OK;OK;0,000;24,047;5,135;2,654;3,268;5,010;1,645;5,001;8,995;9,029;14,982;15,011;19,960;20,000;8,501;8,701;19,880;5,141;2,676;3,262;5,010;1,656;5,090;8,995;9,024;14,976;15,000;19,960;19,984;8,495;8,695;20,000;2,619;23,923;OK
3073400591-00-W20-L2- 26 06G025-0002758;669;11:05:06;32,9;OK;OK;OK;OK;0,000;24,058;5,119;2,676;3,300;4,983;1,677;4,973;8,989;9,024;15,004;15,038;19,998;20,038;8,484;8,690;19,913;5,113;2,676;3,284;4,983;1,688;5,073;8,989;9,019;14,998;15,028;19,992;20,027;8,484;8,690;20,043;2,643;23,924;OK
3073400591-00-W20-L2- 26 06G025-0002753;669;11:05:46;32,8;OK;OK;OK;OK;0,000;24,042;5,135;2,654;3,268;5,005;1,704;4,995;8,995;9,029;14,982;15,011;19,954;19,994;8,495;8,695;19,870;5,141;2,638;3,251;5,005;1,710;5,090;8,995;9,019;14,982;15,000;19,954;19,978;8,495;8,701;20,000;2,603;23,924;OK
3073400591-00-W20-L2- 26 06G025-0002757;669;12:05:26;32,9;OK;OK;OK;OK;0,000;24,042;5,119;2,671;3,262;4,978;1,677;4,968;8,973;9,008;14,966;15,000;19,960;20,000;8,473;8,679;19,875;5,113;2,682;3,273;4,972;1,677;5,073;8,967;9,008;14,971;15,000;19,960;19,989;8,473;8,673;20,011;2,606;23,924;OK
3073400591-00-W20-L2- 26 06G025-0002760;669;12:05:06;32,7;OK;OK;OK;OK;0,000;24,052;5,108;2,654;3,273;4,978;1,704;4,968;8,967;9,013;14,960;15,006;19,954;20,000;8,473;8,673;19,870;5,113;2,665;3,262;4,978;1,704;5,073;8,967;9,008;14,966;14,995;19,949;19,989;8,473;8,663;19,994;2,601;23,922;OK
3073400591-00-W20-L2- 26 06G025-0002752;669;12:05:45;32,8;OK;OK;OK;OK;0,000;24,058;5,119;2,660;3,279;4,983;1,715;4,979;8,973;9,013;14,971;15,006;19,965;19,994;8,473;8,679;19,875;5,113;2,654;3,284;4,983;1,710;5,079;8,978;9,008;14,966;14,995;19,954;19,994;8,473;8,679;20,005;2,630;23,923;OK
3073400591-00-W20-L2- 26 06G025-0002749;669;12:05:30;32,8;OK;OK;OK;OK;0,000;24,052;5,103;2,682;3,289;4,978;1,650;4,968;8,967;9,002;14,949;14,984;19,922;19,962;8,468;8,668;19,848;5,108;2,687;3,279;4,972;1,661;5,068;8,967;8,997;14,949;14,979;19,927;19,951;8,468;8,668;19,973;2,593;23,924;OK
3073400591-00-W20-L2- 26 06G025-0002754;669;12:05:09;32,7;OK;OK;OK;OK;0,000;24,058;5,103;2,644;3,279;4,972;1,721;4,968;8,967;9,002;14,949;14,990;19,922;19,967;8,463;8,663;19,832;5,113;2,676;3,268;4,972;1,726;5,063;8,962;8,997;14,949;14,979;19,916;19,956;8,468;8,663;19,962;2,599;23,925;OK
3073400591-00-W20-L2- 26 06G025-0002759;669;12:05:48;32,7;OK;OK;OK;OK;0,000;24,058;5,124;2,660;3,262;4,994;1,677;4,990;8,978;9,019;14,960;15,000;19,949;19,994;8,479;8,679;19,864;5,130;2,660;3,279;4,994;1,683;5,084;8,973;9,008;14,966;14,990;19,943;19,984;8,479;8,679;19,994;2,616;23,924;OK
3073400591-00-W20-L2- 26 06G025-0002756;669;12:05:27;32,8;OK;OK;OK;OK;0,000;24,052;5,130;2,682;3,262;5,005;1,677;5,001;8,978;9,019;14,949;14,984;19,922;19,962;8,479;8,684;19,837;5,141;2,676;3,268;5,010;1,672;5,090;8,973;9,008;14,949;14,979;19,922;19,946;8,484;8,684;19,967;2,595;23,924;OK
3073400591-00-W20-L2- 26 06G025-0002750;669;12:05:24;32,8;OK;OK;OK;OK;0,000;24,052;5,086;2,692;3,273;4,961;1,677;4,957;8,967;9,008;14,966;15,000;19,954;19,994;8,473;8,673;19,870;5,097;2,682;3,289;4,956;1,683;5,041;8,967;8,997;14,966;14,984;19,954;19,989;8,473;8,668;20,000;2,645;23,924;OK
3073400591-00-W20-L2- 26 06G025-0002755;669;12:05:03;32,8;OK;OK;OK;OK;0,000;24,058;5,130;2,660;3,268;4,994;1,710;4,990;9,000;9,035;14,998;15,044;19,987;20,032;8,495;8,701;19,913;5,135;2,654;3,289;4,999;1,710;5,084;9,000;9,029;15,004;15,028;19,992;20,027;8,501;8,695;20,038;2,672;23,923;OK
3073400591-00-W20-L2- 26 06G025-0002042;669;12:05:43;33,0;OK;OK;OK;OK;0,000;24,058;5,130;2,682;3,273;4,999;1,677;4,995;8,989;9,029;14,982;15,017;19,949;19,994;8,490;8,690;19,875;5,141;2,654;3,268;4,999;1,672;5,095;8,989;9,029;14,976;15,017;19,949;19,994;8,490;8,690;20,000;2,672;23,922;OK
3073400591-00-W20-L2- 26 06G025-0002049;669;12:05:23;33,2;OK;OK;OK;OK;0,000;24,047;5,113;2,665;3,257;4,983;1,634;4,973;8,978;9,019;14,987;15,022;19,976;20,011;8,479;8,679;19,891;5,113;2,660;3,268;4,983;1,639;5,068;8,978;9,013;14,982;15,011;19,976;20,016;8,479;8,679;20,022;2,666;23,922;OK
3073400591-00-W20-L2- 26 06G025-0003065;669;12:05:05;33,1;OK;OK;OK;OK;0,000;24,063;5,124;2,660;3,262;4,994;1,704;4,984;8,984;9,019;14,971;15,006;19,943;19,984;8,484;8,684;19,864;5,130;2,671;3,279;4,994;1,704;5,073;8,984;9,008;14,971;14,995;19,943;19,978;8,479;8,684;19,994;2,668;23,923;OK
3073400591-00-W20-L2- 26 06G025-0003062;669;12:05:45;32,9;OK;OK;OK;OK;0,000;24,063;5,135;2,682;3,279;4,999;1,699;4,990;8,995;9,029;14,987;15,017;19,960;20,005;8,495;8,690;19,875;5,135;2,676;3,262;4,999;1,688;5,090;8,995;9,024;14,982;15,006;19,960;19,994;8,490;8,695;20,011;2,664;23,924;OK
3073400591-00-W20-L2- 26 06G025-0002048;669;12:05:26;33,2;OK;OK;OK;OK;0,000;24,052;5,119;2,682;3,273;4,983;1,694;4,979;8,978;9,019;14,993;15,033;19,998;20,032;8,484;8,684;19,908;5,113;2,649;3,279;4,989;1,683;5,079;8,984;9,019;14,998;15,022;19,998;20,032;8,484;8,679;20,043;2,670;23,923;OK
3073400591-00-W20-L2- 26 06G025-0002043;669;12:05:06;33,0;OK;OK;OK;OK;0,000;24,052;5,135;2,654;3,273;4,999;1,666;4,995;8,989;9,029;14,976;15,017;19,954;19,994;8,490;8,690;19,875;5,141;2,671;3,284;4,999;1,672;5,090;8,989;9,024;14,982;15,011;19,960;19,994;8,495;8,690;20,011;2,604;23,924;OK
3073400591-00-W20-L2- 26 06G025-0002051;669;12:05:47;33,3;OK;OK;OK;OK;0,001;24,052;5,108;2,654;3,257;4,961;1,683;4,957;8,978;9,008;14,987;15,022;19,981;20,016;8,473;8,673;19,891;5,108;2,644;3,268;4,967;1,694;5,057;8,973;9,008;14,987;15,017;19,981;20,016;8,468;8,673;20,027;2,606;23,923;OK
3073400591-00-W20-L2- 26 06G025-0003064;669;12:05:27;33,4;OK;OK;OK;OK;0,000;24,047;5,135;2,671;3,273;5,005;1,694;5,001;9,000;9,035;14,993;15,022;19,981;20,027;8,501;8,701;19,897;5,141;2,665;3,268;5,005;1,694;5,101;8,995;9,035;14,993;15,028;19,987;20,022;8,495;8,695;20,032;2,606;23,980;OK
3073400591-00-W20-L2- 26 06G025-0003061;669;12:05:07;33,2;OK;OK;OK;OK;0,000;24,052;5,097;2,665;3,257;4,967;1,656;4,963;8,978;9,008;14,987;15,017;19,976;20,016;8,473;8,673;19,891;5,108;2,654;3,268;4,972;1,666;5,057;8,978;9,008;14,987;15,011;19,970;20,005;8,473;8,679;20,022;2,616;23,923;OK
3073400591-00-W20-L2- 26 06G025-0003069;669;12:05:48;33,2;OK;OK;OK;OK;0,000;24,058;5,119;2,660;3,284;4,983;1,710;4,973;8,973;9,019;14,966;15,000;19,954;19,989;8,473;8,673;19,870;5,113;2,676;3,268;4,983;1,710;5,068;8,973;9,008;14,960;14,995;19,954;19,989;8,468;8,673;19,994;2,594;24,070;OK
3073400591-00-W20-L2- 26 06G025-0003066;669;12:05:29;33,4;OK;OK;OK;OK;0,000;24,052;5,108;2,671;3,257;4,972;1,715;4,973;8,973;9,013;14,976;15,017;19,960;20,005;8,479;8,673;19,880;5,113;2,671;3,268;4,972;1,710;5,068;8,973;9,008;14,971;15,006;19,965;20,000;8,479;8,673;20,011;2,616;23,924;OK
3073400591-00-W20-L2- 26 06G025-0003070;669;12:05:53;16,7;OK;OK;OK;OK;0,000;24,047;5,097;2,660;3,273;4,967;1,677;4,963;8,951;8,986;14,928;14,968;19,905;19,951;8,452;8,652;19,821;0,027;-1,000;-1,000;-1,000;-1,000;-1,000;-1,000;-1,000;-1,000;-1,000;-1,000;-1,000;-1,000;-1,000;-1,000;-1,000;-1,000;NOK
3073400591-00-W20-L2- 26 06G025-0003070;669;12:05:32;33,1;OK;OK;OK;OK;0,000;24,052;5,097;2,665;3,268;4,961;1,672;4,963;8,951;8,991;14,933;14,973;19,911;19,956;8,452;8,652;19,826;5,097;2,671;3,273;4,961;1,677;5,052;8,946;8,981;14,933;14,957;19,900;19,940;8,446;8,652;19,951;2,597;23,924;OK
3073400591-00-W20-L2- 26 06G025-0003071;669;12:05:12;33,2;OK;OK;OK;OK;0,000;24,052;5,135;2,671;3,284;4,999;1,639;4,990;9,000;9,029;14,998;15,028;19,998;20,027;8,495;8,701;19,908;5,135;2,671;3,284;5,005;1,634;5,084;9,000;9,024;15,004;15,022;19,992;20,022;8,506;8,701;20,038;2,602;23,924;OK
3073400591-00-W20-L2- 26 06G025-0003072;669;12:05:52;33,2;OK;OK;OK;OK;0,000;24,047;5,130;2,682;3,268;4,999;1,656;4,990;9,005;9,040;15,025;15,049;20,014;20,054;8,501;8,706;19,935;5,130;2,660;3,279;4,999;1,656;5,084;9,005;9,040;15,020;15,044;20,019;20,049;8,506;8,701;20,065;2,612;23,923;OK
3073400591-00-W20-L2- 26 06G025-0003063;669;12:05:32;33,1;OK;OK;OK;OK;0,000;24,047;5,108;2,671;3,257;4,967;1,683;4,963;8,967;9,002;14,971;15,006;19,960;20,000;8,463;8,668;19,886;5,097;2,644;3,262;4,967;1,677;5,057;8,967;9,002;14,976;15,000;19,954;19,994;8,473;8,668;20,005;2,610;23,924;OK
3073400591-00-W20-L2- 26 06G025-0003068;669;12:05:12;33,3;OK;OK;OK;OK;0,001;24,052;5,108;2,660;3,268;4,978;1,688;4,968;8,978;9,008;14,971;15,006;19,965;19,994;8,479;8,679;19,880;5,113;2,665;3,273;4,978;1,699;5,068;8,978;9,002;14,976;14,995;19,965;19,989;8,479;8,673;20,005;2,614;23,922;OK
3073400591-00-W20-L2- 26 06G025-0003067;669;12:05:52;33,2;OK;OK;OK;OK;0,000;24,052;5,135;2,676;3,262;4,999;1,661;4,995;9,000;9,029;14,998;15,028;19,976;20,022;8,501;8,701;19,891;5,141;2,671;3,251;5,005;1,661;5,084;9,000;9,024;14,998;15,011;19,976;20,005;8,501;8,701;20,022;2,602;23,923;OK
3073400591-00-W20-L2- 26 06G025-0002058;669;12:05:32;33,2;OK;OK;OK;OK;0,000;24,047;5,119;2,649;3,284;4,989;1,672;4,838;8,973;8,861;14,966;14,848;19,943;19,864;8,479;8,679;19,761;5,130;2,660;3,279;4,989;1,666;5,079;8,978;9,013;14,966;14,990;19,949;19,978;8,479;8,679;20,000;2,618;23,923;OK
3073400591-00-W20-L2- 26 06G025-0002064;669;12:05:15;33,1;OK;OK;OK;OK;0,000;24,058;5,113;2,660;3,279;4,956;1,688;4,957;8,946;8,986;14,928;14,962;19,911;19,956;8,452;8,657;19,826;5,103;2,682;3,262;4,961;1,694;5,052;8,946;8,981;14,928;14,952;19,911;19,935;8,452;8,652;19,951;2,643;23,924;OK
3073400591-00-W20-L2- 26 06G025-0002053;669;12:05:55;33,1;OK;OK;OK;OK;0,000;24,052;5,119;2,682;3,284;4,989;1,704;4,979;8,989;9,029;15,009;15,038;20,003;20,043;8,490;8,695;19,918;5,119;2,665;3,262;4,983;1,704;5,073;8,989;9,019;15,004;15,033;20,003;20,032;8,495;8,695;20,049;2,640;23,923;OK
3073400591-00-W20-L2- 26 06G025-0002061;669;12:05:38;33,3;OK;OK;OK;OK;0,000;24,052;5,141;2,682;3,273;5,010;1,645;5,001;9,000;9,035;14,987;15,028;19,970;20,011;8,506;8,706;19,886;5,146;2,671;3,268;5,010;1,656;5,095;9,000;9,029;14,993;15,017;19,960;19,994;8,501;8,701;20,022;2,618;23,925;OK
3073400591-00-W20-L2- 26 06G025-0002056;669;12:05:18;33,2;OK;OK;OK;OK;0,003;24,058;5,135;2,682;3,268;5,005;1,650;4,995;9,005;9,046;15,009;15,049;19,998;20,038;8,501;8,706;19,913;5,141;2,649;3,284;4,999;1,656;5,101;9,005;9,040;15,009;15,038;19,992;20,032;8,506;8,706;20,038;2,611;23,923;OK
3073400591-00-W20-L2- 26 06G025-0002059;669;12:05:59;33,2;OK;OK;OK;OK;0,000;24,058;5,135;2,682;3,268;5,005;1,661;5,006;8,995;9,035;14,982;15,022;19,965;20,011;8,501;8,695;19,886;5,141;2,682;3,262;5,005;1,661;5,095;8,995;9,024;14,987;15,006;19,965;20,000;8,501;8,695;20,011;2,650;23,922;OK
3073400591-00-W20-L2- 26 06G025-0002055;669;12:05:41;33,1;OK;OK;OK;OK;0,000;24,052;5,141;2,654;3,257;5,010;1,666;5,001;9,000;9,040;14,998;15,033;19,987;20,032;8,506;8,706;19,908;5,151;2,649;3,279;5,010;1,672;5,101;9,000;9,035;14,998;15,017;19,987;20,016;8,501;8,706;20,032;2,652;23,922;OK
3073400591-00-W20-L2- 26 06G025-0002054;669;12:05:22;33,1;OK;OK;OK;OK;0,000;24,052;5,113;2,682;3,251;4,972;1,688;4,968;8,967;9,013;14,955;14,990;19,932;19,978;8,468;8,668;19,853;5,108;2,671;3,279;4,972;1,683;5,057;8,967;9,002;14,955;14,990;19,938;19,967;8,468;8,668;19,984;2,643;23,923;OK
3073400591-00-W20-L2- 26 06G025-0002063;669;12:05:02;33,2;OK;OK;OK;OK;0,000;24,052;5,146;2,682;3,273;5,016;1,666;5,011;9,000;9,035;14,976;15,006;19,960;19,994;8,501;8,701;19,875;5,146;2,665;3,273;5,016;1,656;5,106;8,995;9,035;14,976;15,000;19,960;19,989;8,506;8,701;20,011;2,597;24,070;OK
3073400591-00-W20-L2- 26 06G025-0002060;669;12:05:42;33,2;OK;OK;OK;OK;0,000;24,047;5,130;2,676;3,273;4,999;1,661;4,990;8,989;9,029;14,987;15,017;19,965;20,011;8,495;8,690;19,891;5,135;2,671;3,268;4,999;1,645;5,095;8,989;9,029;14,987;15,011;19,970;20,005;8,495;8,695;20,011;2,621;23,922;OK
3073400591-00-W20-L2- 26 06G025-0002057;669;12:05:22;33,0;OK;OK;OK;OK;0,001;24,052;5,103;2,676;3,289;4,972;1,688;4,968;8,951;8,991;14,928;14,957;19,911;19,951;8,457;8,657;19,826;5,108;2,660;3,284;4,978;1,688;5,063;8,951;8,991;14,928;14,962;19,905;19,946;8,463;8,657;19,956;2,607;23,924;OK
3073400591-00-W20-L2- 26 06G025-0003494;669;12:05:44;14,2;OK;OK;OK;OK;0,000;24,042;5,092;2,660;3,273;4,956;1,688;4,957;8,957;8,997;14,944;14,984;19,927;19,973;4,961;-1,000;-1,000;-1,000;-1,000;-1,000;-1,000;-1,000;-1,000;-1,000;-1,000;-1,000;-1,000;-1,000;-1,000;-1,000;-1,000;-1,000;-1,000;-1,000;NOK
;669;12:05:03;2,2;NON TESTE;NON TESTE;NON TESTE;NON TESTE;-1,000;-1,000;-1,000;-1,000;-1,000;-1,000;-1,000;-1,000;-1,000;-1,000;-1,000;-1,000;-1,000;-1,000;-1,000;-1,000;-1,000;-1,000;-1,000;-1,000;-1,000;-1,000;-1,000;-1,000;-1,000;-1,000;-1,000;-1,000;-1,000;-1,000;-1,000;-1,000;-1,000;-1,000;NOK
;669;12:05:06;2,2;NON TESTE;NON TESTE;NON TESTE;NON TESTE;-1,000;-1,000;-1,000;-1,000;-1,000;-1,000;-1,000;-1,000;-1,000;-1,000;-1,000;-1,000;-1,000;-1,000;-1,000;-1,000;-1,000;-1,000;-1,000;-1,000;-1,000;-1,000;-1,000;-1,000;-1,000;-1,000;-1,000;-1,000;-1,000;-1,000;-1,000;-1,000;-1,000;-1,000;NOK
;669;12:05:10;2,2;NON TESTE;NON TESTE;NON TESTE;NON TESTE;-1,000;-1,000;-1,000;-1,000;-1,000;-1,000;-1,000;-1,000;-1,000;-1,000;-1,000;-1,000;-1,000;-1,000;-1,000;-1,000;-1,000;-1,000;-1,000;-1,000;-1,000;-1,000;-1,000;-1,000;-1,000;-1,000;-1,000;-1,000;-1,000;-1,000;-1,000;-1,000;-1,000;-1,000;NOK
;669;12:05:21;2,2;NON TESTE;NON TESTE;NON TESTE;NON TESTE;-1,000;-1,000;-1,000;-1,000;-1,000;-1,000;-1,000;-1,000;-1,000;-1,000;-1,000;-1,000;-1,000;-1,000;-1,000;-1,000;-1,000;-1,000;-1,000;-1,000;-1,000;-1,000;-1,000;-1,000;-1,000;-1,000;-1,000;-1,000;-1,000;-1,000;-1,000;-1,000;-1,000;-1,000;NOK
;669;12:05:41;2,2;NON TESTE;NON TESTE;NON TESTE;NON TESTE;-1,000;-1,000;-1,000;-1,000;-1,000;-1,000;-1,000;-1,000;-1,000;-1,000;-1,000;-1,000;-1,000;-1,000;-1,000;-1,000;-1,000;-1,000;-1,000;-1,000;-1,000;-1,000;-1,000;-1,000;-1,000;-1,000;-1,000;-1,000;-1,000;-1,000;-1,000;-1,000;-1,000;-1,000;NOK
3073400591-00-W20-L2- 26 06G025-0001841;669;12:05:15;33,2;OK;OK;OK;OK;0,000;24,047;5,097;2,687;3,262;4,967;1,639;4,957;8,967;9,002;14,976;15,006;19,960;20,005;8,463;8,663;19,886;5,097;2,660;3,268;4,961;1,639;5,052;8,967;8,991;14,971;14,995;19,965;19,994;8,463;8,663;20,011;2,619;23,925;OK
3073400591-00-W20-L2- 26 06G025-0003497;669;12:05:55;33,1;OK;OK;OK;OK;0,000;24,052;5,146;2,654;3,284;5,010;1,710;5,011;9,011;9,051;15,009;15,049;19,987;20,032;8,517;8,706;19,908;5,146;2,660;3,284;5,016;1,710;5,106;9,005;9,046;15,004;15,033;19,992;20,027;8,511;8,711;20,038;2,620;23,924;OK
3073400591-00-W20-L2- 26 06G025-0003494;669;12:05:35;33,2;OK;OK;OK;OK;0,000;24,052;5,086;2,660;3,268;4,956;1,694;4,957;8,957;8,991;14,949;14,984;19,927;19,973;8,457;8,652;19,848;5,092;2,671;3,251;4,956;1,694;5,052;8,946;8,986;14,944;14,979;19,927;19,962;8,457;8,652;19,973;2,600;23,924;OK
