NS;Matricule Operateur;Heur Passage;Temps Test;Presence Connecteur;Presence Blandage;Presence C2;Presence C24;INPUT CURRENT (NO TRIGER);INPUT TENSION (NO TRIGER);Apple Mode 3A VBUS  (0A/CC1);Apple Mode 3A D+  (0A/CC1);Apple Mode 3A D-  (0A/CC1);TYPE C VBUS (0A/CC1);TYPE C CC1 (0A/CC1);TYPE C VBUS (3A/CC1);PDO2 VBUS (0A/CC1);PDO2 VBUS (3A/CC1);PDO3 VBUS (0A/CC1);PDO3 VBUS (3A/CC1);PDO4 VBUS (0A/CC1);PDO4 VBUS (3A/CC1);PPS 8.5V VBUS (0A/CC1);PPS 8.5V VBUS (3A/CC1);PPS 20V VBUS (3A/CC1);Apple Mode 3A VBUS  (0A/CC2);Apple Mode 3A D+  (0A/CC2);Apple Mode 3A D-  (0A/CC2);TYPE C VBUS (0A/CC2);TYPE C CC2 (0A/CC2);TYPE C VBUS (3A/CC2);PDO2 VBUS (0A/CC2);PDO2 VBUS (3A/CC2);PDO3 VBUS (0A/CC2);PDO3 VBUS (3A/CC2);PDO4 VBUS (0A/CC2);PDO4 VBUS (3A/CC2);PPS 8.5V VBUS (0A/CC2);PPS 8.5V VBUS (3A/CC2);PPS 20V VBUS (3A/CC2);INPUT CURRENT (FULL LOAD);INPUT TENSION (FULL LOAD);Status Carte;
3073400591-00-W29-L2- 25 07G074-0002439;716;08:05:11;33,3;OK;OK;OK;OK;0,000;24,058;5,086;2,660;3,268;4,972;1,650;4,859;8,989;8,894;14,971;14,892;19,943;19,897;8,484;8,684;19,777;5,113;2,654;3,279;4,972;1,656;5,073;8,989;9,019;14,966;14,995;19,938;19,978;8,484;8,684;19,989;2,651;23,935;OK
;716;08:05:29;2,2;NON TESTE;NON TESTE;NON TESTE;NON TESTE;-1,000;-1,000;-1,000;-1,000;-1,000;-1,000;-1,000;-1,000;-1,000;-1,000;-1,000;-1,000;-1,000;-1,000;-1,000;-1,000;-1,000;-1,000;-1,000;-1,000;-1,000;-1,000;-1,000;-1,000;-1,000;-1,000;-1,000;-1,000;-1,000;-1,000;-1,000;-1,000;-1,000;-1,000;NOK
3073400591-00-W05-L3- 25 02G005-0001441;716;08:05:47;1,0;FAIL;NON TESTE;NON TESTE;NON TESTE;-1,000;-1,000;-1,000;-1,000;-1,000;-1,000;-1,000;-1,000;-1,000;-1,000;-1,000;-1,000;-1,000;-1,000;-1,000;-1,000;-1,000;-1,000;-1,000;-1,000;-1,000;-1,000;-1,000;-1,000;-1,000;-1,000;-1,000;-1,000;-1,000;-1,000;-1,000;-1,000;-1,000;-1,000;NOK
3073400591-00-W21-L2- 25 06G011-0000153;716;08:05:58;1,3;OK;OK;OK;FAIL;-1,000;-1,000;-1,000;-1,000;-1,000;-1,000;-1,000;-1,000;-1,000;-1,000;-1,000;-1,000;-1,000;-1,000;-1,000;-1,000;-1,000;-1,000;-1,000;-1,000;-1,000;-1,000;-1,000;-1,000;-1,000;-1,000;-1,000;-1,000;-1,000;-1,000;-1,000;-1,000;-1,000;-1,000;NOK
3073400591-00-W39-L2- 25 09G100-0000227;716;08:05:05;1,2;OK;OK;FAIL;NON TESTE;-1,000;-1,000;-1,000;-1,000;-1,000;-1,000;-1,000;-1,000;-1,000;-1,000;-1,000;-1,000;-1,000;-1,000;-1,000;-1,000;-1,000;-1,000;-1,000;-1,000;-1,000;-1,000;-1,000;-1,000;-1,000;-1,000;-1,000;-1,000;-1,000;-1,000;-1,000;-1,000;-1,000;-1,000;NOK
3073400591-00-W11-L1- 25 02G149-0002884;716;08:05:15;4,0;OK;OK;OK;OK;0,000;24,058;0,011;-1,000;-1,000;-1,000;-1,000;-1,000;-1,000;-1,000;-1,000;-1,000;-1,000;-1,000;-1,000;-1,000;-1,000;-1,000;-1,000;-1,000;-1,000;-1,000;-1,000;-1,000;-1,000;-1,000;-1,000;-1,000;-1,000;-1,000;-1,000;-1,000;-1,000;-1,000;NOK
;716;08:05:23;2,2;NON TESTE;NON TESTE;NON TESTE;NON TESTE;-1,000;-1,000;-1,000;-1,000;-1,000;-1,000;-1,000;-1,000;-1,000;-1,000;-1,000;-1,000;-1,000;-1,000;-1,000;-1,000;-1,000;-1,000;-1,000;-1,000;-1,000;-1,000;-1,000;-1,000;-1,000;-1,000;-1,000;-1,000;-1,000;-1,000;-1,000;-1,000;-1,000;-1,000;NOK
3073400591-00-W20-L2- 26 06G023-0003373;716;08:05:19;32,9;OK;OK;OK;OK;0,002;24,052;5,124;2,671;3,279;4,978;1,661;4,973;8,989;9,019;14,987;15,017;19,981;20,011;8,484;8,684;19,891;5,119;2,687;3,279;4,983;1,661;5,079;8,989;9,024;14,993;15,022;19,970;20,011;8,484;8,690;20,022;2,620;23,935;OK
3073400591-00-W20-L2- 26 06G023-0003383;716;08:05:57;33,0;OK;OK;OK;OK;0,000;24,047;5,092;2,692;3,295;4,951;1,710;4,941;8,967;8,991;14,966;14,990;19,943;19,984;8,468;8,663;19,859;5,086;2,703;3,295;4,945;1,710;5,052;8,962;9,008;14,966;15,000;19,943;19,989;8,463;8,668;19,994;2,575;23,939;OK
3073400591-00-W20-L2- 26 06G023-0003375;716;08:05:59;33,0;OK;OK;OK;OK;0,000;24,058;5,130;2,692;3,289;4,999;1,721;5,001;9,000;9,035;14,993;15,028;19,965;20,005;8,501;8,701;19,891;5,135;2,654;3,268;4,999;1,721;5,090;8,995;9,013;14,993;15,011;19,965;20,005;8,501;8,701;20,022;2,638;23,936;OK
3073400591-00-W20-L2- 26 06G023-0003371;716;08:05:37;32,9;OK;OK;OK;OK;0,000;24,058;5,097;2,682;3,273;4,972;1,650;4,963;8,973;9,002;14,982;15,006;19,970;20,000;8,468;8,673;19,886;5,103;2,660;3,289;4,972;1,639;5,068;8,973;9,002;14,982;15,011;19,970;20,005;8,473;8,673;20,016;2,593;23,938;OK
3073400591-00-W20-L2- 26 06G023-0003369;716;08:05:47;33,0;OK;OK;OK;OK;0,000;24,058;5,119;2,665;3,295;4,989;1,666;4,990;8,978;9,019;14,976;15,011;19,954;19,994;8,484;8,684;19,875;5,124;2,660;3,279;4,983;1,677;5,090;8,984;9,002;14,982;15,000;19,949;19,978;8,484;8,684;19,994;2,572;23,938;OK
3073400591-00-W20-L2- 26 06G023-0003381;716;08:05:25;33,0;OK;OK;OK;OK;0,000;24,063;5,119;2,660;3,273;4,989;1,694;4,990;8,995;9,029;15,004;15,038;19,992;20,027;8,495;8,695;19,913;5,130;2,665;3,289;4,994;1,694;5,084;8,995;9,024;15,004;15,038;19,992;20,027;8,495;8,695;20,043;2,623;23,936;OK
3073400591-00-W20-L2- 26 06G023-0003378;716;08:05:48;9,4;OK;OK;OK;OK;0,000;24,058;5,065;2,649;3,284;4,961;1,656;4,327;-1,000;-1,000;-1,000;-1,000;-1,000;-1,000;-1,000;-1,000;-1,000;-1,000;-1,000;-1,000;-1,000;-1,000;-1,000;-1,000;-1,000;-1,000;-1,000;-1,000;-1,000;-1,000;-1,000;-1,000;-1,000;-1,000;NOK
3073400591-00-W20-L2- 26 06G023-0003405;716;08:05:39;33,2;OK;OK;OK;OK;0,000;24,052;5,124;2,682;3,262;5,005;1,688;4,990;9,005;9,035;15,014;15,033;20,003;20,032;8,501;8,706;19,918;5,135;2,676;3,279;4,999;1,688;5,101;9,005;9,040;15,014;15,038;20,003;20,049;8,506;8,701;20,049;2,602;23,937;OK
3073400591-00-W20-L2- 26 06G023-0003406;716;08:05:49;4,1;OK;OK;OK;OK;0,000;24,058;-0,005;-1,000;-1,000;-1,000;-1,000;-1,000;-1,000;-1,000;-1,000;-1,000;-1,000;-1,000;-1,000;-1,000;-1,000;-1,000;-1,000;-1,000;-1,000;-1,000;-1,000;-1,000;-1,000;-1,000;-1,000;-1,000;-1,000;-1,000;-1,000;-1,000;-1,000;-1,000;NOK
3073400591-00-W20-L2- 26 06G023-0003377;716;08:05:45;36,0;OK;OK;OK;OK;0,000;24,052;5,103;2,676;3,262;4,978;1,694;4,930;8,984;8,981;14,987;14,984;19,976;19,994;8,479;8,684;19,864;5,119;2,665;3,273;4,978;1,688;5,084;8,984;9,024;14,993;15,033;19,976;20,016;8,484;8,684;20,032;2,619;23,937;OK
3073400591-00-W20-L2- 26 06G023-0003374;716;08:05:23;33,6;OK;OK;OK;OK;0,000;24,058;5,086;2,649;3,279;4,956;1,704;4,946;8,967;8,991;14,960;14,984;19,938;19,978;8,468;8,663;19,853;5,092;2,671;3,279;4,956;1,704;5,052;8,967;9,002;14,960;14,995;19,938;19,978;8,463;8,663;19,989;2,606;23,989;OK
3073400591-00-W20-L2- 26 06G023-0003407;716;08:05:02;32,8;OK;OK;OK;OK;0,000;24,052;5,081;2,676;3,279;4,956;1,634;4,957;8,973;9,008;14,971;15,011;19,954;20,000;8,473;8,673;19,875;5,092;2,649;3,284;4,956;1,628;5,057;8,973;9,013;14,971;15,011;19,960;20,005;8,479;8,673;20,005;2,611;23,936;OK
3073400591-00-W20-L2- 26 06G023-0003384;716;08:05:40;32,9;OK;OK;OK;OK;0,000;24,063;5,146;2,687;3,273;5,010;1,645;5,006;9,016;9,040;15,031;15,049;20,014;20,043;8,517;8,717;19,929;5,151;2,676;3,262;5,016;1,645;5,111;9,022;9,046;15,025;15,060;20,014;20,043;8,517;8,717;20,060;2,636;23,936;OK
3073400591-00-W20-L2- 26 06G023-0003365;716;08:05:18;32,8;OK;OK;OK;OK;0,000;24,052;5,119;2,698;3,279;4,983;1,666;4,968;8,978;8,997;14,971;14,990;19,943;19,978;8,473;8,673;19,859;5,113;2,660;3,279;4,978;1,672;5,079;8,973;9,008;14,966;15,000;19,938;19,973;8,473;8,673;19,989;2,579;23,939;OK
3073400591-00-W20-L2- 26 06G023-0003401;716;08:05:56;32,7;OK;OK;OK;OK;0,000;24,058;5,119;2,676;3,284;4,989;1,645;4,984;8,989;9,019;14,987;15,006;19,965;20,005;8,490;8,690;19,886;5,130;2,687;3,262;4,989;1,634;5,084;8,989;9,019;14,987;15,006;19,960;20,000;8,490;8,690;20,011;2,606;23,937;OK
3073400591-00-W20-L2- 26 06G023-0003398;716;08:05:35;33,1;OK;OK;OK;OK;0,000;24,052;5,130;2,660;3,262;4,994;1,726;4,990;8,984;9,013;14,971;15,000;19,938;19,978;8,484;8,684;19,853;5,124;2,654;3,284;4,989;1,726;5,084;8,984;9,008;14,971;15,000;19,932;19,973;8,484;8,690;19,984;2,606;23,937;OK
3073400591-00-W20-L2- 26 06G023-0003379;716;08:05:15;32,7;OK;OK;OK;OK;0,000;24,058;5,135;2,660;3,268;4,999;1,710;4,995;8,989;9,019;14,987;15,022;19,965;20,011;8,495;8,690;19,886;5,141;2,649;3,279;5,005;1,715;5,101;8,995;9,024;14,987;15,011;19,960;20,011;8,495;8,695;20,011;2,601;23,937;OK
3073400591-00-W20-L2- 26 06G023-0003400;716;08:05:52;32,9;OK;OK;OK;OK;0,000;24,052;5,135;2,692;3,279;5,010;1,699;5,011;9,005;9,040;15,004;15,038;19,976;20,027;8,506;8,706;19,902;5,146;2,671;3,279;5,005;1,710;5,111;9,011;9,046;15,009;15,038;19,981;20,022;8,506;8,706;20,027;2,619;23,937;OK
3073400591-00-W20-L2- 26 06G023-0003382;716;08:05:31;33,2;OK;OK;OK;OK;0,000;24,052;5,119;2,682;3,262;4,989;1,666;4,984;8,978;9,008;14,976;15,006;19,960;20,000;8,479;8,684;19,886;5,119;2,682;3,279;4,989;1,683;5,079;8,984;9,008;14,982;15,011;19,965;20,000;8,484;8,684;20,011;2,641;23,936;OK
3073400591-00-W20-L2- 26 06G023-0003370;716;08:05:19;32,8;OK;OK;OK;OK;0,000;24,058;5,092;2,671;3,268;4,978;1,710;4,968;8,967;8,997;14,966;14,990;19,943;19,989;8,473;8,668;19,859;5,108;2,654;3,273;4,978;1,710;5,068;8,967;8,991;14,960;14,984;19,954;19,989;8,473;8,663;19,994;2,606;23,936;OK
3073400591-00-W20-L2- 26 06G023-0003399;716;08:05:01;32,7;OK;OK;OK;OK;0,000;24,058;5,146;2,649;3,273;5,016;1,715;4,995;8,984;9,013;14,987;15,006;19,976;20,005;8,490;8,684;19,886;5,141;2,660;3,273;5,010;1,715;5,106;8,989;9,013;14,987;15,006;19,970;20,005;8,490;8,684;20,016;2,599;23,936;OK
3073400591-00-W20-L2- 26 06G023-0003408;716;08:05:21;14,6;OK;OK;OK;OK;0,000;24,058;5,141;2,687;3,268;5,010;1,661;4,995;9,005;9,024;15,004;15,022;19,976;20,005;5,005;-1,000;-1,000;-1,000;-1,000;-1,000;-1,000;-1,000;-1,000;-1,000;-1,000;-1,000;-1,000;-1,000;-1,000;-1,000;-1,000;-1,000;-1,000;-1,000;NOK
3073400591-00-W20-L2- 26 06G023-0003408;716;08:05:06;32,7;OK;OK;OK;OK;0,000;24,063;5,135;2,665;3,300;5,010;1,666;4,957;9,011;8,991;15,004;14,995;19,981;19,984;8,511;8,711;19,870;5,151;2,654;3,295;5,016;1,666;5,111;9,005;9,040;15,004;15,028;19,981;20,016;8,511;8,706;20,038;2,618;23,936;OK
3073400591-00-W20-L2- 26 06G023-0003402;716;08:05:44;32,9;OK;OK;OK;OK;0,000;24,052;5,124;2,687;3,289;4,999;1,672;4,995;8,995;9,029;14,993;15,028;19,976;20,016;8,495;8,695;19,897;5,135;2,692;3,268;4,999;1,672;5,095;8,995;9,024;14,993;15,011;19,976;20,005;8,495;8,695;20,027;2,616;23,936;OK
3073400591-00-W20-L2- 26 06G023-0003416;716;08:05:23;33,5;OK;OK;OK;OK;0,002;24,058;5,092;2,698;3,300;4,961;1,677;4,935;8,984;8,997;14,998;15,011;19,981;20,022;8,484;8,684;19,897;5,097;2,676;3,279;4,961;1,683;5,063;8,984;9,024;14,998;15,028;19,987;20,022;8,484;8,684;20,032;2,601;23,935;OK
3073400591-00-W20-L2- 26 06G023-0003413;716;08:05:04;34,6;OK;OK;OK;OK;0,000;24,058;5,119;2,682;3,268;4,972;1,677;4,968;8,967;8,997;14,960;14,990;19,932;19,967;8,468;8,668;19,848;5,108;2,649;3,268;4,972;1,677;5,073;8,967;8,997;14,960;14,990;19,927;19,962;8,468;8,668;19,978;2,560;23,937;OK
3073400591-00-W20-L2- 26 06G023-0003415;716;08:05:41;33,1;OK;OK;OK;OK;0,000;24,058;5,141;2,654;3,262;5,005;1,699;4,995;9,005;9,035;15,031;15,049;20,025;20,060;8,511;8,711;19,946;5,141;2,671;3,284;5,005;1,699;5,095;9,011;9,035;15,025;15,055;20,019;20,060;8,506;8,717;20,070;2,619;23,935;OK
3073400591-00-W20-L2- 26 06G023-0003412;716;08:05:19;32,8;OK;OK;OK;OK;0,000;24,058;5,135;2,687;3,284;4,999;1,666;4,995;9,005;9,035;15,025;15,049;20,019;20,054;8,506;8,706;19,935;5,135;2,654;3,268;4,999;1,683;5,101;9,005;9,046;15,020;15,055;20,019;20,054;8,506;8,706;20,065;2,595;23,935;OK
3073400591-00-W20-L2- 26 06G023-0003418;716;08:05:57;32,8;OK;OK;OK;OK;0,000;24,058;5,124;2,660;3,246;4,978;1,721;4,968;8,984;8,997;14,993;15,006;19,970;20,005;8,479;8,684;19,880;5,124;2,676;3,262;4,983;1,721;5,084;8,989;9,019;14,993;15,022;19,976;20,011;8,484;8,684;20,016;2,603;23,936;OK
3073400591-00-W20-L2- 26 06G023-0003409;716;08:05:34;32,7;OK;OK;OK;OK;0,000;24,058;5,108;2,676;3,279;4,978;1,726;4,968;8,984;8,997;14,998;15,011;19,992;20,022;8,484;8,684;19,891;5,119;2,687;3,289;4,972;1,715;5,079;8,984;9,013;14,993;15,022;19,981;20,022;8,484;8,684;20,038;2,593;24,078;OK
3073400591-00-W20-L2- 26 06G023-0003410;716;08:05:11;32,8;OK;OK;OK;OK;0,000;24,058;5,119;2,682;3,306;4,978;1,656;4,957;8,978;8,986;14,987;14,995;19,976;19,994;8,479;8,679;19,875;5,119;2,698;3,279;4,978;1,656;5,079;8,978;9,013;14,987;15,011;19,970;20,005;8,479;8,679;20,022;2,587;23,936;OK
3073400591-00-W20-L2- 26 06G023-0003419;716;08:05:49;32,8;OK;OK;OK;OK;0,000;24,058;5,092;2,692;3,289;4,956;1,704;4,957;8,967;9,002;14,982;15,011;19,981;20,016;8,473;8,668;19,897;5,092;2,671;3,284;4,961;1,704;5,052;8,967;8,997;14,982;15,006;19,976;20,011;8,468;8,668;20,022;2,601;23,936;OK
3073400591-00-W20-L2- 26 06G023-0003411;716;08:05:28;32,9;OK;OK;OK;OK;0,000;24,052;5,081;2,660;3,284;4,956;1,688;4,946;8,978;9,008;14,982;15,006;19,976;20,005;8,479;8,679;19,891;5,092;2,671;3,279;4,956;1,688;5,046;8,984;9,002;14,987;15,011;19,970;20,011;8,479;8,673;20,027;2,611;23,935;OK
3073400591-00-W20-L2- 26 06G023-0003414;716;08:05:06;32,8;OK;OK;OK;OK;0,000;24,052;5,135;2,671;3,284;5,010;1,656;4,990;9,011;9,013;15,009;15,028;20,003;20,038;8,506;8,706;19,908;5,141;2,687;3,284;5,005;1,656;5,052;9,011;8,910;15,014;14,479;19,998;19,386;8,506;8,711;20,049;2,568;23,937;OK
3073400591-00-W20-L2- 26 06G023-0003420;716;08:05:44;32,7;OK;OK;OK;OK;0,003;24,052;5,124;2,644;3,284;4,983;1,672;4,973;8,973;8,991;14,960;14,984;19,932;19,956;8,479;8,679;19,842;5,119;2,665;3,257;4,989;1,672;5,068;8,978;8,991;14,960;14,973;19,932;19,956;8,479;8,679;19,973;2,594;23,936;OK
3073400591-00-W20-L2- 26 06G023-0003317;716;08:05:23;32,7;OK;OK;OK;OK;0,000;24,058;5,119;2,644;3,251;4,989;1,726;4,979;8,984;9,002;14,976;14,990;19,949;19,978;8,479;8,684;19,859;5,124;2,654;3,251;4,989;1,715;5,073;8,978;8,997;14,971;14,990;19,949;19,973;8,484;8,684;19,994;2,588;23,936;OK
3073400591-00-W20-L2- 26 06G023-0003320;716;08:05:01;32,7;OK;OK;OK;OK;0,000;24,058;5,103;2,654;3,279;4,978;1,683;4,973;8,995;9,024;14,987;15,022;19,970;20,011;8,495;8,695;19,891;5,113;2,698;3,289;4,978;1,688;5,073;8,995;9,019;14,987;15,011;19,970;20,005;8,495;8,695;20,022;2,594;23,935;OK
3073400591-00-W20-L2- 26 06G023-0003323;716;08:05:39;32,7;OK;OK;OK;OK;0,000;24,063;5,135;2,676;3,268;4,994;1,656;4,973;8,984;8,991;14,971;14,979;19,949;19,967;8,490;8,690;19,848;5,130;2,671;3,257;4,989;1,656;5,090;8,984;9,013;14,971;15,000;19,949;19,984;8,490;8,684;19,994;2,592;23,934;OK
3073400591-00-W20-L2- 26 06G023-0003315;716;08:05:17;32,7;OK;OK;OK;OK;0,001;24,058;5,097;2,665;3,284;4,951;1,688;4,930;8,951;8,953;14,949;14,952;19,922;19,946;8,452;8,652;19,832;5,086;2,654;3,268;4,951;1,683;5,046;8,946;8,981;14,944;14,973;19,922;19,956;8,446;8,652;19,973;2,577;23,936;OK
3073400591-00-W20-L2- 26 06G023-0003313;716;08:05:55;32,7;OK;OK;OK;OK;0,000;24,058;5,103;2,671;3,268;4,978;1,694;4,963;8,967;8,991;14,971;14,990;19,954;19,984;8,468;8,668;19,864;5,103;2,654;3,235;4,978;1,688;5,057;8,967;8,986;14,966;14,984;19,949;19,978;8,468;8,668;19,994;2,592;23,936;OK
3073400591-00-W20-L2- 26 06G023-0003306;716;08:05:04;3,8;OK;OK;OK;OK;0,000;24,058;-0,695;-1,000;-1,000;-1,000;-1,000;-1,000;-1,000;-1,000;-1,000;-1,000;-1,000;-1,000;-1,000;-1,000;-1,000;-1,000;-1,000;-1,000;-1,000;-1,000;-1,000;-1,000;-1,000;-1,000;-1,000;-1,000;-1,000;-1,000;-1,000;-1,000;-1,000;-1,000;NOK
3073400591-00-W20-L2- 26 06G023-0003306;716;08:05:46;32,7;OK;OK;OK;OK;0,000;24,058;5,097;2,660;3,273;4,961;1,726;4,963;8,967;9,008;14,955;14,990;19,932;19,967;8,473;8,668;19,853;5,097;2,682;3,273;4,961;1,721;5,057;8,967;8,997;14,955;14,984;19,927;19,962;8,473;8,673;19,973;2,587;23,936;OK
3073400591-00-W20-L2- 26 06G023-0003311;716;08:05:25;33,2;OK;OK;OK;OK;0,001;24,058;5,135;2,676;3,273;4,994;1,672;4,990;9,000;9,029;15,009;15,033;20,008;20,043;8,501;8,695;19,924;5,130;2,698;3,273;4,989;1,672;5,084;9,005;9,024;15,009;15,033;19,998;20,027;8,501;8,701;20,049;2,607;23,992;OK
3073400591-00-W20-L2- 26 06G023-0003304;716;08:05:04;32,7;OK;OK;OK;OK;0,000;24,058;5,124;2,644;3,268;4,983;1,656;4,968;8,984;8,997;14,976;14,995;19,960;19,984;8,484;8,684;19,870;5,119;2,660;3,279;4,983;1,666;5,073;8,984;9,008;14,982;15,000;19,965;19,989;8,484;8,679;20,011;2,583;23,936;OK
3073400591-00-W20-L2- 26 06G023-0003308;716;08:05:23;13,8;OK;OK;OK;OK;0,000;24,058;5,135;2,671;3,268;5,005;1,710;5,001;8,989;9,019;14,987;15,017;19,965;20,005;4,999;-1,000;-1,000;-1,000;-1,000;-1,000;-1,000;-1,000;-1,000;-1,000;-1,000;-1,000;-1,000;-1,000;-1,000;-1,000;-1,000;-1,000;-1,000;-1,000;NOK
3073400591-00-W20-L2- 26 06G023-0003308;716;08:05:11;32,8;OK;OK;OK;OK;0,000;24,042;5,124;2,660;3,284;4,994;1,710;4,990;8,984;9,019;14,982;15,011;19,954;20,000;8,479;8,684;19,875;5,130;2,687;3,279;4,994;1,704;5,090;8,984;9,013;14,982;15,000;19,960;19,994;8,484;8,684;20,000;2,587;23,936;OK
3073400591-00-W20-L2- 26 06G023-0003310;716;08:05:50;32,7;OK;OK;OK;OK;0,000;24,052;5,130;2,703;3,284;5,005;1,699;5,001;9,005;9,029;15,014;15,049;20,003;20,043;8,511;8,711;19,929;5,141;2,682;3,306;5,005;1,704;5,101;9,005;9,029;15,014;15,038;20,008;20,032;8,511;8,711;20,054;2,605;23,935;OK
3073400591-00-W20-L2- 26 06G023-0003301;716;08:05:59;3,8;OK;OK;OK;OK;0,000;24,047;1,167;-1,000;-1,000;-1,000;-1,000;-1,000;-1,000;-1,000;-1,000;-1,000;-1,000;-1,000;-1,000;-1,000;-1,000;-1,000;-1,000;-1,000;-1,000;-1,000;-1,000;-1,000;-1,000;-1,000;-1,000;-1,000;-1,000;-1,000;-1,000;-1,000;-1,000;-1,000;NOK
3073400591-00-W20-L2- 26 06G023-0003301;716;08:05:03;32,7;OK;OK;OK;OK;0,000;24,052;5,124;2,682;3,262;4,994;1,666;5,001;8,984;9,024;14,971;15,011;19,938;19,989;8,484;8,684;19,864;5,130;2,687;3,273;4,994;1,666;5,090;8,984;9,019;14,976;15,006;19,938;19,973;8,490;8,679;19,989;2,577;23,936;OK
3073400591-00-W20-L2- 26 06G023-0003309;716;08:05:41;32,7;OK;OK;OK;OK;0,000;24,052;5,135;2,660;3,279;5,005;1,699;5,001;9,000;9,029;14,993;15,028;19,970;20,011;8,501;8,701;19,891;5,141;2,676;3,257;5,005;1,694;5,101;9,005;9,024;14,998;15,017;19,970;20,000;8,501;8,701;20,022;2,586;23,935;OK
3073400591-00-W20-L2- 26 06G023-0003305;716;08:05:19;32,8;OK;OK;OK;OK;0,002;24,052;5,135;2,671;3,257;5,005;1,666;5,011;9,000;9,040;15,004;15,033;19,981;20,032;8,506;8,701;19,908;5,141;2,649;3,284;5,010;1,666;5,106;9,000;9,029;15,004;15,028;19,981;20,022;8,506;8,706;20,032;2,596;23,934;OK
3073400591-00-W20-L2- 26 06G023-0003303;716;08:05:57;33,1;OK;OK;OK;OK;0,000;24,063;5,108;2,665;3,251;4,983;1,683;4,973;8,984;9,002;14,976;15,000;19,960;19,994;8,479;8,679;19,875;5,113;2,644;3,273;4,983;1,688;5,063;8,978;8,981;14,976;14,973;19,960;19,978;8,479;8,679;20,005;2,587;23,935;OK
3073400591-00-W20-L2- 26 06G023-0003312;716;08:05:36;32,8;OK;OK;OK;OK;0,000;24,052;5,146;2,676;3,251;4,999;1,677;4,990;8,989;9,019;14,987;15,011;19,965;20,005;8,495;8,695;19,886;5,135;2,644;3,273;4,999;1,677;5,090;8,995;9,013;14,987;15,006;19,965;20,000;8,495;8,695;20,011;2,568;23,935;OK
3073400591-00-W20-L2- 26 06G023-0003283;716;08:05:14;33,1;OK;OK;OK;OK;0,000;24,052;5,119;2,692;3,268;4,989;1,710;4,990;9,000;9,029;15,014;15,049;20,003;20,049;8,501;8,701;19,924;5,130;2,692;3,268;4,994;1,715;5,084;9,000;9,029;15,014;15,044;20,008;20,038;8,495;8,701;20,054;2,597;23,934;OK
3073400591-00-W20-L2- 26 06G023-0003280;716;08:05:54;33,2;OK;OK;OK;OK;0,000;24,052;5,119;2,660;3,262;4,967;1,645;4,968;8,962;8,997;14,960;14,990;19,938;19,984;8,468;8,673;19,864;5,108;2,649;3,268;5,119;1,650;5,073;8,962;8,997;14,955;14,990;19,938;19,978;8,468;8,668;19,989;2,565;23,936;OK
3073400591-00-W20-L2- 26 06G023-0003281;716;08:05:32;32,8;OK;OK;OK;OK;0,001;24,058;5,146;2,682;3,257;4,999;1,715;4,990;8,989;9,019;14,976;15,006;19,949;19,984;8,490;8,690;19,864;5,135;2,682;3,279;4,999;1,715;5,095;8,989;9,024;14,976;15,006;19,949;19,989;8,490;8,690;19,994;2,598;23,934;OK
3073400591-00-W20-L2- 26 06G023-0003284;716;08:05:11;32,7;OK;OK;OK;OK;0,000;24,052;5,151;2,676;3,284;5,010;1,666;5,011;9,011;9,046;15,004;15,044;19,981;20,022;8,511;8,711;19,897;5,151;2,682;3,279;5,016;1,672;5,106;9,011;9,040;15,009;15,033;19,981;20,016;8,511;8,706;20,032;2,619;23,931;OK
3073400591-00-W20-L2- 26 06G023-0003278;716;08:05:52;32,7;OK;OK;OK;OK;0,001;24,058;5,092;2,660;3,295;4,956;1,672;4,957;8,951;8,981;14,949;14,979;19,916;19,962;8,452;8,652;19,837;5,097;2,698;3,273;4,961;1,677;5,052;8,951;8,981;14,944;14,968;19,916;19,946;8,452;8,652;19,962;2,607;23,933;OK
3073400591-00-W20-L2- 26 06G023-0003247;716;08:05:31;32,6;OK;OK;OK;OK;0,001;24,047;5,124;2,692;3,273;4,989;1,704;4,984;8,984;9,019;14,993;15,017;19,976;20,016;8,490;8,684;19,891;5,124;2,665;3,279;4,989;1,699;5,084;8,984;9,024;14,987;15,017;19,970;20,011;8,484;8,684;20,022;2,638;23,931;OK
3073400591-00-W20-L2- 26 06G023-0003249;716;08:05:10;32,7;OK;OK;OK;OK;0,000;24,058;5,135;2,660;3,268;5,005;1,661;5,001;9,000;9,019;14,982;15,006;19,954;19,994;8,501;8,695;19,864;5,146;2,665;3,284;5,010;1,666;5,095;8,995;9,024;14,982;15,006;19,960;19,984;8,495;8,695;20,000;2,649;23,931;OK
3073400591-00-W20-L2- 26 06G023-0003272;716;08:05:47;32,8;OK;OK;OK;OK;0,000;24,052;5,119;2,638;3,262;4,989;1,645;4,990;8,984;9,019;14,971;15,000;19,938;19,973;8,484;8,684;19,853;5,124;2,676;3,251;4,994;1,650;5,090;8,984;9,019;14,966;14,995;19,938;19,973;8,490;8,690;19,973;2,635;23,931;OK
3073400591-00-W20-L2- 26 06G023-0003267;716;08:05:25;32,7;OK;OK;OK;OK;0,000;24,052;5,086;2,698;3,268;4,967;1,677;4,952;8,973;8,991;14,955;14,979;19,927;19,956;8,473;8,673;19,837;5,097;2,687;3,284;4,967;1,683;5,057;8,973;8,997;14,955;14,984;19,932;19,962;8,473;8,673;19,973;2,641;23,931;OK
3073400591-00-W20-L2- 26 06G023-0003273;716;08:05:02;32,7;OK;OK;OK;OK;0,000;24,052;5,124;2,665;3,262;4,978;1,715;4,968;8,984;9,002;14,993;15,011;19,981;20,011;8,484;8,679;19,891;5,119;2,638;3,268;4,978;1,710;5,068;8,984;8,997;14,998;15,006;19,981;20,000;8,484;8,684;20,027;2,653;23,930;OK
3073400591-00-W20-L2- 26 06G023-0003279;716;08:05:40;32,8;OK;OK;OK;OK;0,000;24,052;5,141;2,687;3,273;5,005;1,694;4,990;9,000;9,024;15,004;15,028;19,981;20,016;8,501;8,701;19,902;5,135;2,682;3,257;4,999;1,699;5,035;9,005;8,964;15,009;14,973;19,981;19,962;8,501;8,701;20,027;2,679;23,931;OK
3073400591-00-W20-L2- 26 06G023-0003285;716;08:05:18;32,8;OK;OK;OK;OK;0,002;24,058;5,141;2,638;3,262;4,999;1,634;5,001;9,005;9,040;15,020;15,049;20,008;20,043;8,501;8,701;19,918;5,135;2,665;3,273;5,005;1,634;5,084;9,011;9,013;15,020;15,028;20,003;20,027;8,506;8,701;20,054;2,640;23,930;OK
3073400591-00-W20-L2- 26 06G023-0003274;716;08:05:56;32,8;OK;OK;OK;OK;0,000;24,042;5,135;2,660;3,268;4,989;1,656;4,979;8,978;8,991;14,960;14,979;19,938;19,967;8,479;8,684;19,848;5,130;2,665;3,279;4,989;1,661;5,073;8,978;8,991;14,955;14,973;19,932;19,951;8,479;8,679;19,984;2,669;23,929;OK
3073400591-00-W20-L2- 26 06G023-0003286;716;08:05:06;4,4;OK;OK;OK;OK;0,000;24,058;5,124;-2,937;-1,000;-1,000;-1,000;-1,000;-1,000;-1,000;-1,000;-1,000;-1,000;-1,000;-1,000;-1,000;-1,000;-1,000;-1,000;-1,000;-1,000;-1,000;-1,000;-1,000;-1,000;-1,000;-1,000;-1,000;-1,000;-1,000;-1,000;-1,000;-1,000;-1,000;NOK
3073400591-00-W20-L2- 26 06G023-0003286;716;08:05:32;3,9;OK;OK;OK;OK;0,000;24,052;2,877;-1,000;-1,000;-1,000;-1,000;-1,000;-1,000;-1,000;-1,000;-1,000;-1,000;-1,000;-1,000;-1,000;-1,000;-1,000;-1,000;-1,000;-1,000;-1,000;-1,000;-1,000;-1,000;-1,000;-1,000;-1,000;-1,000;-1,000;-1,000;-1,000;-1,000;-1,000;NOK
3073400591-00-W20-L2- 26 06G023-0003288;716;08:05:26;32,7;OK;OK;OK;OK;0,000;24,058;5,075;2,692;3,279;4,945;1,661;4,919;8,967;8,975;14,966;14,979;19,943;19,967;8,468;8,668;19,848;5,092;2,671;3,311;4,951;1,656;5,052;8,967;9,002;14,966;15,000;19,954;19,984;8,468;8,668;19,994;2,608;23,932;OK
3073400591-00-W20-L2- 26 06G023-0003265;716;08:05:03;32,7;OK;OK;OK;OK;0,000;24,063;5,113;2,676;3,257;4,983;1,721;4,957;8,978;9,002;14,982;15,006;19,976;20,011;8,479;8,684;19,875;5,108;2,676;3,257;4,978;1,715;5,079;8,978;9,013;14,987;15,011;19,976;20,016;8,479;8,679;20,027;2,625;23,931;OK
3073400591-00-W20-L2- 26 06G023-0003268;716;08:05:42;33,1;OK;OK;OK;OK;0,000;24,052;5,103;2,644;3,246;4,978;1,661;4,914;8,973;8,932;14,971;14,935;19,949;19,929;8,479;8,679;19,804;5,113;2,671;3,251;4,978;1,666;5,063;8,973;8,986;14,966;14,984;19,949;19,973;8,473;8,673;19,989;2,644;23,930;OK
3073400591-00-W20-L2- 26 06G023-0003244;716;08:05:19;32,7;OK;OK;OK;OK;0,000;24,063;5,113;2,654;3,273;4,989;1,694;4,979;8,973;8,997;14,966;14,979;19,927;19,962;8,479;8,679;19,842;5,124;2,682;3,268;4,994;1,699;5,084;8,973;9,002;14,960;14,990;19,927;19,962;8,479;8,679;19,978;2,619;23,931;OK
3073400591-00-W20-L2- 26 06G023-0003270;716;08:05:57;33,1;OK;OK;OK;OK;0,003;24,052;5,124;2,649;3,262;4,994;1,677;4,990;8,995;9,019;14,987;15,011;19,965;20,000;8,495;8,695;19,875;5,135;2,671;3,279;4,999;1,683;5,090;8,995;9,019;14,982;15,006;19,965;19,994;8,495;8,695;20,011;2,635;23,931;OK
3073400591-00-W20-L2- 26 06G023-0003246;716;08:05:35;32,7;OK;OK;OK;OK;0,000;24,058;5,103;2,682;3,268;4,978;1,688;4,979;8,989;9,013;14,998;15,028;19,987;20,022;8,484;8,690;19,902;5,119;2,649;3,262;4,978;1,683;5,052;8,989;8,986;14,998;15,000;19,987;20,005;8,484;8,684;20,038;2,674;23,928;OK
3073400591-00-W20-L2- 26 06G023-0003287;716;08:05:13;32,8;OK;OK;OK;OK;0,000;24,058;5,119;2,665;3,284;4,983;1,683;4,963;8,973;8,986;14,971;14,979;19,954;19,973;8,468;8,668;19,853;5,119;2,660;3,262;4,983;1,683;5,073;8,967;8,986;14,966;14,984;19,949;19,973;8,473;8,668;19,989;2,662;23,929;OK
3073400591-00-W20-L2- 26 06G023-0003269;716;08:05:51;32,8;OK;OK;OK;OK;0,002;24,052;5,113;2,671;3,262;4,983;1,710;4,979;8,973;9,002;14,960;14,990;19,932;19,967;8,473;8,679;19,848;5,119;2,654;3,268;4,983;1,710;5,063;8,973;8,986;14,960;14,973;19,932;19,951;8,473;8,679;19,978;2,609;23,931;OK
3073400591-00-W20-L2- 26 06G023-0003266;716;08:05:28;32,7;OK;OK;OK;OK;0,000;24,058;5,141;2,660;3,268;5,016;1,639;5,006;9,022;9,040;15,020;15,038;20,008;20,032;8,522;8,717;19,913;5,151;2,660;3,295;5,021;1,645;5,106;9,016;9,040;15,020;15,038;20,003;20,032;8,517;8,722;20,054;2,658;23,931;OK
3073400591-00-W20-L2- 26 06G023-0003276;716;08:05:06;32,8;OK;OK;OK;OK;0,000;24,052;5,130;2,665;3,289;4,989;1,656;4,968;8,978;8,981;14,960;14,968;19,932;19,956;8,479;8,679;19,837;5,124;2,649;3,262;4,994;1,661;5,079;8,973;8,997;14,960;14,984;19,927;19,962;8,479;8,679;19,978;2,625;23,928;OK
3073400591-00-W20-L2- 26 06G023-0003245;716;08:05:43;32,6;OK;OK;OK;OK;0,000;24,058;5,124;2,692;3,284;4,994;1,715;4,973;9,000;9,013;14,993;15,011;19,970;20,000;8,495;8,695;19,875;5,135;2,692;3,289;4,999;1,710;5,084;8,995;9,019;14,993;15,017;19,976;20,000;8,495;8,695;20,016;2,616;23,931;OK
3073400591-00-W20-L2- 26 06G023-0003275;716;08:05:22;32,7;OK;OK;OK;OK;0,000;24,052;5,092;2,649;3,273;4,961;1,688;4,952;8,957;8,975;14,955;14,973;19,932;19,962;8,457;8,657;19,842;5,092;2,676;3,273;4,961;1,688;5,057;8,957;8,975;14,955;14,973;19,927;19,962;8,457;8,652;19,978;2,664;23,931;OK
3073400591-00-W20-L2- 26 06G023-0003252;716;08:05:44;17,6;OK;OK;OK;OK;0,000;24,047;5,113;2,644;3,257;4,983;1,683;4,925;8,978;8,948;14,966;14,941;19,943;19,935;8,473;8,679;19,826;5,119;2,644;-1,786;-1,000;-1,000;-1,000;-1,000;-1,000;-1,000;-1,000;-1,000;-1,000;-1,000;-1,000;-1,000;-1,000;-1,000;NOK
3073400591-00-W20-L2- 26 06G023-0003252;716;08:05:10;17,6;OK;OK;OK;OK;0,000;24,058;5,119;2,665;3,279;4,994;1,683;4,941;8,984;8,959;14,966;14,952;19,943;19,946;8,479;8,684;19,821;5,135;2,671;0,521;-1,000;-1,000;-1,000;-1,000;-1,000;-1,000;-1,000;-1,000;-1,000;-1,000;-1,000;-1,000;-1,000;-1,000;NOK
3073400591-00-W20-L2- 26 06G023-0003252;716;08:05:49;17,6;OK;OK;OK;OK;0,000;24,047;5,119;2,654;3,273;4,989;1,688;4,892;8,978;8,932;14,960;14,930;19,943;19,935;8,479;8,673;19,821;5,124;2,644;3,762;-1,000;-1,000;-1,000;-1,000;-1,000;-1,000;-1,000;-1,000;-1,000;-1,000;-1,000;-1,000;-1,000;-1,000;NOK
3073400591-00-W20-L2- 26 06G023-0003473;716;08:05:27;32,7;OK;OK;OK;OK;0,000;24,052;5,075;2,676;3,295;4,951;1,704;4,946;8,962;8,991;14,949;14,979;19,916;19,956;8,463;8,663;19,832;5,086;2,660;3,268;4,945;1,704;5,046;8,962;8,991;14,949;14,968;19,911;19,946;8,463;8,663;19,967;2,629;23,929;OK
3073400591-00-W20-L2- 26 06G023-0003242;716;08:05:07;32,8;OK;OK;OK;OK;0,000;24,058;5,108;2,644;3,268;4,983;1,704;4,930;8,989;8,970;14,998;14,990;19,987;19,994;8,490;8,695;19,875;5,113;2,649;3,257;4,983;1,704;5,079;8,989;9,013;15,004;15,028;19,987;20,022;8,490;8,690;20,032;2,658;23,929;OK
3073400591-00-W20-L2- 26 06G023-0003472;716;08:05:45;33,1;OK;OK;OK;OK;0,000;24,058;5,103;2,676;3,295;4,989;1,694;4,914;9,000;8,959;15,020;14,990;20,008;20,000;8,490;8,701;19,886;5,124;2,692;3,268;4,983;1,688;5,068;9,000;9,013;15,020;15,038;20,014;20,043;8,495;8,695;20,060;2,649;23,930;OK
3073400591-00-W20-L2- 26 06G023-0003250;716;08:05:23;32,7;OK;OK;OK;OK;0,000;24,058;5,151;2,665;3,273;5,016;1,721;4,979;9,005;9,002;14,987;14,995;19,965;19,984;8,506;8,711;19,864;5,141;2,649;3,279;5,010;1,721;5,084;9,005;9,008;14,987;14,995;19,965;19,978;8,501;8,706;20,016;2,620;23,933;OK
3073400591-00-W20-L2- 26 06G023-0003470;716;08:05:00;32,7;OK;OK;OK;OK;0,000;24,052;5,075;2,660;3,246;4,951;1,666;4,919;8,946;8,953;14,949;14,952;19,922;19,946;8,452;8,646;19,826;5,086;2,676;3,262;4,951;1,661;5,046;8,946;8,975;14,949;14,968;19,916;19,956;8,446;8,652;19,973;2,609;23,931;OK
3073400591-00-W20-L2- 26 06G023-0003469;716;08:05:37;32,8;OK;OK;OK;OK;0,000;24,058;5,146;2,709;3,300;5,010;1,661;4,984;9,011;9,019;15,020;15,028;20,008;20,032;8,511;8,717;19,918;5,146;2,703;3,306;5,010;1,666;5,106;9,011;9,046;15,020;15,049;20,014;20,043;8,511;8,711;20,054;2,628;23,929;OK
3073400591-00-W20-L2- 26 06G023-0003248;716;09:05:14;32,8;OK;OK;OK;OK;0,000;24,052;5,130;2,654;3,273;5,005;1,699;4,979;9,000;9,013;14,998;15,017;19,987;20,011;8,501;8,701;19,891;5,135;2,671;3,251;5,005;1,699;5,084;9,000;9,024;15,004;15,017;19,987;20,011;8,501;8,701;20,038;2,635;23,929;OK
3073400591-00-W20-L2- 26 06G023-0003243;716;09:05:51;32,8;OK;OK;OK;OK;0,000;24,052;5,162;2,676;3,273;5,016;1,677;4,995;9,022;9,024;15,031;15,044;20,030;20,054;8,522;8,722;19,929;5,157;2,665;3,284;5,021;1,677;5,106;9,022;9,046;15,042;15,049;20,025;20,060;8,528;8,722;20,076;2,685;23,927;OK
3073400591-00-W20-L2- 26 06G023-0003251;716;09:05:29;32,9;OK;OK;OK;OK;0,000;24,058;5,092;2,654;3,284;4,951;1,726;4,935;8,978;8,991;14,987;15,006;19,976;20,011;8,473;8,679;19,886;5,086;2,682;3,273;4,951;1,726;5,041;8,978;9,002;14,987;15,006;19,981;20,005;8,479;8,679;20,022;2,653;23,929;OK
3073400591-00-W20-L2- 26 06G023-0003479;716;09:05:06;32,8;OK;OK;OK;OK;0,000;24,058;5,119;2,676;3,268;4,983;1,721;4,968;8,984;8,997;14,987;15,006;19,970;20,000;8,479;8,679;19,880;5,119;2,687;3,279;4,983;1,715;5,073;8,984;9,002;14,987;15,006;19,970;19,994;8,479;8,679;20,016;2,700;23,927;OK
3073400591-00-W20-L2- 26 06G023-0003475;716;09:05:45;32,8;OK;OK;OK;OK;0,000;24,058;5,119;2,671;3,268;4,994;1,661;4,968;8,995;9,008;15,009;15,022;20,008;20,032;8,495;8,695;19,902;5,130;2,649;3,279;4,994;1,661;5,073;9,000;9,013;15,009;15,022;20,008;20,027;8,501;8,695;20,049;2,628;23,928;OK
3073400591-00-W20-L2- 26 06G023-0003241;716;09:05:27;32,7;OK;OK;OK;OK;0,003;24,052;5,157;2,676;3,268;5,010;1,677;5,006;9,005;9,024;14,982;15,011;19,960;19,989;8,501;8,701;19,880;5,151;2,676;3,251;5,010;1,683;5,111;9,000;9,035;14,987;15,022;19,960;20,000;8,501;8,706;20,011;2,623;23,929;OK
3073400591-00-W20-L2- 26 06G023-0003406;716;09:05:36;3,8;OK;OK;OK;OK;0,000;24,063;0,000;-1,000;-1,000;-1,000;-1,000;-1,000;-1,000;-1,000;-1,000;-1,000;-1,000;-1,000;-1,000;-1,000;-1,000;-1,000;-1,000;-1,000;-1,000;-1,000;-1,000;-1,000;-1,000;-1,000;-1,000;-1,000;-1,000;-1,000;-1,000;-1,000;-1,000;-1,000;NOK
3073400591-00-W20-L2- 26 06G023-0003406;716;09:05:49;3,9;OK;OK;OK;OK;0,000;24,052;0,005;-1,000;-1,000;-1,000;-1,000;-1,000;-1,000;-1,000;-1,000;-1,000;-1,000;-1,000;-1,000;-1,000;-1,000;-1,000;-1,000;-1,000;-1,000;-1,000;-1,000;-1,000;-1,000;-1,000;-1,000;-1,000;-1,000;-1,000;-1,000;-1,000;-1,000;-1,000;NOK
3073400591-00-W20-L2- 26 06G023-0003252;716;09:05:13;17,6;OK;OK;OK;OK;0,001;24,058;5,119;2,687;3,257;4,994;1,694;4,968;8,978;8,991;14,976;14,984;19,949;19,973;8,484;8,684;19,859;5,130;2,665;-3,485;-1,000;-1,000;-1,000;-1,000;-1,000;-1,000;-1,000;-1,000;-1,000;-1,000;-1,000;-1,000;-1,000;-1,000;NOK
3073400591-00-W20-L2- 26 06G023-0003252;716;09:05:52;32,8;OK;OK;OK;OK;0,000;24,052;5,130;2,676;3,289;4,994;1,694;4,968;8,984;8,997;14,971;14,979;19,949;19,973;8,479;8,684;19,853;5,124;2,665;3,273;4,994;1,683;5,090;8,984;9,002;14,971;14,995;19,949;19,984;8,484;8,684;19,994;2,666;23,931;OK
3073400591-00-W20-L2- 26 06G023-0003286;716;09:05:30;32,7;OK;OK;OK;OK;0,000;24,052;5,124;2,682;3,284;4,994;1,704;4,908;9,000;8,943;15,009;14,957;19,992;19,967;8,501;8,695;19,859;5,130;2,682;3,268;4,994;1,704;5,079;9,000;9,013;15,004;15,011;19,987;20,011;8,495;8,695;20,038;2,604;23,932;OK
3073400591-00-W20-L2- 26 06G023-0003378;716;09:05:45;9,5;OK;OK;OK;OK;0,000;24,052;5,059;2,671;3,273;4,967;1,661;4,327;-1,000;-1,000;-1,000;-1,000;-1,000;-1,000;-1,000;-1,000;-1,000;-1,000;-1,000;-1,000;-1,000;-1,000;-1,000;-1,000;-1,000;-1,000;-1,000;-1,000;-1,000;-1,000;-1,000;-1,000;-1,000;-1,000;NOK
3073400591-00-W20-L2- 26 06G023-0003378;716;09:05:09;9,3;OK;OK;OK;OK;0,000;24,058;5,075;2,665;3,268;4,967;1,656;4,311;-1,000;-1,000;-1,000;-1,000;-1,000;-1,000;-1,000;-1,000;-1,000;-1,000;-1,000;-1,000;-1,000;-1,000;-1,000;-1,000;-1,000;-1,000;-1,000;-1,000;-1,000;-1,000;-1,000;-1,000;-1,000;-1,000;NOK
3073400591-00-W20-L2- 26 06G023-0003478;716;09:05:48;32,8;OK;OK;OK;OK;0,000;24,052;5,081;2,682;3,262;4,951;1,704;4,881;8,967;8,921;14,971;14,941;19,954;19,951;8,468;8,673;19,837;5,081;2,687;3,279;4,951;1,710;5,046;8,973;9,002;14,971;15,000;19,954;19,989;8,473;8,673;20,000;2,600;23,932;OK
3073400591-00-W20-L2- 26 06G023-0003471;716;09:05:26;32,7;OK;OK;OK;OK;0,000;24,058;5,092;2,671;3,279;4,983;1,688;4,935;8,978;8,964;14,976;14,957;19,960;19,962;8,484;8,679;19,848;5,119;2,676;3,268;4,978;1,683;5,084;8,978;9,008;14,982;15,000;19,949;19,984;8,479;8,679;20,000;2,605;23,931;OK
3073400591-00-W20-L2- 26 06G023-0003477;716;09:05:04;32,7;OK;OK;OK;OK;0,000;24,058;5,081;2,687;3,268;4,994;1,672;4,794;8,995;8,850;15,009;14,897;19,998;19,918;8,501;8,701;19,810;5,135;2,654;3,262;4,994;1,672;5,090;9,005;9,035;15,009;15,038;20,003;20,038;8,501;8,701;20,049;2,636;23,929;OK
3073400591-00-W20-L2- 26 06G023-0003480;716;09:05:42;32,8;OK;OK;OK;OK;0,000;24,058;5,113;2,671;3,268;4,989;1,677;4,903;8,984;8,932;14,982;14,946;19,960;19,951;8,484;8,684;19,826;5,130;2,687;3,257;4,989;1,672;5,084;8,984;9,013;14,982;15,011;19,960;19,989;8,484;8,684;20,011;2,576;23,931;OK
3073400591-00-W20-L2- 26 06G023-0003487;716;09:05:19;32,8;OK;OK;OK;OK;0,000;24,058;5,081;2,654;3,257;4,961;1,683;4,925;8,984;8,981;15,004;14,995;19,992;20,011;8,479;8,684;19,891;5,092;2,687;3,279;4,956;1,683;5,052;8,984;9,008;15,004;15,017;19,992;20,022;8,484;8,684;20,043;2,631;23,928;OK
3073400591-00-W20-L2- 26 06G023-0003485;716;09:05:57;32,8;OK;OK;OK;OK;0,000;24,052;5,124;2,644;3,251;4,978;1,645;4,968;8,984;9,008;14,987;15,011;19,981;20,011;8,484;8,679;19,891;5,113;2,649;3,279;4,978;1,645;5,073;8,984;9,019;14,993;15,017;19,976;20,016;8,484;8,679;20,027;2,647;23,930;OK
3073400591-00-W20-L2- 26 06G023-0003486;716;09:05:34;32,7;OK;OK;OK;OK;0,000;24,052;5,135;2,692;3,273;4,989;1,704;4,881;8,984;8,915;14,982;14,930;19,965;19,940;8,484;8,684;19,826;5,124;2,665;3,289;4,989;1,704;5,073;8,978;9,002;14,982;15,000;19,954;19,994;8,479;8,684;20,011;2,574;23,933;OK
3073400591-00-W20-L2- 26 06G023-0003482;716;09:05:12;32,9;OK;OK;OK;OK;0,000;24,052;5,103;2,649;3,251;4,956;1,688;4,925;8,973;8,975;14,960;14,968;19,949;19,973;8,473;8,673;19,853;5,092;2,665;3,246;4,956;1,683;5,046;8,967;8,991;14,960;14,979;19,938;19,973;8,473;8,668;19,994;2,583;23,932;OK
3073400591-00-W20-L2- 26 06G023-0003483;716;09:05:50;32,8;OK;OK;OK;OK;0,000;24,047;5,124;2,671;3,257;4,978;1,650;4,952;8,973;8,986;14,982;14,984;19,965;19,994;8,479;8,679;19,870;5,113;2,665;3,273;4,978;1,656;5,073;8,978;9,002;14,982;15,000;19,960;19,994;8,479;8,679;20,016;2,576;23,931;OK
3073400591-00-W20-L2- 26 06G023-0003481;716;09:05:27;32,6;OK;OK;OK;OK;0,000;24,052;5,092;2,644;3,257;4,961;1,661;4,952;8,962;8,981;14,966;14,984;19,949;19,973;8,463;8,663;19,864;5,097;2,676;3,262;4,961;1,645;5,057;8,962;8,981;14,960;14,979;19,949;19,973;8,463;8,663;19,994;2,580;23,988;OK
3073400591-00-W20-L2- 26 06G023-0003488;716;09:05:07;32,8;OK;OK;OK;OK;0,000;24,058;5,146;2,644;3,273;5,010;1,694;4,995;9,005;9,013;14,987;15,000;19,960;19,989;8,501;8,701;19,864;5,141;2,654;3,257;5,010;1,699;5,101;9,000;9,024;14,987;15,011;19,965;19,989;8,506;8,701;20,005;2,594;24,072;OK
3073400591-00-W20-L2- 26 06G023-0003490;716;09:05:25;13,9;OK;OK;OK;OK;0,000;24,058;5,081;2,660;3,279;4,951;1,666;4,935;8,951;8,970;14,933;14,952;19,905;19,935;4,945;-1,000;-1,000;-1,000;-1,000;-1,000;-1,000;-1,000;-1,000;-1,000;-1,000;-1,000;-1,000;-1,000;-1,000;-1,000;-1,000;-1,000;-1,000;-1,000;NOK
3073400591-00-W20-L2- 26 06G023-0003490;716;09:05:54;13,9;OK;OK;OK;OK;0,000;24,052;5,086;2,649;3,262;4,951;1,666;4,946;8,957;8,986;14,933;14,968;19,911;19,951;4,951;-1,000;-1,000;-1,000;-1,000;-1,000;-1,000;-1,000;-1,000;-1,000;-1,000;-1,000;-1,000;-1,000;-1,000;-1,000;-1,000;-1,000;-1,000;-1,000;NOK
3073400591-00-W20-L2- 26 06G023-0003490;716;09:05:30;32,7;OK;OK;OK;OK;0,000;24,063;5,086;2,671;3,289;4,945;1,661;4,941;8,951;8,981;14,938;14,968;19,905;19,951;8,457;8,652;19,826;5,086;2,660;3,289;4,951;1,666;5,046;8,951;8,986;14,933;14,968;19,911;19,946;8,452;8,657;19,962;2,567;23,932;OK
3073400591-00-W20-L2- 26 06G023-0003489;716;09:05:10;32,8;OK;OK;OK;OK;0,000;24,052;5,113;2,649;3,262;4,989;1,639;4,968;8,984;9,002;14,987;14,995;19,960;19,984;8,484;8,684;19,864;5,124;2,665;3,289;4,989;1,639;5,079;8,989;9,008;14,987;15,006;19,960;19,989;8,484;8,690;20,005;2,595;23,931;OK
3073400591-00-W20-L2- 26 06G023-0003492;716;09:05:48;32,8;OK;OK;OK;OK;0,000;24,058;5,130;2,660;3,279;5,010;1,688;4,995;9,005;9,029;15,014;15,033;19,998;20,022;8,506;8,706;19,908;5,141;2,649;3,268;5,005;1,688;5,095;9,011;9,024;15,009;15,028;19,992;20,022;8,506;8,706;20,043;2,576;23,930;OK
3073400591-00-W20-L2- 26 06G023-0003501;716;09:05:57;4,4;OK;OK;OK;OK;0,000;24,058;5,113;0,413;-1,000;-1,000;-1,000;-1,000;-1,000;-1,000;-1,000;-1,000;-1,000;-1,000;-1,000;-1,000;-1,000;-1,000;-1,000;-1,000;-1,000;-1,000;-1,000;-1,000;-1,000;-1,000;-1,000;-1,000;-1,000;-1,000;-1,000;-1,000;-1,000;-1,000;NOK
3073400591-00-W20-L2- 26 06G023-0003501;716;09:05:37;32,9;OK;OK;OK;OK;0,000;24,052;5,124;2,682;3,279;4,983;1,721;4,984;8,978;9,013;14,966;15,006;19,938;19,984;8,473;8,679;19,864;5,113;2,671;3,268;4,983;1,715;5,084;8,973;9,008;14,971;15,000;19,943;19,984;8,479;8,679;19,994;2,550;23,933;OK
3073400591-00-W20-L2- 26 06G023-0003499;716;09:05:14;32,8;OK;OK;OK;OK;0,000;24,052;5,130;2,660;3,300;4,978;1,672;4,963;8,984;8,997;14,982;14,995;19,965;19,994;8,479;8,684;19,875;5,124;2,687;3,273;4,983;1,656;5,073;8,984;9,008;14,982;15,000;19,965;19,989;8,479;8,684;20,011;2,651;23,926;OK
3073400591-00-W20-L2- 26 06G023-0003498;716;09:05:52;32,8;OK;OK;OK;OK;0,000;24,058;5,124;2,660;3,295;4,978;1,672;4,973;8,978;9,002;14,982;15,006;19,965;19,994;8,479;8,679;19,875;5,113;2,665;3,300;4,983;1,677;5,073;8,978;9,008;14,976;15,000;19,965;19,994;8,484;8,679;20,016;2,674;23,926;OK
3073400591-00-W20-L2- 26 06G023-0003494;716;09:05:29;32,8;OK;OK;OK;OK;0,000;24,052;5,130;2,660;3,251;4,989;1,683;4,973;8,984;8,997;14,976;14,990;19,965;19,989;8,490;8,684;19,864;5,124;2,676;3,257;4,994;1,677;5,084;8,984;9,013;14,982;15,006;19,960;19,994;8,484;8,690;20,011;2,651;23,927;OK
3073400591-00-W20-L2- 26 06G023-0003503;716;09:05:07;32,6;OK;OK;OK;OK;0,000;24,052;5,151;2,660;3,246;4,999;1,656;4,979;8,995;9,002;14,987;14,990;19,954;19,973;8,490;8,695;19,853;5,135;2,649;3,251;5,005;1,650;5,068;8,995;8,997;14,982;14,984;19,954;19,973;8,495;8,695;20,000;2,646;23,927;OK
3073400591-00-W20-L2- 26 06G023-0003491;716;09:05:46;32,7;OK;OK;OK;OK;0,000;24,047;5,124;2,687;3,289;4,999;1,704;4,979;8,989;8,997;14,987;15,000;19,954;19,978;8,495;8,690;19,859;5,135;2,654;3,284;4,999;1,710;5,101;8,989;9,019;14,987;15,011;19,954;19,989;8,490;8,695;20,005;2,664;23,927;OK
3073400591-00-W20-L2- 26 06G023-0003484;716;09:05:24;32,7;OK;OK;OK;OK;0,000;24,047;5,097;2,654;3,284;4,961;1,661;4,957;8,957;8,986;14,944;14,968;19,911;19,951;8,463;8,652;19,826;5,097;2,682;3,257;4,967;1,661;5,052;8,957;8,981;14,944;14,962;19,916;19,940;8,452;8,652;19,962;2,644;23,927;OK
3073400591-00-W20-L2- 26 06G023-0003502;716;09:05:02;32,7;OK;OK;OK;OK;0,000;24,052;5,103;2,660;3,284;4,983;1,661;4,963;8,967;8,986;14,949;14,973;19,927;19,956;8,468;8,668;19,832;5,113;2,671;3,262;4,978;1,666;5,063;8,962;8,986;14,955;14,973;19,927;19,951;8,468;8,668;19,973;2,666;23,926;OK
3073400591-00-W20-L2- 26 06G023-0001972;716;09:05:11;3,8;OK;OK;OK;OK;0,000;24,047;1,156;-1,000;-1,000;-1,000;-1,000;-1,000;-1,000;-1,000;-1,000;-1,000;-1,000;-1,000;-1,000;-1,000;-1,000;-1,000;-1,000;-1,000;-1,000;-1,000;-1,000;-1,000;-1,000;-1,000;-1,000;-1,000;-1,000;-1,000;-1,000;-1,000;-1,000;-1,000;NOK
3073400591-00-W20-L2- 26 06G023-0001972;716;09:05:05;32,7;OK;OK;OK;OK;0,000;24,047;5,141;2,698;3,289;5,010;1,699;5,001;9,005;9,024;14,998;15,028;19,987;20,022;8,506;8,706;19,897;5,146;2,671;3,300;5,010;1,710;5,111;9,005;9,040;15,004;15,033;19,987;20,027;8,506;8,706;20,038;2,695;23,925;OK
3073400591-00-W20-L2- 26 06G023-0003500;716;09:05:30;17,6;OK;OK;OK;OK;0,000;24,052;5,141;2,649;3,268;4,989;1,694;4,990;8,989;9,029;14,993;15,022;19,970;20,022;8,490;8,695;19,891;5,124;2,682;-0,109;-1,000;-1,000;-1,000;-1,000;-1,000;-1,000;-1,000;-1,000;-1,000;-1,000;-1,000;-1,000;-1,000;-1,000;NOK
3073400591-00-W20-L2- 26 06G023-0003500;716;09:05:13;32,8;OK;OK;OK;OK;0,000;24,042;5,124;2,671;3,273;4,983;1,688;4,984;8,984;9,024;14,982;15,022;19,970;20,011;8,484;8,684;19,891;5,124;2,638;3,268;4,983;1,683;5,084;8,984;9,024;14,982;15,022;19,970;20,011;8,484;8,684;20,016;2,696;23,925;OK
3073400591-00-W20-L2- 26 06G023-0003504;716;09:05:51;32,7;OK;OK;OK;OK;0,000;24,058;5,097;2,649;3,257;4,956;1,694;4,930;8,962;8,964;14,971;14,979;19,960;19,978;8,457;8,657;19,859;5,092;2,660;3,273;4,956;1,704;5,046;8,962;8,986;14,971;14,990;19,965;19,989;8,457;8,657;20,005;2,695;23,925;OK
3073400591-00-W20-L2- 26 06G023-0003495;716;09:05:29;32,7;OK;OK;OK;OK;0,000;24,047;5,097;2,649;3,257;4,967;1,650;4,946;8,967;8,986;14,966;14,984;19,949;19,984;8,463;8,663;19,848;5,097;2,654;3,268;4,967;1,650;5,068;8,973;8,997;14,966;15,000;19,949;19,984;8,468;8,663;20,000;2,685;23,926;OK
3073400591-00-W20-L2- 26 06G023-0001969;716;09:05:07;32,7;OK;OK;OK;OK;0,002;24,047;5,124;2,654;3,279;4,989;1,672;4,973;8,967;8,981;14,955;14,968;19,932;19,967;8,473;8,668;19,842;5,130;2,676;3,279;4,994;1,672;5,073;8,967;8,975;14,955;14,962;19,938;19,951;8,468;8,673;19,984;2,672;23,926;OK
3073400591-00-W20-L2- 26 06G023-0003493;716;09:05:44;32,7;OK;OK;OK;OK;0,000;24,058;5,113;2,638;3,235;4,967;1,694;4,946;8,978;8,991;14,960;14,979;19,938;19,962;8,479;8,684;19,837;5,103;2,660;3,268;4,967;1,688;5,057;8,978;9,002;14,966;14,984;19,938;19,962;8,479;8,684;19,984;2,677;23,926;OK
3073400591-00-W20-L2- 26 06G023-0001978;716;09:05:22;32,7;OK;OK;OK;OK;0,001;24,058;5,130;2,682;3,289;4,999;1,710;4,995;8,989;9,024;14,987;15,022;19,970;20,011;8,490;8,690;19,886;5,130;2,692;3,289;4,994;1,710;5,090;8,989;9,013;14,993;15,006;19,976;20,000;8,490;8,690;20,016;2,682;23,974;OK
3073400591-00-W20-L2- 26 06G023-0001970;716;09:05:00;32,7;OK;OK;OK;OK;0,000;24,047;5,108;2,682;3,246;4,956;1,677;4,957;8,951;8,975;14,944;14,962;19,916;19,946;8,452;8,652;19,832;5,097;2,682;3,279;4,961;1,683;5,046;8,951;8,970;14,938;14,957;19,922;19,946;8,452;8,657;19,962;2,673;23,926;OK
3073400591-00-W20-L2- 26 06G023-0001976;716;09:05:38;32,9;OK;OK;OK;OK;0,000;24,052;5,108;2,649;3,279;4,983;1,656;4,979;8,967;9,002;14,971;14,995;19,949;19,984;8,473;8,673;19,859;5,113;2,660;3,257;4,983;1,650;5,068;8,973;8,986;14,966;14,984;19,943;19,967;8,473;8,673;19,984;2,649;23,974;OK
3073400591-00-W20-L2- 26 06G023-0001971;716;09:05:16;32,7;OK;OK;OK;OK;0,000;24,052;5,119;2,671;3,289;4,994;1,704;4,957;8,989;8,991;14,987;14,990;19,970;19,989;8,490;8,690;19,875;5,124;2,687;3,289;4,994;1,710;5,073;8,995;9,008;14,993;15,006;19,970;20,000;8,490;8,690;20,016;2,671;23,926;OK
3073400591-00-W20-L2- 26 06G023-0001977;716;09:05:56;32,7;OK;OK;OK;OK;0,000;24,052;5,135;2,682;3,273;4,989;1,710;4,995;8,978;9,013;14,966;14,995;19,954;19,989;8,479;8,679;19,864;5,130;2,649;3,251;4,989;1,704;5,095;8,973;9,013;14,966;15,000;19,949;19,984;8,479;8,684;19,994;2,690;23,925;OK
3073400591-00-W20-L2- 26 06G023-0003474;716;09:05:43;32,7;OK;OK;OK;OK;0,000;24,047;5,141;2,644;3,284;4,999;1,715;4,984;8,995;9,008;14,987;15,000;19,960;19,984;8,501;8,701;19,864;5,135;2,665;3,257;5,005;1,704;5,101;8,995;9,024;14,987;15,017;19,960;19,994;8,495;8,695;20,005;2,639;23,928;OK
3073400591-00-W20-L2- 26 06G023-0001973;716;09:05:27;32,7;OK;OK;OK;OK;0,000;24,058;5,135;2,692;3,268;5,010;1,656;5,001;8,995;9,029;14,987;15,017;19,954;19,994;8,495;8,695;19,870;5,141;2,649;3,268;5,005;1,650;5,095;9,000;9,024;14,987;15,006;19,960;19,994;8,495;8,701;19,994;2,662;23,926;OK
3073400591-00-W20-L2- 26 06G023-0001975;716;09:05:36;3,8;OK;OK;OK;OK;0,000;24,047;-0,700;-1,000;-1,000;-1,000;-1,000;-1,000;-1,000;-1,000;-1,000;-1,000;-1,000;-1,000;-1,000;-1,000;-1,000;-1,000;-1,000;-1,000;-1,000;-1,000;-1,000;-1,000;-1,000;-1,000;-1,000;-1,000;-1,000;-1,000;-1,000;-1,000;-1,000;-1,000;NOK
3073400591-00-W20-L2- 26 06G023-0001975;716;09:05:19;32,9;OK;OK;OK;OK;0,000;24,058;5,135;2,654;3,273;4,994;1,694;4,995;8,989;9,024;14,982;15,011;19,954;19,994;8,495;8,695;19,875;5,135;2,665;3,284;4,999;1,688;5,101;8,989;9,024;14,976;15,011;19,954;20,000;8,490;8,690;20,000;2,663;23,926;OK
3073400591-00-W20-L2- 26 06G023-0001979;716;09:05:57;32,7;OK;OK;OK;OK;0,000;24,047;5,103;2,692;3,289;4,972;1,634;4,973;8,962;8,991;14,944;14,979;19,922;19,956;8,463;8,663;19,832;5,108;2,687;3,268;4,978;1,628;5,046;8,962;8,964;14,944;14,952;19,916;19,935;8,463;8,663;19,967;2,643;23,926;OK
3073400591-00-W20-L2- 26 06G023-0002242;716;09:05:35;32,7;OK;OK;OK;OK;0,000;24,058;5,124;2,682;3,257;4,972;1,656;4,973;8,967;8,997;14,966;14,995;19,943;19,984;8,468;8,668;19,859;5,113;2,649;3,257;4,978;1,661;5,063;8,973;8,991;14,966;14,984;19,943;19,978;8,473;8,668;19,984;2,641;23,926;OK
3073400591-00-W20-L2- 26 06G023-0001980;716;09:05:12;32,7;OK;OK;OK;OK;0,000;24,058;5,081;2,671;3,295;4,951;1,645;4,946;8,967;8,986;14,949;14,973;19,927;19,962;8,463;8,663;19,842;5,086;2,665;3,289;4,951;1,661;5,041;8,962;8,981;14,944;14,962;19,927;19,956;8,463;8,663;19,973;2,679;23,926;OK
3073400591-00-W20-L2- 26 06G023-0001974;716;09:05:50;32,8;OK;OK;OK;OK;0,002;24,047;5,108;2,682;3,273;4,967;1,666;4,957;8,957;8,975;14,944;14,962;19,922;19,956;8,457;8,657;19,832;5,103;2,676;3,257;4,961;1,677;5,046;8,951;8,975;14,944;14,962;19,922;19,956;8,457;8,657;19,973;2,622;23,928;OK
3073400591-00-W20-L2- 26 06G023-0002238;716;09:05:28;32,8;OK;OK;OK;OK;0,000;24,052;5,135;2,687;3,289;4,989;1,710;4,995;8,978;9,008;14,955;14,995;19,916;19,962;8,479;8,679;19,842;5,119;2,660;3,284;4,989;1,710;5,084;8,973;8,997;14,955;14,979;19,916;19,951;8,473;8,679;19,967;2,626;23,926;OK
3073400591-00-W20-L2- 26 06G023-0002236;716;09:05:05;32,7;OK;OK;OK;OK;0,002;24,058;5,124;2,676;3,268;4,983;1,634;4,984;8,978;9,013;14,971;15,006;19,943;19,989;8,479;8,684;19,864;5,119;2,665;3,268;4,983;1,639;5,084;8,978;9,013;14,971;15,006;19,943;19,989;8,479;8,679;20,000;2,667;23,925;OK
3073400591-00-W20-L2- 26 06G023-0002233;716;09:05:48;32,8;OK;OK;OK;OK;0,000;24,052;5,119;2,654;3,295;4,983;1,683;4,968;8,978;9,002;14,993;15,011;19,981;20,005;8,484;8,684;19,886;5,119;2,649;3,273;4,983;1,683;5,057;8,978;8,997;14,993;15,000;19,987;20,005;8,479;8,684;20,027;2,691;23,924;OK
3073400591-00-W20-L2- 26 06G023-0002235;716;09:05:25;32,7;OK;OK;OK;OK;0,000;24,047;5,135;2,649;3,279;5,005;1,721;5,006;9,005;9,040;15,014;15,044;20,003;20,032;8,506;8,706;19,913;5,146;2,676;3,273;5,010;1,721;5,090;9,011;9,013;15,014;15,022;20,003;20,027;8,511;8,711;20,049;2,674;23,925;OK
3073400591-00-W20-L2- 26 06G023-0002239;716;09:05:03;32,7;OK;OK;OK;OK;0,000;24,052;5,103;2,644;3,257;4,967;1,726;4,963;8,951;8,986;14,944;14,979;19,916;19,956;8,457;8,657;19,832;5,097;2,644;3,273;4,967;1,715;5,063;8,957;8,981;14,944;14,968;19,916;19,946;8,457;8,657;19,962;2,671;23,926;OK
;716;09:05:10;2,2;NON TESTE;NON TESTE;NON TESTE;NON TESTE;-1,000;-1,000;-1,000;-1,000;-1,000;-1,000;-1,000;-1,000;-1,000;-1,000;-1,000;-1,000;-1,000;-1,000;-1,000;-1,000;-1,000;-1,000;-1,000;-1,000;-1,000;-1,000;-1,000;-1,000;-1,000;-1,000;-1,000;-1,000;-1,000;-1,000;-1,000;-1,000;-1,000;-1,000;NOK
;716;09:05:14;2,2;NON TESTE;NON TESTE;NON TESTE;NON TESTE;-1,000;-1,000;-1,000;-1,000;-1,000;-1,000;-1,000;-1,000;-1,000;-1,000;-1,000;-1,000;-1,000;-1,000;-1,000;-1,000;-1,000;-1,000;-1,000;-1,000;-1,000;-1,000;-1,000;-1,000;-1,000;-1,000;-1,000;-1,000;-1,000;-1,000;-1,000;-1,000;-1,000;-1,000;NOK
3073400591-00-W20-L2- 26 06G023-0002234;716;09:05:10;32,7;OK;OK;OK;OK;0,000;24,052;5,124;2,676;3,257;5,146;1,672;4,995;9,000;9,024;15,004;15,028;19,976;20,016;8,501;8,695;19,886;5,130;2,671;3,251;4,999;1,666;5,106;9,005;9,029;14,998;15,033;19,976;20,022;8,495;8,701;20,027;2,679;23,926;OK
3073400591-00-W20-L2- 26 06G023-0002241;716;09:05:52;32,7;OK;OK;OK;OK;0,000;24,052;5,135;2,682;3,262;5,010;1,677;5,001;9,011;9,040;15,025;15,049;20,008;20,043;8,511;8,717;19,918;5,141;2,649;3,289;5,010;1,672;5,095;9,011;9,035;15,020;15,044;20,008;20,032;8,517;8,717;20,060;2,664;23,927;OK
3073400591-00-W20-L2- 26 06G023-0002343;716;09:05:30;32,7;OK;OK;OK;OK;0,000;24,052;5,119;2,649;3,279;4,994;1,688;4,990;8,989;9,019;14,998;15,022;19,981;20,016;8,490;8,684;19,897;5,124;2,649;3,251;4,989;1,694;5,084;8,989;9,008;14,993;15,011;19,987;20,016;8,490;8,690;20,022;2,657;23,926;OK
3073400591-00-W20-L2- 26 06G023-0002347;716;09:05:08;32,7;OK;OK;OK;OK;0,000;24,047;5,092;2,676;3,257;4,961;1,683;4,952;8,962;8,991;14,971;15,000;19,976;20,005;8,463;8,668;19,880;5,097;2,644;3,273;4,967;1,683;5,057;8,962;8,991;14,971;14,995;19,970;19,994;8,463;8,663;20,022;2,661;23,926;OK
3073400591-00-W20-L2- 26 06G023-0002341;716;09:05:47;33,2;OK;OK;OK;OK;0,000;24,052;5,135;2,654;3,284;4,994;1,688;4,990;8,989;9,019;14,993;15,017;19,970;20,011;8,484;8,690;19,886;5,130;2,687;3,262;4,994;1,694;4,976;8,989;8,850;14,993;14,838;19,970;19,853;8,490;8,690;20,022;2,570;23,931;OK
3073400591-00-W20-L2- 26 06G023-0002344;716;09:05:25;32,7;OK;OK;OK;OK;0,000;24,052;5,092;2,649;3,262;4,951;1,699;4,832;8,946;8,823;14,944;14,805;19,922;19,815;8,446;8,646;19,707;5,086;2,660;3,279;4,956;1,704;5,052;8,946;8,975;14,938;14,968;19,927;19,962;8,446;8,652;19,973;2,644;23,927;OK
3073400591-00-W20-L2- 26 06G023-0002244;716;09:05:02;32,7;OK;OK;OK;OK;0,000;24,052;5,113;2,676;3,257;4,989;1,656;4,990;8,978;9,002;14,949;14,979;19,916;19,951;8,479;8,673;19,826;5,124;2,665;3,262;4,994;1,656;5,073;8,978;8,997;14,949;14,968;19,916;19,940;8,473;8,679;19,956;2,635;23,927;OK
3073400591-00-W20-L2- 26 06G023-0003154;716;09:05:41;32,7;OK;OK;OK;OK;0,000;24,052;5,119;2,644;3,251;4,983;1,710;4,984;8,984;9,019;14,993;15,022;19,987;20,027;8,484;8,684;19,902;5,119;2,671;3,251;4,978;1,704;5,079;8,978;9,019;14,993;15,022;19,981;20,022;8,484;8,679;20,032;2,665;23,926;OK
3073400591-00-W20-L2- 26 06G023-0002351;716;09:05:00;13,9;OK;OK;OK;OK;0,000;24,058;5,124;2,660;3,289;4,994;1,666;4,990;8,995;9,024;14,993;15,022;19,981;20,016;4,994;-1,000;-1,000;-1,000;-1,000;-1,000;-1,000;-1,000;-1,000;-1,000;-1,000;-1,000;-1,000;-1,000;-1,000;-1,000;-1,000;-1,000;-1,000;-1,000;NOK
3073400591-00-W20-L2- 26 06G023-0002351;716;09:05:19;13,8;OK;OK;OK;OK;0,000;24,058;5,124;2,671;3,289;4,994;1,666;4,990;9,000;9,029;14,998;15,028;19,981;20,022;4,994;-1,000;-1,000;-1,000;-1,000;-1,000;-1,000;-1,000;-1,000;-1,000;-1,000;-1,000;-1,000;-1,000;-1,000;-1,000;-1,000;-1,000;-1,000;-1,000;NOK
3073400591-00-W20-L2- 26 06G023-0002351;716;09:05:57;32,7;OK;OK;OK;OK;0,000;24,058;5,124;2,660;3,289;4,994;1,677;4,995;8,995;9,029;14,993;15,028;19,981;20,016;8,495;8,695;19,897;5,124;2,698;3,273;4,994;1,666;5,095;8,995;9,035;14,998;15,033;19,981;20,022;8,495;8,695;20,032;2,669;23,926;OK
3073400591-00-W20-L2- 26 06G023-0003146;716;09:05:35;32,8;OK;OK;OK;OK;0,000;24,058;5,146;2,665;3,284;5,010;1,721;5,006;8,995;9,029;14,976;15,006;19,932;19,967;8,495;8,701;19,848;5,141;2,682;3,289;5,005;1,726;5,073;8,995;8,991;14,971;14,952;19,932;19,918;8,501;8,701;19,973;2,643;23,926;OK
3073400591-00-W20-L2- 26 06G023-0003147;716;09:05:13;33,1;OK;OK;OK;OK;0,000;24,042;5,119;2,671;3,257;4,983;1,656;4,984;8,978;9,013;14,982;15,017;19,970;20,011;8,479;8,679;19,886;5,113;2,682;3,257;4,983;1,650;5,068;8,978;9,002;14,976;15,000;19,965;20,000;8,479;8,679;20,016;2,702;23,924;OK
3073400591-00-W20-L2- 26 06G023-0002346;716;09:05:51;32,7;OK;OK;OK;OK;0,003;24,058;5,130;2,649;3,279;5,005;1,650;4,995;9,005;9,024;14,998;15,028;19,981;20,016;8,506;8,701;19,897;5,135;2,649;3,251;4,999;1,656;5,090;9,005;9,024;15,004;15,022;19,981;20,011;8,501;8,706;20,038;2,699;23,923;OK
3073400591-00-W20-L2- 26 06G023-0002352;716;09:05:30;32,9;OK;OK;OK;OK;0,000;24,052;5,103;2,676;3,289;4,956;1,672;4,952;8,957;8,986;14,960;14,990;19,949;19,989;8,457;8,657;19,859;5,092;2,692;3,289;4,961;1,666;5,057;8,957;8,997;14,960;14,990;19,949;19,984;8,463;8,657;19,994;2,697;23,924;OK
3073400591-00-W20-L2- 26 06G023-0003145;716;09:05:08;32,7;OK;OK;OK;OK;0,000;24,042;5,119;2,654;3,262;4,989;1,704;4,990;8,995;9,019;15,004;15,028;19,992;20,038;8,495;8,695;19,908;5,124;2,682;3,268;4,989;1,710;5,068;8,989;9,002;14,998;15,000;19,998;20,011;8,490;8,695;20,043;2,716;23,923;OK
3073400591-00-W20-L2- 26 06G023-0002243;716;09:05:46;32,7;OK;OK;OK;OK;0,000;24,052;5,103;2,665;3,279;4,967;1,704;4,963;8,967;8,986;14,966;14,984;19,949;19,978;8,463;8,668;19,853;5,097;2,682;3,262;4,967;1,704;5,052;8,962;8,981;14,960;14,979;19,949;19,967;8,463;8,663;19,989;2,700;23,924;OK
3073400591-00-W20-L2- 26 06G023-0002350;716;09:05:24;32,6;OK;OK;OK;OK;0,000;24,058;5,130;2,649;3,262;4,999;1,694;4,990;8,989;9,019;14,993;15,011;19,970;20,005;8,495;8,695;19,870;5,135;2,682;3,251;5,005;1,704;5,095;8,995;9,019;14,993;15,017;19,965;20,000;8,495;8,695;20,011;2,678;23,924;OK
3073400591-00-W20-L2- 26 06G023-0002348;716;09:05:02;32,7;OK;OK;OK;OK;0,000;24,047;5,151;2,665;3,279;5,010;1,683;5,011;9,005;9,035;15,004;15,033;19,992;20,032;8,511;8,711;19,902;5,146;2,654;3,273;5,010;1,672;5,106;9,011;9,035;15,009;15,033;19,998;20,027;8,511;8,711;20,038;2,701;23,924;OK
3073400591-00-W20-L2- 26 06G023-0003149;716;09:05:40;32,8;OK;OK;OK;OK;0,000;24,052;5,157;2,654;3,251;5,010;1,666;5,001;8,995;9,013;14,966;14,979;19,922;19,956;8,495;8,701;19,832;5,151;2,676;3,279;5,010;1,672;5,106;8,995;9,024;14,960;14,990;19,927;19,956;8,495;8,695;19,978;2,674;23,925;OK
3073400591-00-W20-L2- 26 06G023-0003148;716;09:05:49;3,8;OK;OK;OK;OK;0,000;24,063;1,167;-1,000;-1,000;-1,000;-1,000;-1,000;-1,000;-1,000;-1,000;-1,000;-1,000;-1,000;-1,000;-1,000;-1,000;-1,000;-1,000;-1,000;-1,000;-1,000;-1,000;-1,000;-1,000;-1,000;-1,000;-1,000;-1,000;-1,000;-1,000;-1,000;-1,000;-1,000;NOK
3073400591-00-W20-L2- 26 06G023-0003148;716;09:05:29;32,7;OK;OK;OK;OK;0,000;24,052;5,113;2,638;3,241;4,983;1,656;4,984;8,973;9,008;14,955;14,990;19,927;19,962;8,473;8,679;19,837;5,119;2,638;3,246;4,983;1,650;5,079;8,973;8,997;14,955;14,973;19,922;19,951;8,473;8,668;19,967;2,672;23,926;OK
3073400591-00-W20-L2- 26 06G023-0002342;716;09:05:07;32,8;OK;OK;OK;OK;0,000;24,058;5,065;2,671;3,251;4,972;1,694;4,968;8,978;9,002;14,987;15,017;19,987;20,022;8,473;8,673;19,897;5,113;2,649;3,246;4,972;1,683;5,057;8,978;8,991;14,976;15,000;19,987;20,005;8,479;8,679;20,027;2,677;23,925;OK
3073400591-00-W20-L2- 26 06G023-0003151;716;09:05:45;32,6;OK;OK;OK;OK;0,000;24,052;5,135;2,671;3,268;4,983;1,710;4,984;8,973;9,002;14,944;14,973;19,922;19,962;8,468;8,673;19,842;5,119;2,682;3,289;4,983;1,704;5,068;8,973;8,997;14,944;14,968;19,927;19,956;8,473;8,673;19,967;2,670;23,925;OK
3073400591-00-W20-L2- 26 06G023-0002349;716;09:05:22;32,6;OK;OK;OK;OK;0,000;24,047;5,103;2,649;3,268;4,967;1,688;4,963;8,967;9,008;14,987;15,011;19,981;20,027;8,473;8,673;19,897;5,103;2,698;3,268;4,967;1,688;5,057;8,973;8,997;14,982;15,006;19,981;20,011;8,468;8,673;20,027;2,684;23,924;OK
3073400591-00-W20-L2- 26 06G023-0002345;716;09:05:49;21,5;OK;OK;OK;OK;0,002;24,047;5,124;2,654;3,262;4,999;1,688;4,995;8,995;9,019;14,982;15,006;19,954;19,989;8,495;8,695;19,870;5,135;2,665;3,241;4,999;1,683;4,525;-1,000;-1,000;-1,000;-1,000;-1,000;-1,000;-1,000;-1,000;-1,000;-1,000;-1,000;NOK
3073400591-00-W20-L2- 26 06G023-0002345;716;09:05:29;33,5;OK;OK;OK;OK;0,000;24,052;5,135;2,633;3,257;5,005;1,683;5,011;8,989;9,029;14,982;15,017;19,960;19,994;8,495;8,690;19,880;5,135;2,649;3,262;5,005;1,688;5,101;8,989;9,019;14,976;15,006;19,954;19,989;8,495;8,695;20,005;2,649;23,926;OK
3073400591-00-W20-L2- 26 06G023-0002240;716;09:05:06;32,7;OK;OK;OK;OK;0,000;24,052;5,103;2,692;3,306;4,972;1,650;4,973;8,978;9,013;14,993;15,017;19,976;20,016;8,479;8,679;19,891;5,103;2,682;3,284;4,972;1,650;5,041;8,978;8,975;14,987;14,990;19,976;19,994;8,473;8,679;20,022;2,693;23,924;OK
3073400591-00-W20-L2- 26 06G023-0001195;716;09:05:56;32,7;OK;OK;OK;OK;0,000;24,047;5,108;2,682;3,284;4,967;1,683;4,952;8,973;8,997;14,982;15,000;19,965;20,005;8,468;8,679;19,880;5,103;2,649;3,279;4,967;1,677;5,073;8,967;9,013;14,982;15,017;19,976;20,016;8,473;8,673;20,016;2,657;23,925;OK
3073400591-00-W20-L2- 26 06G023-0001189;716;09:05:36;32,7;OK;OK;OK;OK;0,000;24,058;5,146;2,682;3,246;5,005;1,677;5,006;9,016;9,040;15,020;15,049;20,008;20,043;8,517;8,711;19,918;5,151;2,649;3,257;5,010;1,683;5,106;9,016;9,046;15,020;15,049;20,014;20,043;8,517;8,711;20,060;2,694;23,924;OK
3073400591-00-W20-L2- 26 06G023-0001199;716;09:05:14;32,8;OK;OK;OK;OK;0,000;24,042;5,146;2,654;3,279;5,005;1,704;4,995;9,005;9,024;14,998;15,022;19,976;20,011;8,506;8,706;19,886;5,141;2,654;3,268;5,010;1,699;5,095;9,005;9,024;14,998;15,022;19,981;20,016;8,511;8,711;20,027;2,680;23,924;OK
3073400591-00-W20-L2- 26 06G023-0001198;716;09:05:52;32,7;OK;OK;OK;OK;0,001;24,052;5,075;2,633;3,219;4,956;1,683;4,957;8,946;8,981;14,938;14,968;19,922;19,962;8,441;8,646;19,832;5,092;2,627;3,246;4,956;1,683;5,046;8,940;8,964;14,933;14,957;19,927;19,956;8,441;8,646;19,962;2,659;23,926;OK
3073400591-00-W20-L2- 26 06G023-0001196;716;09:05:29;32,8;OK;OK;OK;OK;0,000;24,047;5,124;2,649;3,257;4,999;1,672;4,990;8,995;9,024;14,993;15,022;19,965;20,005;8,495;8,695;19,886;5,130;2,671;3,284;4,994;1,672;5,090;8,995;9,019;14,993;15,011;19,965;20,005;8,495;8,695;20,016;2,671;23,925;OK
3073400591-00-W20-L2- 26 06G023-0001192;716;10:05:07;32,9;OK;OK;OK;OK;0,000;24,058;5,135;2,665;3,251;4,994;1,704;4,990;8,989;9,024;14,987;15,022;19,981;20,016;8,495;8,690;19,891;5,130;2,671;3,262;4,989;1,710;5,079;8,995;9,008;14,987;15,006;19,981;20,005;8,495;8,695;20,027;2,685;23,925;OK
3073400591-00-W20-L2- 26 06G023-0001123;716;10:05:43;30,9;OK;OK;OK;OK;0,000;24,052;5,092;2,649;3,262;4,956;1,694;4,963;8,973;9,008;14,976;15,011;19,965;20,005;8,473;8,673;19,880;5,097;2,654;3,284;4,956;1,699;5,052;8,973;8,997;14,982;15,000;19,965;20,000;8,473;8,679;20,022;0,200;-1,000;NOK
3073400591-00-W20-L2- 26 06G023-0001123;716;10:05:19;31,1;OK;OK;OK;OK;0,000;24,052;5,092;2,660;3,268;4,956;1,694;4,963;8,967;9,002;14,976;15,011;19,970;20,000;8,468;8,668;19,880;5,086;2,660;3,284;4,951;1,694;5,035;8,973;8,981;14,982;14,984;19,965;19,989;8,473;8,668;20,011;0,200;-1,000;NOK
3073400591-00-W20-L2- 26 06G023-0001123;716;10:05:27;31,6;OK;OK;OK;OK;0,000;24,047;5,103;2,660;3,251;4,956;1,694;4,946;8,973;9,002;14,976;15,011;19,970;20,005;8,468;8,668;19,875;5,092;2,671;3,251;4,951;1,699;5,035;8,967;8,986;14,976;14,995;19,965;19,994;8,468;8,673;20,011;0,200;-1,000;NOK
3073400591-00-W20-L2- 26 06G023-0001117;716;10:05:14;30,9;OK;OK;OK;OK;0,000;24,047;5,086;2,644;3,246;4,961;1,666;4,849;8,962;8,856;14,960;14,854;19,960;19,870;8,463;8,663;19,750;5,097;2,649;3,273;4,961;1,661;5,046;8,957;8,986;14,960;14,984;19,954;19,989;8,457;8,663;20,000;0,200;-1,000;NOK
3073400591-00-W20-L2- 26 06G023-0001117;716;10:05:19;32,8;OK;OK;OK;OK;0,000;24,047;5,103;2,660;3,251;4,967;1,666;4,946;8,962;8,986;14,966;14,984;19,954;19,989;8,463;8,657;19,870;5,097;2,665;3,262;4,961;1,666;5,057;8,962;8,991;14,960;14,990;19,960;19,994;8,463;8,657;20,000;2,640;23,926;OK
3073400591-00-W20-L2- 26 06G023-0001123;716;10:05:10;32,8;OK;OK;OK;OK;0,000;24,052;5,086;2,649;3,284;4,956;1,694;4,957;8,973;9,013;14,982;15,017;19,965;20,011;8,473;8,673;19,886;5,092;2,676;3,257;4,961;1,699;5,052;8,978;9,002;14,982;15,006;19,970;20,000;8,479;8,673;20,016;2,624;23,927;OK
3073400591-00-W20-L2- 26 06G023-0001120;716;10:05:47;32,7;OK;OK;OK;OK;0,000;24,047;5,119;2,671;3,273;4,989;1,710;4,984;8,973;9,013;14,960;14,995;19,932;19,973;8,479;8,679;19,853;5,119;2,671;3,268;4,989;1,715;5,079;8,978;9,002;14,960;14,990;19,927;19,973;8,479;8,679;19,978;2,620;23,926;OK
3073400591-00-W20-L2- 26 06G023-0001118;716;10:05:25;32,8;OK;OK;OK;OK;0,000;24,052;5,130;2,649;3,257;4,978;1,726;4,984;8,973;9,019;14,971;15,006;19,949;19,994;8,473;8,673;19,870;5,119;2,665;3,273;4,983;1,715;5,073;8,973;9,008;14,966;15,000;19,943;19,978;8,473;8,679;19,994;2,621;23,927;OK
3073400591-00-W20-L2- 26 06G023-0001126;716;10:05:03;32,7;OK;OK;OK;OK;0,000;24,063;5,097;2,665;3,273;4,961;1,699;4,805;8,978;8,845;14,993;14,886;19,976;19,886;8,479;8,679;19,783;5,092;2,687;3,262;4,961;1,694;5,046;8,984;9,013;14,993;15,022;19,970;20,011;8,479;8,684;20,027;2,653;23,924;OK
3073400591-00-W20-L2- 26 06G023-0001128;716;10:05:40;32,8;OK;OK;OK;OK;0,000;24,052;5,103;2,665;3,273;4,972;1,639;4,973;8,978;9,019;14,976;15,017;19,981;20,022;8,479;8,679;19,897;5,103;2,676;3,279;4,967;1,639;5,063;8,984;9,013;14,982;15,011;19,970;20,005;8,484;8,684;20,022;2,631;23,924;OK
3073400591-00-W20-L2- 26 06G023-0001892;716;10:05:17;32,7;OK;OK;OK;OK;0,000;24,052;5,097;2,654;3,273;4,967;1,688;4,957;8,967;8,997;14,971;15,006;19,970;20,005;8,468;8,668;19,886;5,097;2,682;3,268;4,961;1,699;5,057;8,973;8,997;14,982;15,000;19,960;20,000;8,468;8,673;20,016;2,657;23,924;OK
3073400591-00-W20-L2- 26 06G023-0001895;716;10:05:58;32,8;OK;OK;OK;OK;0,000;24,052;5,113;2,660;3,262;4,972;1,634;4,968;8,967;9,002;14,971;15,000;19,960;19,994;8,463;8,673;19,875;5,103;2,682;3,273;4,972;1,639;5,073;8,973;9,002;14,971;15,000;19,960;19,994;8,468;8,668;20,005;2,614;23,926;OK
3073400591-00-W20-L2- 26 06G023-0001888;716;10:05:36;32,8;OK;OK;OK;OK;0,000;24,058;5,135;2,698;3,295;4,994;1,666;4,995;8,984;9,013;14,976;15,006;19,949;19,989;8,484;8,690;19,870;5,130;2,676;3,306;4,994;1,666;5,095;8,989;9,019;14,976;15,011;19,949;19,994;8,490;8,690;19,994;2,622;23,927;OK
3073400591-00-W20-L2- 26 06G023-0001125;716;10:05:04;21,0;OK;OK;OK;OK;0,001;24,047;5,130;2,660;3,273;4,999;1,645;5,006;8,967;9,013;14,955;14,990;19,932;19,978;8,479;8,673;19,853;5,141;2,649;3,257;5,151;0,581;-1,000;-1,000;-1,000;-1,000;-1,000;-1,000;-1,000;-1,000;-1,000;-1,000;-1,000;-1,000;NOK
3073400591-00-W20-L2- 26 06G023-0001125;716;10:05:42;32,7;OK;OK;OK;OK;0,003;24,047;5,141;2,649;3,268;5,005;1,650;5,011;8,973;9,013;14,955;14,990;19,932;19,978;8,473;8,673;19,853;5,135;2,682;3,262;5,005;1,650;5,101;8,973;9,008;14,955;14,990;19,932;19,973;8,473;8,673;19,984;2,621;23,927;OK
3073400591-00-W20-L2- 26 06G023-0001885;716;10:05:20;32,7;OK;OK;OK;OK;0,000;24,058;5,130;2,649;3,284;5,005;1,683;5,006;8,984;9,019;14,955;14,990;19,927;19,967;8,490;8,684;19,842;5,141;2,692;3,262;5,005;1,683;5,101;8,978;9,013;14,955;14,984;19,922;19,967;8,490;8,684;19,973;2,615;24,054;OK
3073400591-00-W20-L2- 26 06G023-0001890;716;10:05:29;4,4;OK;OK;OK;OK;0,000;24,063;4,972;1,162;-1,000;-1,000;-1,000;-1,000;-1,000;-1,000;-1,000;-1,000;-1,000;-1,000;-1,000;-1,000;-1,000;-1,000;-1,000;-1,000;-1,000;-1,000;-1,000;-1,000;-1,000;-1,000;-1,000;-1,000;-1,000;-1,000;-1,000;-1,000;-1,000;-1,000;NOK
3073400591-00-W20-L2- 26 06G023-0001890;716;10:05:42;4,4;OK;OK;OK;OK;0,000;24,047;4,961;1,265;-1,000;-1,000;-1,000;-1,000;-1,000;-1,000;-1,000;-1,000;-1,000;-1,000;-1,000;-1,000;-1,000;-1,000;-1,000;-1,000;-1,000;-1,000;-1,000;-1,000;-1,000;-1,000;-1,000;-1,000;-1,000;-1,000;-1,000;-1,000;-1,000;-1,000;NOK
3073400591-00-W20-L2- 26 06G023-0001891;716;10:05:29;32,7;OK;OK;OK;OK;0,000;24,058;5,113;2,660;3,257;4,972;1,650;4,973;8,967;9,008;14,971;15,006;19,960;20,005;8,473;8,673;19,880;5,108;2,654;3,289;4,972;1,650;5,068;8,973;8,997;14,976;14,995;19,960;20,000;8,473;8,673;20,011;2,624;23,925;OK
3073400591-00-W20-L2- 26 06G023-0001894;716;10:05:06;32,7;OK;OK;OK;OK;0,000;24,052;5,135;2,644;3,262;4,999;1,726;5,001;8,989;9,024;14,976;15,011;19,960;20,005;8,490;8,690;19,875;5,135;2,649;3,273;4,999;1,715;5,084;8,989;9,008;14,976;14,990;19,960;19,989;8,490;8,684;20,005;2,638;23,926;OK
3073400591-00-W20-L2- 26 06G023-0001896;716;10:05:44;32,7;OK;OK;OK;OK;0,001;24,047;5,113;2,660;3,262;4,972;1,656;4,968;8,967;9,002;14,976;15,006;19,960;20,000;8,468;8,668;19,875;5,108;2,654;3,273;4,972;1,656;5,063;8,967;8,997;14,976;15,006;19,960;20,000;8,468;8,668;20,005;2,643;23,925;OK
3073400591-00-W20-L2- 26 06G023-0001886;716;10:05:22;32,7;OK;OK;OK;OK;0,000;24,052;5,108;2,676;3,268;4,956;1,656;4,952;8,957;8,986;14,949;14,979;19,938;19,967;8,463;8,657;19,853;5,097;2,654;3,279;4,961;1,666;5,057;8,957;8,986;14,949;14,984;19,932;19,973;8,457;8,657;19,984;2,674;23,923;OK
3073400591-00-W20-L2- 26 06G023-0002867;716;10:05:00;32,8;OK;OK;OK;OK;0,000;24,052;5,141;2,665;3,251;5,005;1,721;5,006;9,016;9,057;15,042;15,071;20,030;20,076;8,511;8,711;19,951;5,141;2,671;3,262;5,005;1,715;5,101;9,016;9,046;15,036;15,066;20,030;20,070;8,511;8,711;20,081;2,660;23,924;OK
3073400591-00-W20-L2- 26 06G023-0002864;716;10:05:41;32,9;OK;OK;OK;OK;0,000;24,047;5,097;2,682;3,257;4,951;1,656;4,957;8,957;8,991;14,966;14,995;19,960;19,994;8,457;8,663;19,875;5,086;2,671;3,262;4,956;1,661;5,057;8,957;8,986;14,966;14,990;19,954;19,994;8,457;8,657;20,011;2,635;23,925;OK
3073400591-00-W20-L2- 26 06G023-0002862;716;10:05:18;32,7;OK;OK;OK;OK;0,000;24,047;5,113;2,654;3,262;4,978;1,694;4,979;8,967;9,008;14,976;15,011;19,965;20,005;8,468;8,673;19,880;5,108;2,654;3,273;4,972;1,683;5,073;8,973;9,008;14,971;15,011;19,965;20,000;8,468;8,673;20,005;2,658;23,925;OK
3073400591-00-W20-L2- 26 06G023-0002858;716;10:05:57;32,8;OK;OK;OK;OK;0,000;24,052;5,130;2,654;3,284;4,983;1,694;4,984;8,989;9,024;15,004;15,033;19,992;20,032;8,495;8,690;19,913;5,124;2,654;3,279;4,983;1,683;5,079;8,995;9,029;15,004;15,028;19,992;20,032;8,495;8,690;20,049;2,676;24,071;OK
3073400591-00-W20-L2- 26 06G023-0002863;716;10:05:16;13,8;OK;OK;OK;OK;0,000;24,058;5,151;2,671;3,284;5,021;1,688;5,017;9,022;9,051;15,020;15,060;20,008;20,054;5,021;-1,000;-1,000;-1,000;-1,000;-1,000;-1,000;-1,000;-1,000;-1,000;-1,000;-1,000;-1,000;-1,000;-1,000;-1,000;-1,000;-1,000;-1,000;-1,000;NOK
3073400591-00-W20-L2- 26 06G023-0002863;716;10:05:59;32,7;OK;OK;OK;OK;0,000;24,047;5,141;2,660;3,257;5,016;1,688;5,022;9,011;9,046;15,020;15,055;20,008;20,049;8,517;8,722;19,918;5,151;2,682;3,262;5,010;1,683;5,117;9,016;9,051;15,014;15,049;20,003;20,043;8,511;8,717;20,054;2,710;23,923;OK
3073400591-00-W20-L2- 26 06G023-0002857;716;10:05:36;32,6;OK;OK;OK;OK;0,000;24,058;5,097;2,676;3,284;4,972;1,677;4,968;8,967;8,997;14,976;15,000;19,960;20,000;8,473;8,668;19,870;5,103;2,654;3,257;4,967;1,672;5,063;8,967;8,997;14,971;14,995;19,965;19,989;8,463;8,673;20,005;2,664;23,923;OK
3073400591-00-W20-L2- 26 06G023-0002860;716;10:05:46;3,8;OK;OK;OK;OK;0,000;24,042;1,167;-1,000;-1,000;-1,000;-1,000;-1,000;-1,000;-1,000;-1,000;-1,000;-1,000;-1,000;-1,000;-1,000;-1,000;-1,000;-1,000;-1,000;-1,000;-1,000;-1,000;-1,000;-1,000;-1,000;-1,000;-1,000;-1,000;-1,000;-1,000;-1,000;-1,000;-1,000;NOK
3073400591-00-W20-L2- 26 06G023-0002860;716;10:05:28;32,7;OK;OK;OK;OK;0,000;24,052;5,124;2,649;3,284;4,994;1,715;4,990;8,989;9,019;14,987;15,022;19,970;20,011;8,490;8,690;19,891;5,130;2,660;3,284;4,994;1,710;5,095;8,989;9,024;14,982;15,022;19,965;20,016;8,484;8,684;20,016;2,700;23,924;OK
3073400591-00-W20-L2- 26 06G023-0001889;716;10:05:15;32,8;OK;OK;OK;OK;0,000;24,052;5,119;2,682;3,284;4,978;1,666;4,979;8,978;9,013;14,982;15,022;19,976;20,011;8,479;8,673;19,891;5,113;2,682;3,273;4,978;1,672;5,084;8,978;9,019;14,982;15,017;19,970;20,011;8,479;8,673;20,022;2,621;23,925;OK
3073400591-00-W20-L2- 26 06G023-0002865;716;10:05:53;32,7;OK;OK;OK;OK;0,000;24,047;5,151;2,660;3,257;5,010;1,672;5,011;9,005;9,035;14,993;15,017;19,954;19,994;8,506;8,706;19,875;5,151;2,671;3,251;5,016;1,672;5,111;9,005;9,035;14,987;15,028;19,954;20,000;8,506;8,706;20,005;2,637;23,925;OK
;716;10:05:00;2,2;NON TESTE;NON TESTE;NON TESTE;NON TESTE;-1,000;-1,000;-1,000;-1,000;-1,000;-1,000;-1,000;-1,000;-1,000;-1,000;-1,000;-1,000;-1,000;-1,000;-1,000;-1,000;-1,000;-1,000;-1,000;-1,000;-1,000;-1,000;-1,000;-1,000;-1,000;-1,000;-1,000;-1,000;-1,000;-1,000;-1,000;-1,000;-1,000;-1,000;NOK
3073400591-00-W20-L2- 26 06G023-0000405;716;10:05:37;32,8;OK;OK;OK;OK;0,000;24,063;5,135;2,649;3,289;5,005;1,710;5,006;8,984;9,013;14,982;15,006;19,960;19,989;8,484;8,684;19,870;5,146;2,671;3,279;5,005;1,704;5,117;8,984;9,024;14,982;15,017;19,960;19,994;8,479;8,690;20,000;2,626;23,924;OK
3073400591-00-W20-L2- 26 06G023-0000399;716;10:05:15;33,2;OK;OK;OK;OK;0,001;24,052;5,151;2,676;3,268;5,021;1,721;5,028;9,000;9,040;14,998;15,033;19,987;20,022;8,501;8,706;19,897;5,157;2,676;3,257;5,021;1,721;5,122;9,000;9,035;15,004;15,022;19,981;20,016;8,501;8,706;20,027;2,592;23,928;OK
3073400591-00-W20-L2- 26 06G023-0000402;716;10:05:52;32,8;OK;OK;OK;OK;0,000;24,058;5,157;2,644;3,257;5,016;1,656;5,011;9,005;9,040;14,987;15,022;19,960;20,000;8,506;8,701;19,875;5,151;2,671;3,262;5,016;1,656;5,122;9,005;9,051;14,987;15,028;19,954;20,000;8,506;8,711;20,000;2,661;23,923;OK
3073400591-00-W20-L2- 26 06G023-0000408;716;10:05:18;20,9;OK;OK;OK;OK;0,000;24,052;5,151;2,649;3,262;5,010;1,704;5,011;8,989;9,019;14,976;15,017;19,949;20,000;8,484;8,684;19,870;5,146;2,660;3,241;5,157;0,575;-1,000;-1,000;-1,000;-1,000;-1,000;-1,000;-1,000;-1,000;-1,000;-1,000;-1,000;-1,000;NOK
3073400591-00-W20-L2- 26 06G023-0000408;716;10:05:59;32,7;OK;OK;OK;OK;0,000;24,052;5,124;2,649;3,268;5,010;1,699;4,935;8,984;8,943;14,982;14,935;19,954;19,918;8,490;8,684;19,804;5,146;2,671;3,251;5,010;1,704;5,117;8,984;9,024;14,976;15,017;19,949;19,994;8,484;8,684;20,000;2,603;23,927;OK
3073400591-00-W20-L2- 26 06G023-0000407;716;10:05:36;32,7;OK;OK;OK;OK;0,000;24,047;5,157;2,654;3,257;5,010;1,721;5,011;9,016;9,046;15,025;15,049;20,003;20,043;8,517;8,711;19,924;5,151;2,644;3,262;5,016;1,715;5,117;9,016;9,051;15,020;15,066;20,014;20,049;8,511;8,722;20,060;2,648;24,071;OK
3073400591-00-W20-L2- 26 06G023-0001887;716;10:05:14;32,7;OK;OK;OK;OK;0,000;24,052;5,141;2,687;3,279;5,005;1,699;5,006;8,989;9,029;14,976;15,011;19,954;19,994;8,490;8,690;19,870;5,141;2,682;3,262;5,010;1,694;5,111;8,989;9,035;14,976;15,011;19,954;20,000;8,490;8,695;20,000;2,629;23,926;OK
3073400591-00-W20-L2- 26 06G023-0002859;716;10:05:51;32,7;OK;OK;OK;OK;0,000;24,052;5,130;2,654;3,273;4,989;1,715;4,984;8,978;9,008;14,955;14,990;19,938;19,978;8,479;8,679;19,853;5,124;2,687;3,262;4,989;1,710;5,095;8,973;9,013;14,960;14,995;19,938;19,978;8,473;8,679;19,989;2,650;24,071;OK
3073400591-00-W20-L2- 26 06G023-0002868;716;10:05:29;32,8;OK;OK;OK;OK;0,000;24,052;5,130;2,682;3,284;4,989;1,661;4,984;8,984;9,013;14,976;15,000;19,943;19,989;8,484;8,684;19,864;5,130;2,676;3,257;4,989;1,661;5,095;8,989;9,019;14,971;15,006;19,949;19,989;8,484;8,684;19,994;2,616;23,928;OK
3073400591-00-W20-L2- 26 06G023-0002861;716;10:05:07;32,7;OK;OK;OK;OK;0,000;24,052;5,113;2,660;3,295;4,978;1,677;4,973;8,962;8,986;14,949;14,979;19,922;19,967;8,463;8,663;19,848;5,103;2,682;3,300;4,972;1,683;5,079;8,957;8,997;14,949;14,979;19,927;19,978;8,468;8,663;19,973;2,630;23,926;OK
;716;10:05:15;2,2;NON TESTE;NON TESTE;NON TESTE;NON TESTE;-1,000;-1,000;-1,000;-1,000;-1,000;-1,000;-1,000;-1,000;-1,000;-1,000;-1,000;-1,000;-1,000;-1,000;-1,000;-1,000;-1,000;-1,000;-1,000;-1,000;-1,000;-1,000;-1,000;-1,000;-1,000;-1,000;-1,000;-1,000;-1,000;-1,000;-1,000;-1,000;-1,000;-1,000;NOK
3073400591-00-W20-L2- 26 06G023-0000397;716;10:05:49;32,7;OK;OK;OK;OK;0,000;24,047;5,157;2,660;3,289;5,016;1,672;5,011;9,022;9,051;15,025;15,055;20,008;20,049;8,522;8,722;19,929;5,151;2,665;3,279;5,016;1,672;5,122;9,022;9,057;15,025;15,060;20,003;20,049;8,522;8,717;20,054;2,664;23,924;OK
3073400591-00-W20-L2- 26 06G023-0000404;716;10:05:59;4,4;OK;OK;OK;OK;0,000;24,052;5,135;-4,419;-1,000;-1,000;-1,000;-1,000;-1,000;-1,000;-1,000;-1,000;-1,000;-1,000;-1,000;-1,000;-1,000;-1,000;-1,000;-1,000;-1,000;-1,000;-1,000;-1,000;-1,000;-1,000;-1,000;-1,000;-1,000;-1,000;-1,000;-1,000;-1,000;-1,000;NOK
3073400591-00-W20-L2- 26 06G023-0000404;716;10:05:39;32,7;OK;OK;OK;OK;0,000;24,047;5,113;2,676;3,251;4,994;1,666;4,990;8,978;9,002;14,971;15,006;19,949;19,994;8,468;8,673;19,870;5,130;2,665;3,251;4,994;1,677;5,101;8,967;9,019;14,971;15,011;19,943;19,989;8,473;8,673;19,994;2,660;23,925;OK
3073400591-00-W20-L2- 26 06G023-0002810;716;10:05:17;32,8;OK;OK;OK;OK;0,000;24,052;5,130;2,654;3,279;4,989;1,715;4,979;8,973;8,997;14,938;14,968;19,916;19,946;8,473;8,668;19,826;5,119;2,644;3,251;4,983;1,704;5,090;8,967;9,002;14,944;14,968;19,911;19,951;8,473;8,673;19,956;2,638;23,926;OK
3073400591-00-W20-L2- 26 06G023-0000403;716;10:05:54;32,8;OK;OK;OK;OK;0,000;24,047;5,113;2,654;3,284;4,978;1,656;4,963;8,978;8,997;14,971;14,995;19,949;19,984;8,473;8,679;19,864;5,113;2,654;3,284;4,978;1,650;5,084;8,978;9,019;14,966;15,006;19,954;20,000;8,479;8,679;20,005;2,649;24,007;OK
3073400591-00-W20-L2- 26 06G023-0000400;716;10:05:30;32,8;OK;OK;OK;OK;0,000;24,052;5,108;2,687;3,257;4,972;1,704;4,973;8,973;9,013;14,976;15,011;19,954;20,000;8,468;8,673;19,870;5,113;2,682;3,257;4,972;1,704;5,084;8,973;9,013;14,971;15,017;19,954;20,005;8,473;8,673;20,005;2,650;23,926;OK
3073400591-00-W20-L2- 26 06G023-0002813;716;10:05:08;32,7;OK;OK;OK;OK;0,000;24,052;5,103;2,687;3,284;4,972;1,672;4,979;8,967;9,002;14,960;15,000;19,938;19,984;8,468;8,668;19,859;5,108;2,665;3,284;4,978;1,672;4,970;8,967;8,856;14,955;14,859;19,932;19,880;8,468;8,663;19,984;2,633;23,923;OK
3073400591-00-W20-L2- 26 06G023-0001032;716;10:05:46;32,7;OK;OK;OK;OK;0,000;24,058;5,151;2,692;3,300;5,010;1,666;5,017;9,000;9,035;15,009;15,038;20,003;20,054;8,495;8,701;19,924;5,146;2,687;3,273;5,010;1,666;5,122;8,995;9,040;15,009;15,044;20,008;20,049;8,501;8,701;20,049;2,739;23,920;OK
3073400591-00-W20-L2- 26 06G023-0001029;716;10:05:24;32,8;OK;OK;OK;OK;0,000;24,063;5,130;2,687;3,262;4,978;1,721;4,973;8,973;9,002;14,966;14,995;19,954;19,989;8,479;8,679;19,870;5,113;2,676;3,257;4,983;1,721;5,084;8,973;9,008;14,971;15,000;19,965;19,989;8,479;8,673;20,000;2,718;23,921;OK
3073400591-00-W20-L2- 26 06G023-0002814;716;10:05:02;32,7;OK;OK;OK;OK;0,000;24,047;5,108;2,665;3,268;4,978;1,683;4,979;8,978;9,013;14,982;15,022;19,981;20,016;8,479;8,684;19,891;5,108;2,682;3,262;4,972;1,677;5,079;8,978;9,013;14,987;15,022;19,981;20,016;8,473;8,679;20,027;2,701;23,923;OK
3073400591-00-W20-L2- 26 06G023-0002866;716;10:05:39;32,7;OK;OK;OK;OK;0,000;24,058;5,130;2,660;3,241;4,983;1,694;4,984;8,973;9,008;14,966;15,006;19,954;19,994;8,473;8,679;19,875;5,119;2,649;3,268;4,983;1,694;5,073;8,978;9,008;14,966;15,000;19,954;19,989;8,473;8,673;19,994;2,692;23,923;OK
;716;10:05:45;2,2;NON TESTE;NON TESTE;NON TESTE;NON TESTE;-1,000;-1,000;-1,000;-1,000;-1,000;-1,000;-1,000;-1,000;-1,000;-1,000;-1,000;-1,000;-1,000;-1,000;-1,000;-1,000;-1,000;-1,000;-1,000;-1,000;-1,000;-1,000;-1,000;-1,000;-1,000;-1,000;-1,000;-1,000;-1,000;-1,000;-1,000;-1,000;-1,000;-1,000;NOK
3073400591-00-W20-L2- 26 06G023-0000401;716;10:05:21;32,8;OK;OK;OK;OK;0,000;24,047;5,124;2,649;3,289;4,983;1,666;4,984;8,978;9,013;14,971;15,006;19,949;19,984;8,473;8,679;19,864;5,119;2,682;3,279;4,983;1,661;5,090;8,978;9,019;14,971;15,006;19,949;19,984;8,479;8,679;20,000;2,687;23,923;OK
3073400591-00-W20-L2- 26 06G023-0002816;716;10:05:58;32,7;OK;OK;OK;OK;0,000;24,052;5,108;2,644;3,273;4,978;1,710;4,979;8,984;9,013;14,998;15,022;19,987;20,027;8,484;8,684;19,902;5,113;2,665;3,257;4,978;1,704;5,084;8,978;9,019;14,993;15,033;19,992;20,022;8,484;8,684;20,032;2,697;23,923;OK
3073400591-00-W20-L2- 26 06G023-0000398;716;10:05:35;32,7;OK;OK;OK;OK;0,000;24,052;5,113;2,665;3,262;4,983;1,666;4,984;8,984;9,019;14,982;15,017;19,970;20,005;8,484;8,684;19,880;5,119;2,660;3,262;4,983;1,656;5,090;8,984;9,019;14,982;15,017;19,965;20,005;8,479;8,679;20,016;2,677;23,924;OK
3073400591-00-W20-L2- 26 06G023-0001023;716;10:05:14;32,8;OK;OK;OK;OK;0,000;24,058;5,119;2,676;3,279;4,983;1,683;4,973;8,984;9,002;14,987;15,011;19,965;20,000;8,484;8,684;19,875;5,119;2,660;3,251;4,983;1,688;5,079;8,989;9,008;14,987;15,011;19,965;20,000;8,484;8,679;20,016;2,687;23,923;OK
3073400591-00-W20-L2- 26 06G023-0000406;716;10:05:51;32,7;OK;OK;OK;OK;0,003;24,058;5,141;2,649;3,257;4,994;1,661;4,995;8,989;9,024;14,982;15,011;19,949;19,989;8,490;8,690;19,875;5,130;2,644;3,262;4,994;1,672;5,095;8,989;9,019;14,987;15,011;19,949;19,989;8,490;8,690;20,000;2,670;23,925;OK
3073400591-00-W20-L2- 26 06G023-0001027;716;10:05:29;32,7;OK;OK;OK;OK;0,000;24,063;5,151;2,671;3,279;5,010;1,694;5,011;9,005;9,029;14,987;15,022;19,970;20,016;8,501;8,701;19,886;5,146;2,660;3,289;5,016;1,683;5,117;8,995;9,040;14,982;15,022;19,970;20,005;8,501;8,701;20,016;2,627;23,927;OK
3073400591-00-W20-L2- 26 06G023-0001191;716;10:05:07;32,7;OK;OK;OK;OK;0,000;24,052;5,130;2,649;3,273;4,994;1,683;4,963;8,989;8,970;14,982;14,914;19,970;19,913;8,490;8,690;19,864;5,135;2,649;3,257;4,994;1,683;5,090;8,989;9,024;14,982;15,011;19,976;20,011;8,495;8,690;20,027;2,658;23,925;OK
3073400591-00-W20-L2- 26 06G023-0001197;716;10:05:45;32,8;OK;OK;OK;OK;0,000;24,047;5,092;2,682;3,273;4,972;1,677;4,881;8,962;8,867;14,944;14,881;19,911;19,875;8,463;8,663;19,766;5,108;2,671;3,279;4,972;1,672;5,073;8,957;8,991;14,944;14,968;19,911;19,951;8,457;8,663;19,962;2,622;23,927;OK
3073400591-00-W20-L2- 26 06G023-0001200;716;10:05:22;32,6;OK;OK;OK;OK;0,000;24,052;5,113;2,649;3,246;4,956;1,683;4,963;8,973;9,013;14,993;15,028;19,998;20,038;8,473;8,668;19,913;5,103;2,671;3,262;4,961;1,683;5,063;8,973;9,008;14,993;15,022;19,992;20,038;8,473;8,673;20,038;2,650;23,925;OK
3073400591-00-W20-L2- 26 06G023-0001194;716;10:05:00;32,7;OK;OK;OK;OK;0,000;24,052;5,130;2,649;3,262;4,999;1,677;5,006;8,984;9,024;14,966;15,000;19,938;19,989;8,490;8,684;19,864;5,135;2,654;3,268;4,999;1,677;5,095;8,984;9,013;14,966;14,995;19,949;19,984;8,490;8,684;19,994;2,628;23,926;OK
3073400591-00-W20-L2- 26 06G023-0002815;716;10:05:38;32,7;OK;OK;OK;OK;0,000;24,047;5,135;2,660;3,273;4,994;1,656;4,990;8,984;9,019;14,982;15,011;19,960;20,005;8,484;8,684;19,886;5,130;2,671;3,279;4,989;1,656;5,084;8,984;9,019;14,982;15,017;19,965;20,005;8,484;8,684;20,011;2,616;23,926;OK
3073400591-00-W20-L2- 26 06G023-0001025;716;10:05:16;32,7;OK;OK;OK;OK;0,000;24,042;5,119;2,676;3,262;4,989;1,656;4,990;8,984;9,013;14,982;15,017;19,976;20,016;8,490;8,684;19,897;5,124;2,671;3,257;4,983;1,656;5,090;8,984;9,013;14,982;15,022;19,981;20,022;8,490;8,684;20,027;2,633;23,924;OK
3073400591-00-W20-L2- 26 06G023-0001021;716;10:05:35;13,8;OK;OK;OK;OK;0,000;24,047;5,141;2,644;3,268;4,994;1,699;5,006;8,989;9,029;14,982;15,017;19,960;20,005;4,999;-1,000;-1,000;-1,000;-1,000;-1,000;-1,000;-1,000;-1,000;-1,000;-1,000;-1,000;-1,000;-1,000;-1,000;-1,000;-1,000;-1,000;-1,000;-1,000;NOK
3073400591-00-W20-L2- 26 06G023-0001021;716;10:05:20;32,7;OK;OK;OK;OK;0,000;24,052;5,124;2,665;3,279;4,999;1,699;5,006;8,995;9,035;14,987;15,022;19,965;20,011;8,495;8,695;19,886;5,141;2,649;3,273;4,999;1,699;5,106;8,995;9,029;14,987;15,022;19,965;20,011;8,495;8,695;20,016;2,668;23,924;OK
3073400591-00-W20-L2- 26 06G023-0001028;716;10:05:58;32,8;OK;OK;OK;OK;0,000;24,052;5,141;2,682;3,262;5,016;1,672;5,017;8,995;9,035;14,982;15,017;19,954;20,000;8,501;8,701;19,870;5,151;2,660;3,262;5,016;1,683;5,117;8,995;9,029;14,982;15,011;19,954;19,994;8,501;8,701;20,005;2,665;23,923;OK
3073400591-00-W20-L2- 26 06G023-0001030;716;10:05:36;32,7;OK;OK;OK;OK;0,000;24,052;5,141;2,649;3,273;5,010;1,688;5,011;9,005;9,046;14,998;15,038;19,981;20,027;8,511;8,706;19,902;5,151;2,644;3,251;5,016;1,683;5,111;9,005;9,035;14,998;15,033;19,976;20,022;8,506;8,711;20,032;2,651;23,924;OK
3073400591-00-W20-L2- 26 06G023-0001024;716;10:05:15;32,7;OK;OK;OK;OK;0,000;24,052;5,103;2,649;3,268;4,967;1,677;4,973;8,967;8,997;14,966;15,000;19,949;19,984;8,468;8,668;19,864;5,108;2,644;3,284;4,972;1,683;5,068;8,967;8,991;14,966;14,990;19,949;19,984;8,468;8,668;19,994;2,652;23,924;OK
3073400591-00-W20-L2- 26 06G023-0002812;716;10:05:53;32,8;OK;OK;OK;OK;0,000;24,052;5,103;2,649;3,257;4,961;1,710;4,957;8,973;9,008;14,982;15,011;19,976;20,011;8,473;8,679;19,897;5,097;2,644;3,251;4,961;1,715;5,063;8,978;9,002;14,987;15,011;19,976;20,011;8,479;8,679;20,022;2,661;23,923;OK
3073400591-00-W20-L2- 26 06G023-0002811;716;10:05:33;32,9;OK;OK;OK;OK;0,000;24,058;5,146;2,660;3,268;5,021;1,710;5,017;9,000;9,029;15,004;15,033;19,981;20,022;8,506;8,701;19,908;5,157;2,665;3,284;5,021;1,704;5,117;9,005;9,029;15,004;15,028;19,987;20,016;8,501;8,701;20,032;2,653;23,924;OK
3073400591-00-W20-L2- 26 06G023-0002817;716;10:05:11;32,7;OK;OK;OK;OK;0,000;24,058;5,108;2,682;3,279;4,956;1,721;4,952;8,957;8,986;14,960;14,984;19,949;19,978;8,457;8,663;19,859;5,097;2,644;3,262;4,961;1,732;5,057;8,957;8,986;14,966;14,984;19,938;19,973;8,457;8,657;19,984;2,674;23,925;OK
3073400591-00-W20-L2- 26 06G023-0002809;716;10:05:48;32,7;OK;OK;OK;OK;0,000;24,042;5,135;2,644;3,273;5,010;1,672;5,006;8,984;9,013;14,982;15,000;19,954;19,989;8,479;8,684;19,875;5,141;2,692;3,268;5,005;1,672;5,101;8,984;9,019;14,982;15,000;19,954;20,000;8,479;8,684;20,000;2,669;23,923;OK
3073400591-00-W20-L2- 26 06G023-0002820;716;10:05:25;32,7;OK;OK;OK;OK;0,000;24,058;5,113;2,682;3,273;4,989;1,704;4,984;8,973;8,997;14,944;14,973;19,922;19,951;8,473;8,668;19,837;5,119;2,654;3,262;4,989;1,721;5,084;8,973;8,991;14,938;14,968;19,922;19,951;8,468;8,673;19,967;2,650;23,926;OK
3073400591-00-W20-L2- 26 06G023-0001026;716;10:05:03;32,7;OK;OK;OK;OK;0,000;24,052;5,130;2,649;3,262;4,983;1,721;4,984;8,978;9,013;14,976;15,000;19,949;19,973;8,473;8,679;19,859;5,124;2,654;3,273;4,983;1,721;5,090;8,978;9,008;14,976;15,000;19,943;19,978;8,479;8,679;19,994;2,640;23,925;OK
3073400591-00-W20-L2- 26 06G023-0001031;716;10:05:40;32,7;OK;OK;OK;OK;0,000;24,052;5,108;2,654;3,257;4,967;1,726;4,963;8,984;9,013;14,976;15,011;19,960;20,005;8,484;8,684;19,875;5,103;2,649;3,246;4,967;1,715;5,068;8,984;9,013;14,982;15,017;19,954;19,994;8,484;8,684;20,005;2,658;23,925;OK
3073400591-00-W20-L2- 26 06G023-0001022;716;10:05:18;32,7;OK;OK;OK;OK;0,001;24,047;5,135;2,638;3,257;5,005;1,639;5,001;9,005;9,035;14,998;15,028;19,981;20,016;8,506;8,706;19,891;5,146;2,660;3,257;5,005;1,639;5,101;9,005;9,035;14,998;15,028;19,970;20,011;8,501;8,706;20,032;2,641;23,964;OK
3073400591-00-W20-L2- 26 06G023-0002819;716;10:05:57;32,7;OK;OK;OK;OK;0,000;24,047;5,086;2,654;3,257;4,956;1,683;4,957;8,951;8,981;14,944;14,979;19,932;19,973;8,452;8,652;19,848;5,086;2,687;3,262;4,956;1,677;5,057;8,946;8,981;14,949;14,979;19,927;19,973;8,452;8,652;19,989;2,639;23,925;OK
3073400591-00-W20-L2- 26 06G023-0003391;716;10:05:36;32,7;OK;OK;OK;OK;0,000;24,042;5,124;2,644;3,251;4,983;1,639;4,979;8,984;9,019;14,998;15,028;19,987;20,022;8,484;8,695;19,902;5,119;2,649;3,279;4,983;1,639;5,073;8,989;9,013;14,998;15,022;19,992;20,022;8,490;8,690;20,032;2,651;23,925;OK
3073400591-00-W20-L2- 26 06G023-0003387;716;10:05:16;32,7;OK;OK;OK;OK;0,000;24,047;5,092;2,687;3,284;4,961;1,639;4,963;8,951;8,991;14,938;14,979;19,905;19,956;8,452;8,657;19,826;5,097;2,687;3,284;4,967;1,634;5,063;8,951;8,986;14,938;14,979;19,911;19,956;8,457;8,652;19,956;2,634;23,925;OK
3073400591-00-W20-L2- 26 06G023-0003394;716;10:05:54;32,7;OK;OK;OK;OK;0,000;24,058;5,135;2,687;3,300;4,999;1,650;5,001;9,000;9,046;15,014;15,044;20,003;20,038;8,506;8,706;19,924;5,135;2,692;3,284;4,999;1,645;5,101;9,000;9,040;15,014;15,049;20,003;20,043;8,506;8,701;20,049;2,665;23,924;OK
3073400591-00-W20-L2- 26 06G023-0003390;716;10:05:41;32,7;OK;OK;OK;OK;0,000;24,052;5,119;2,671;3,268;4,983;1,639;4,984;8,973;9,002;14,966;14,984;19,927;19,956;8,479;8,673;19,842;5,124;2,687;3,273;4,983;1,634;5,084;8,978;9,002;14,966;14,990;19,927;19,962;8,479;8,679;19,967;2,635;23,926;OK
3073400591-00-W20-L2- 26 06G023-0003525;716;10:05:18;32,6;OK;OK;OK;OK;0,000;24,047;5,124;2,660;3,262;4,994;1,672;4,990;8,995;9,024;14,998;15,022;19,976;20,005;8,495;8,690;19,897;5,135;2,660;3,289;4,994;1,666;5,090;8,989;9,024;14,998;15,022;19,970;20,005;8,495;8,690;20,022;2,639;23,925;OK
3073400591-00-W20-L2- 26 06G023-0003528;716;10:05:57;32,7;OK;OK;OK;OK;0,000;24,063;5,162;2,654;3,268;5,016;1,661;5,011;9,000;9,029;14,993;15,017;19,965;20,005;8,506;8,701;19,880;5,146;2,682;3,279;5,016;1,656;5,111;9,000;9,035;14,987;15,022;19,965;20,000;8,501;8,701;20,011;2,633;23,925;OK
3073400591-00-W20-L2- 26 06G023-0003524;716;10:05:34;32,6;OK;OK;OK;OK;0,000;24,047;5,097;2,682;3,262;4,972;1,683;4,968;8,973;9,008;14,982;15,017;19,976;20,011;8,473;8,673;19,891;5,108;2,649;3,279;4,972;1,672;5,068;8,973;9,002;14,982;15,011;19,976;20,011;8,473;8,679;20,027;2,677;23,923;OK
3073400591-00-W20-L2- 26 06G023-0003518;716;10:05:12;32,7;OK;OK;OK;OK;0,000;24,052;5,086;2,660;3,268;4,961;1,656;4,957;8,967;8,997;14,971;15,006;19,965;20,005;8,463;8,668;19,875;5,103;2,682;3,284;5,113;1,650;5,063;8,967;8,997;14,971;15,006;19,970;20,005;8,468;8,663;20,005;2,638;24,070;OK
3073400591-00-W20-L2- 26 06G023-0003522;716;10:05:49;32,8;OK;OK;OK;OK;0,000;24,052;5,108;2,660;3,279;4,972;1,677;4,968;8,973;8,997;14,976;15,006;19,960;20,005;8,468;8,668;19,875;5,097;2,682;3,262;4,978;1,672;5,068;8,973;9,002;14,976;15,011;19,960;20,005;8,468;8,668;20,005;2,636;23,926;OK
3073400591-00-W20-L2- 26 06G023-0003517;716;10:05:11;17,6;OK;OK;OK;OK;0,000;24,058;5,124;2,692;3,300;4,989;1,661;4,984;8,984;9,019;14,987;15,017;19,965;20,005;8,490;8,684;19,880;5,124;2,665;3,724;-1,000;-1,000;-1,000;-1,000;-1,000;-1,000;-1,000;-1,000;-1,000;-1,000;-1,000;-1,000;-1,000;-1,000;NOK
3073400591-00-W20-L2- 26 06G023-0003517;716;10:05:51;32,7;OK;OK;OK;OK;0,000;24,052;5,135;2,665;3,300;4,989;1,656;4,990;8,989;9,024;14,982;15,022;19,965;20,005;8,484;8,690;19,880;5,124;2,671;3,300;4,989;1,650;5,095;8,989;9,029;14,987;15,022;19,965;20,005;8,490;8,690;20,011;2,650;23,924;OK
3073400591-00-W20-L2- 26 06G023-0003526;716;10:05:28;32,7;OK;OK;OK;OK;0,000;24,058;5,097;2,682;3,262;4,961;1,683;4,952;8,967;8,981;14,971;14,995;19,965;19,989;8,468;8,668;19,875;5,092;2,676;3,268;4,961;1,683;5,052;8,967;8,991;14,971;14,995;19,960;19,994;8,468;8,668;20,011;2,655;23,924;OK
3073400591-00-W20-L2- 26 06G023-0003521;716;10:05:43;9,3;OK;OK;OK;OK;0,000;24,058;5,108;2,654;3,289;4,972;1,721;4,349;-1,000;-1,000;-1,000;-1,000;-1,000;-1,000;-1,000;-1,000;-1,000;-1,000;-1,000;-1,000;-1,000;-1,000;-1,000;-1,000;-1,000;-1,000;-1,000;-1,000;-1,000;-1,000;-1,000;-1,000;-1,000;-1,000;NOK
3073400591-00-W20-L2- 26 06G023-0003521;716;10:05:55;3,8;OK;OK;OK;OK;0,000;24,058;0,081;-1,000;-1,000;-1,000;-1,000;-1,000;-1,000;-1,000;-1,000;-1,000;-1,000;-1,000;-1,000;-1,000;-1,000;-1,000;-1,000;-1,000;-1,000;-1,000;-1,000;-1,000;-1,000;-1,000;-1,000;-1,000;-1,000;-1,000;-1,000;-1,000;-1,000;-1,000;NOK
3073400591-00-W20-L2- 26 06G023-0003523;716;10:05:43;32,8;OK;OK;OK;OK;0,000;24,063;5,146;2,665;3,273;5,021;1,677;5,001;8,995;9,002;14,976;14,995;19,949;19,978;8,495;8,701;19,853;5,157;2,692;3,284;5,021;1,677;5,106;8,995;9,013;14,976;14,995;19,954;19,973;8,490;8,695;19,994;2,651;23,925;OK
3073400591-00-W20-L2- 26 06G023-0001097;716;11:05:20;32,7;OK;OK;OK;OK;0,000;24,052;5,135;2,660;3,257;5,005;1,672;4,968;8,984;8,991;14,960;14,968;19,932;19,962;8,495;8,690;19,837;5,141;2,687;3,257;5,005;1,683;5,106;8,984;9,019;14,960;14,995;19,938;19,973;8,484;8,690;19,989;2,645;23,925;OK
;716;11:05:27;2,2;NON TESTE;NON TESTE;NON TESTE;NON TESTE;-1,000;-1,000;-1,000;-1,000;-1,000;-1,000;-1,000;-1,000;-1,000;-1,000;-1,000;-1,000;-1,000;-1,000;-1,000;-1,000;-1,000;-1,000;-1,000;-1,000;-1,000;-1,000;-1,000;-1,000;-1,000;-1,000;-1,000;-1,000;-1,000;-1,000;-1,000;-1,000;-1,000;-1,000;NOK
3073400591-00-W20-L2- 26 06G023-0001102;716;11:05:01;32,7;OK;OK;OK;OK;0,000;24,047;5,135;2,660;3,268;4,994;1,688;4,990;8,984;9,008;14,971;14,995;19,949;19,989;8,479;8,684;19,870;5,130;2,698;3,268;4,989;1,694;5,084;8,973;9,008;14,971;14,990;19,949;19,978;8,479;8,684;19,994;2,622;23,923;OK
3073400591-00-W20-L2- 26 06G023-0001103;716;11:05:27;21,6;OK;OK;OK;OK;0,000;24,052;5,086;2,644;3,246;4,951;1,688;4,952;8,967;8,991;14,966;14,990;19,943;19,989;8,463;8,668;19,859;5,081;2,660;3,257;4,951;1,688;4,471;-1,000;-1,000;-1,000;-1,000;-1,000;-1,000;-1,000;-1,000;-1,000;-1,000;-1,000;NOK
3073400591-00-W20-L2- 26 06G023-0001103;716;11:05:00;21,5;OK;OK;OK;OK;0,000;24,052;5,086;2,671;3,257;4,945;1,683;4,946;8,957;8,986;14,966;14,990;19,938;19,984;8,463;8,657;19,853;5,081;2,654;3,273;4,945;1,677;4,422;-1,000;-1,000;-1,000;-1,000;-1,000;-1,000;-1,000;-1,000;-1,000;-1,000;-1,000;NOK
3073400591-00-W20-L2- 26 06G023-0001094;716;11:05:38;32,7;OK;OK;OK;OK;0,000;24,052;5,130;2,660;3,246;4,983;1,677;4,984;8,967;9,002;14,938;14,979;19,911;19,956;8,468;8,668;19,832;5,119;2,671;3,246;4,989;1,672;5,090;8,962;8,997;14,944;14,973;19,916;19,951;8,468;8,668;19,956;2,641;23,926;OK
3073400591-00-W20-L2- 26 06G023-0003527;716;11:05:16;32,7;OK;OK;OK;OK;0,000;24,047;5,130;2,676;3,295;4,983;1,683;4,979;8,978;9,008;14,966;14,995;19,938;19,973;8,473;8,679;19,853;5,113;2,660;3,300;4,983;1,677;5,073;8,973;8,997;14,966;14,990;19,938;19,973;8,484;8,673;19,984;2,646;23,924;OK
3073400591-00-W20-L2- 26 06G023-0001098;716;11:05:52;32,7;OK;OK;OK;OK;0,000;24,058;5,113;2,676;3,262;4,983;1,710;4,984;8,984;9,019;14,993;15,022;19,987;20,022;8,484;8,679;19,908;5,119;2,660;3,262;4,983;1,710;5,090;8,984;9,013;14,987;15,022;19,987;20,016;8,484;8,684;20,032;2,649;24,002;OK
3073400591-00-W20-L2- 26 06G023-0003519;716;11:05:29;32,7;OK;OK;OK;OK;0,000;24,052;5,130;2,654;3,289;4,989;1,699;4,990;8,978;9,013;14,971;15,006;19,943;19,984;8,479;8,684;19,864;5,124;2,687;3,257;4,989;1,683;5,084;8,978;9,013;14,971;15,000;19,943;19,973;8,479;8,684;19,994;2,657;23,924;OK
3073400591-00-W20-L2- 26 06G023-0001100;716;11:05:07;32,7;OK;OK;OK;OK;0,000;24,047;5,141;2,649;3,268;5,010;1,666;5,017;9,000;9,040;14,982;15,022;19,954;19,994;8,501;8,695;19,870;5,146;2,671;3,268;5,010;1,656;5,111;9,000;9,029;14,982;15,011;19,943;19,984;8,501;8,701;19,994;2,632;23,925;OK
3073400591-00-W20-L2- 26 06G023-0001099;716;11:05:44;32,7;OK;OK;OK;OK;0,000;24,052;5,135;2,682;3,268;5,005;1,715;5,001;9,000;9,029;15,009;15,033;19,992;20,022;8,501;8,701;19,902;5,135;2,692;3,268;5,005;1,710;5,090;9,000;9,013;15,004;15,017;19,992;20,022;8,506;8,701;20,032;2,637;23,924;OK
3073400591-00-W20-L2- 26 06G023-0001104;716;11:05:11;21,9;OK;OK;OK;OK;0,000;24,047;5,130;2,687;3,279;4,978;1,639;4,973;8,973;9,002;14,976;15,000;19,965;20,000;8,473;8,673;19,880;5,113;2,687;3,295;4,978;1,639;4,525;-1,000;-1,000;-1,000;-1,000;-1,000;-1,000;-1,000;-1,000;-1,000;-1,000;-1,000;NOK
3073400591-00-W20-L2- 26 06G023-0001104;716;11:05:54;32,8;OK;OK;OK;OK;0,002;24,042;5,103;2,644;3,284;4,972;1,645;4,973;8,967;9,002;14,971;15,006;19,965;20,000;8,473;8,668;19,875;5,108;2,654;3,262;4,978;1,634;5,030;8,967;8,953;14,971;14,957;19,960;19,967;8,473;8,673;20,005;2,643;23,926;OK
3073400591-00-W20-L2- 26 06G023-0001101;716;11:05:31;32,7;OK;OK;OK;OK;0,000;24,047;5,157;2,676;3,257;5,010;1,661;5,011;9,000;9,035;14,987;15,017;19,954;20,000;8,501;8,706;19,875;5,151;2,649;3,279;5,010;1,666;5,084;9,000;9,008;14,982;14,990;19,949;19,973;8,501;8,706;20,005;2,627;23,925;OK
3073400591-00-W20-L2- 26 06G023-0001095;716;11:05:09;32,8;OK;OK;OK;OK;0,000;24,058;5,141;2,654;3,279;4,994;1,721;4,995;9,000;9,029;14,993;15,033;19,970;20,016;8,501;8,695;19,897;5,130;2,665;3,279;4,999;1,715;5,063;8,995;8,986;14,998;14,990;19,976;19,984;8,495;8,701;20,016;2,630;23,925;OK
3073400591-00-W20-L2- 26 06G023-0001093;716;11:05:46;32,7;OK;OK;OK;OK;0,000;24,047;5,124;2,638;3,279;4,989;1,672;4,990;8,989;9,024;14,987;15,022;19,976;20,016;8,490;8,690;19,897;5,119;2,633;3,273;4,989;1,672;5,090;8,995;9,024;14,993;15,022;19,976;20,016;8,490;8,690;20,027;2,600;23,926;OK
3073400591-00-W20-L2- 26 06G023-0001096;716;11:05:23;32,7;OK;OK;OK;OK;0,000;24,052;5,119;2,676;3,251;4,994;1,645;4,995;8,995;9,029;14,998;15,033;19,992;20,027;8,495;8,695;19,908;5,130;2,644;3,262;4,994;1,650;5,090;8,989;9,013;14,998;15,022;19,992;20,027;8,495;8,695;20,032;2,635;23,925;OK
3073400591-00-W20-L2- 26 06G023-0000729;716;11:05:02;32,8;OK;OK;OK;OK;0,000;24,058;5,108;2,671;3,284;4,972;1,661;4,973;8,967;8,986;14,949;14,973;19,932;19,967;8,463;8,668;19,842;5,113;2,687;3,284;4,972;1,656;5,084;8,962;9,002;14,949;14,990;19,932;19,978;8,468;8,663;19,978;2,656;23,924;OK
3073400591-00-W20-L2- 26 06G023-0000731;716;11:05:40;32,8;OK;OK;OK;OK;0,000;24,036;5,124;2,676;3,273;4,994;1,672;5,001;8,989;9,024;14,982;15,022;19,970;20,005;8,495;8,695;19,875;5,135;2,676;3,284;4,999;1,672;5,090;8,995;9,013;14,987;15,011;19,965;20,000;8,490;8,695;20,016;2,641;23,925;OK
3073400591-00-W20-L2- 26 06G023-0000732;716;11:05:17;32,7;OK;OK;OK;OK;0,000;24,058;5,157;2,687;3,251;5,016;1,726;5,011;8,995;9,029;14,998;15,028;19,987;20,022;8,495;8,701;19,908;5,151;2,676;3,257;5,021;1,726;5,111;9,000;9,029;15,004;15,022;19,987;20,022;8,495;8,695;20,038;2,616;23,925;OK
3073400591-00-W20-L2- 26 06G023-0000721;716;11:05:54;32,7;OK;OK;OK;OK;0,000;24,052;5,097;2,682;3,262;4,956;1,650;4,963;8,940;8,986;14,944;14,979;19,922;19,973;8,446;8,646;19,848;5,086;2,682;3,284;4,956;1,650;4,976;8,946;8,899;14,944;14,897;19,927;19,902;8,452;8,646;19,973;2,616;23,926;OK
3073400591-00-W20-L2- 26 06G023-0000726;716;11:05:32;32,7;OK;OK;OK;OK;0,000;24,052;5,124;2,660;3,279;4,983;1,699;4,968;8,978;8,997;14,982;14,995;19,965;19,984;8,484;8,684;19,870;5,124;2,660;3,279;4,989;1,699;5,084;8,984;9,008;14,976;15,006;19,965;19,994;8,484;8,690;20,011;2,628;23,924;OK
3073400591-00-W20-L2- 26 06G023-0000724;716;11:05:51;13,8;OK;OK;OK;OK;0,000;24,058;5,092;2,676;3,257;4,961;1,688;4,963;8,978;9,002;14,971;15,000;19,960;19,994;4,961;-1,000;-1,000;-1,000;-1,000;-1,000;-1,000;-1,000;-1,000;-1,000;-1,000;-1,000;-1,000;-1,000;-1,000;-1,000;-1,000;-1,000;-1,000;-1,000;NOK
3073400591-00-W20-L2- 26 06G023-0000724;716;11:05:28;32,7;OK;OK;OK;OK;0,000;24,047;5,092;2,671;3,246;4,961;1,677;4,963;8,967;9,008;14,971;15,000;19,949;20,000;8,473;8,673;19,870;5,097;2,649;3,246;4,961;1,677;5,057;8,973;9,002;14,966;15,000;19,949;19,994;8,473;8,673;20,000;2,621;23,925;OK
3073400591-00-W20-L2- 26 06G023-0000722;716;11:05:06;32,6;OK;OK;OK;OK;0,000;24,063;5,075;2,671;3,273;4,961;1,688;4,963;8,962;8,991;14,971;14,995;19,949;19,989;8,457;8,663;19,870;5,086;2,649;3,268;4,961;1,699;5,063;8,962;8,991;14,971;15,000;19,954;19,989;8,463;8,668;20,000;2,622;23,926;OK
3073400591-00-W20-L2- 26 06G023-0000725;716;11:05:44;32,7;OK;OK;OK;OK;0,000;24,063;5,135;2,676;3,262;5,005;1,650;5,001;9,005;9,040;15,009;15,038;20,003;20,043;8,506;8,701;19,918;5,141;2,665;3,279;5,005;1,650;5,106;9,005;9,035;15,014;15,044;20,008;20,049;8,511;8,706;20,054;2,631;23,925;OK
3073400591-00-W20-L2- 26 06G023-0000728;716;11:05:20;32,6;OK;OK;OK;OK;0,000;24,052;5,108;2,654;3,268;4,978;1,645;4,963;8,978;8,991;14,993;15,006;19,981;20,005;8,479;8,679;19,886;5,113;2,682;3,257;4,972;1,645;5,079;8,984;9,013;14,987;15,017;19,981;20,022;8,479;8,679;20,027;2,633;23,924;OK
3073400591-00-W20-L2- 26 06G023-0000730;716;11:05:58;32,7;OK;OK;OK;OK;0,000;24,042;5,097;2,682;3,262;4,978;1,661;4,968;8,973;9,002;14,976;14,995;19,970;20,000;8,473;8,673;19,880;5,113;2,660;3,279;4,978;1,656;5,079;8,973;9,013;14,976;15,017;19,965;20,016;8,473;8,679;20,022;2,628;23,925;OK
3073400591-00-W20-L2- 26 06G023-0001186;716;11:05:17;13,9;OK;OK;OK;OK;0,000;24,052;5,092;2,665;3,257;5,119;1,688;4,963;8,967;9,002;14,976;15,011;19,976;20,016;4,967;-1,000;-1,000;-1,000;-1,000;-1,000;-1,000;-1,000;-1,000;-1,000;-1,000;-1,000;-1,000;-1,000;-1,000;-1,000;-1,000;-1,000;-1,000;-1,000;NOK
3073400591-00-W20-L2- 26 06G023-0001186;716;11:05:55;32,7;OK;OK;OK;OK;0,000;24,047;5,097;2,644;3,273;4,961;1,677;4,957;8,962;8,991;14,971;15,000;19,965;20,005;8,463;8,668;19,880;5,097;2,644;3,273;4,961;1,677;5,068;8,962;8,997;14,971;15,000;19,976;20,000;8,468;8,663;20,016;2,624;23,926;OK
3073400591-00-W20-L2- 26 06G023-0000727;716;11:05:33;32,7;OK;OK;OK;OK;0,000;24,047;5,108;2,671;3,262;4,983;1,656;4,973;8,973;8,997;14,955;14,979;19,922;19,956;8,473;8,673;19,837;5,113;2,676;3,279;4,983;1,661;5,084;8,973;9,002;14,955;14,984;19,927;19,967;8,473;8,673;19,973;2,589;23,928;OK
3073400591-00-W20-L2- 26 06G023-0001182;716;11:05:13;32,7;OK;OK;OK;OK;0,000;24,042;5,130;2,682;3,284;4,983;1,656;4,990;8,978;9,019;14,976;15,017;19,960;20,000;8,484;8,679;19,886;5,119;2,671;3,257;4,983;1,661;5,068;8,978;8,991;14,976;14,995;19,960;19,989;8,479;8,684;20,011;2,624;23,924;OK
;716;11:05:20;2,2;NON TESTE;NON TESTE;NON TESTE;NON TESTE;-1,000;-1,000;-1,000;-1,000;-1,000;-1,000;-1,000;-1,000;-1,000;-1,000;-1,000;-1,000;-1,000;-1,000;-1,000;-1,000;-1,000;-1,000;-1,000;-1,000;-1,000;-1,000;-1,000;-1,000;-1,000;-1,000;-1,000;-1,000;-1,000;-1,000;-1,000;-1,000;-1,000;-1,000;NOK
;716;11:05:24;2,2;NON TESTE;NON TESTE;NON TESTE;NON TESTE;-1,000;-1,000;-1,000;-1,000;-1,000;-1,000;-1,000;-1,000;-1,000;-1,000;-1,000;-1,000;-1,000;-1,000;-1,000;-1,000;-1,000;-1,000;-1,000;-1,000;-1,000;-1,000;-1,000;-1,000;-1,000;-1,000;-1,000;-1,000;-1,000;-1,000;-1,000;-1,000;-1,000;-1,000;NOK
3073400591-00-W20-L2- 26 06G023-0003520;716;11:05:08;33,1;OK;OK;OK;OK;0,000;24,047;5,103;2,660;3,262;4,967;1,656;4,979;8,962;9,002;14,955;14,995;19,938;19,978;8,468;8,668;19,853;5,103;2,649;3,268;4,967;1,666;5,068;8,967;8,997;14,955;14,984;19,932;19,967;8,468;8,668;19,989;2,661;23,924;OK
3073400591-00-W20-L2- 26 06G023-0001178;716;11:05:55;32,7;OK;OK;OK;OK;0,002;24,052;5,141;2,654;3,289;5,010;1,677;5,006;9,005;9,024;14,998;15,028;19,987;20,022;8,501;8,701;19,908;5,141;2,660;3,279;5,010;1,672;5,057;9,000;8,981;14,998;14,984;19,992;19,989;8,501;8,701;20,038;2,645;24,074;OK
3073400591-00-W20-L2- 26 06G023-0001079;716;11:05:08;9,2;OK;OK;OK;OK;0,003;24,047;5,141;2,682;3,257;5,016;1,645;4,403;-1,000;-1,000;-1,000;-1,000;-1,000;-1,000;-1,000;-1,000;-1,000;-1,000;-1,000;-1,000;-1,000;-1,000;-1,000;-1,000;-1,000;-1,000;-1,000;-1,000;-1,000;-1,000;-1,000;-1,000;-1,000;-1,000;NOK
3073400591-00-W20-L2- 26 06G023-0001079;716;11:05:26;9,2;OK;OK;OK;OK;0,000;24,052;5,146;2,660;3,279;5,016;1,645;4,425;-1,000;-1,000;-1,000;-1,000;-1,000;-1,000;-1,000;-1,000;-1,000;-1,000;-1,000;-1,000;-1,000;-1,000;-1,000;-1,000;-1,000;-1,000;-1,000;-1,000;-1,000;-1,000;-1,000;-1,000;-1,000;-1,000;NOK
3073400591-00-W20-L2- 26 06G023-0000723;716;11:05:06;32,7;OK;OK;OK;OK;0,000;24,047;5,162;2,660;3,268;5,016;1,704;5,017;8,995;9,035;14,998;15,033;19,981;20,022;8,495;8,701;19,902;5,135;2,654;3,273;5,021;1,688;5,117;9,000;9,029;14,998;15,028;19,976;20,011;8,501;8,695;20,027;2,640;23,925;OK
3073400591-00-W20-L2- 26 06G023-0001080;716;11:05:15;5,0;OK;OK;OK;OK;0,003;24,047;5,119;2,654;4,467;-1,000;-1,000;-1,000;-1,000;-1,000;-1,000;-1,000;-1,000;-1,000;-1,000;-1,000;-1,000;-1,000;-1,000;-1,000;-1,000;-1,000;-1,000;-1,000;-1,000;-1,000;-1,000;-1,000;-1,000;-1,000;-1,000;-1,000;-1,000;-1,000;NOK
3073400591-00-W20-L2- 26 06G023-0001080;716;11:05:55;32,7;OK;OK;OK;OK;0,000;24,047;5,097;2,660;3,257;4,983;1,704;4,990;8,989;9,029;15,004;15,033;19,998;20,049;8,490;8,690;19,924;5,113;2,638;3,279;4,983;1,715;5,084;8,989;9,008;15,004;15,022;19,998;20,027;8,490;8,690;20,049;2,620;23,926;OK
3073400591-00-W20-L2- 26 06G023-0001077;716;11:05:32;32,7;OK;OK;OK;OK;0,000;24,052;5,141;2,644;3,268;4,989;1,645;4,995;8,984;9,019;14,982;15,011;19,965;20,011;8,484;8,684;19,886;5,124;2,654;3,262;4,989;1,645;5,090;8,984;9,013;14,982;15,006;19,965;20,000;8,484;8,684;20,016;2,619;23,926;OK
3073400591-00-W20-L2- 26 06G023-0001122;716;11:05:09;32,7;OK;OK;OK;OK;0,000;24,047;5,103;2,692;3,300;4,972;1,683;4,984;8,967;9,013;14,971;15,011;19,965;20,011;8,473;8,679;19,886;5,113;2,682;3,306;4,972;1,683;5,079;8,973;9,008;14,971;15,000;19,960;20,005;8,473;8,673;20,011;2,629;23,925;OK
3073400591-00-W20-L2- 26 06G023-0001184;716;11:05:46;32,7;OK;OK;OK;OK;0,000;24,042;5,103;2,654;3,262;4,972;1,661;4,973;8,962;8,997;14,949;14,990;19,922;19,973;8,463;8,663;19,848;5,108;2,644;3,257;4,978;1,661;5,079;8,962;8,991;14,949;14,979;19,927;19,967;8,463;8,668;19,978;2,627;23,925;OK
3073400591-00-W20-L2- 26 06G023-0001121;716;11:05:56;5,0;OK;OK;OK;OK;0,000;24,047;5,103;2,649;3,132;-1,000;-1,000;-1,000;-1,000;-1,000;-1,000;-1,000;-1,000;-1,000;-1,000;-1,000;-1,000;-1,000;-1,000;-1,000;-1,000;-1,000;-1,000;-1,000;-1,000;-1,000;-1,000;-1,000;-1,000;-1,000;-1,000;-1,000;-1,000;-1,000;NOK
3073400591-00-W20-L2- 26 06G023-0001121;716;11:05:42;5,0;OK;OK;OK;OK;0,000;24,052;5,097;2,671;-2,877;-1,000;-1,000;-1,000;-1,000;-1,000;-1,000;-1,000;-1,000;-1,000;-1,000;-1,000;-1,000;-1,000;-1,000;-1,000;-1,000;-1,000;-1,000;-1,000;-1,000;-1,000;-1,000;-1,000;-1,000;-1,000;-1,000;-1,000;-1,000;-1,000;NOK
3073400591-00-W20-L2- 26 06G023-0001076;716;11:05:28;32,7;OK;OK;OK;OK;0,000;24,047;5,151;2,644;3,273;5,005;1,683;5,006;9,000;9,024;14,976;15,006;19,954;19,989;8,490;8,690;19,875;5,135;2,649;3,273;4,999;1,688;5,106;8,995;9,024;14,982;15,006;19,954;19,989;8,495;8,690;20,000;2,623;23,926;OK
3073400591-00-W20-L2- 26 06G023-0001070;716;11:05:05;32,7;OK;OK;OK;OK;0,000;24,058;5,130;2,665;3,295;4,989;1,688;4,914;8,978;8,926;14,966;14,914;19,943;19,902;8,484;8,679;19,783;5,124;2,682;3,289;4,983;1,694;5,095;8,978;9,013;14,971;15,000;19,949;19,989;8,479;8,679;19,994;2,585;23,928;OK
;716;11:05:12;2,2;NON TESTE;NON TESTE;NON TESTE;NON TESTE;-1,000;-1,000;-1,000;-1,000;-1,000;-1,000;-1,000;-1,000;-1,000;-1,000;-1,000;-1,000;-1,000;-1,000;-1,000;-1,000;-1,000;-1,000;-1,000;-1,000;-1,000;-1,000;-1,000;-1,000;-1,000;-1,000;-1,000;-1,000;-1,000;-1,000;-1,000;-1,000;-1,000;-1,000;NOK
3073400591-00-W20-L2- 26 06G023-0001177;716;11:05:49;32,7;OK;OK;OK;OK;0,000;24,047;5,130;2,676;3,279;4,994;1,677;4,995;8,989;9,029;14,976;15,017;19,960;20,000;8,484;8,690;19,875;5,135;2,660;3,268;4,994;1,672;5,079;8,989;9,002;14,982;14,990;19,960;19,989;8,490;8,684;20,005;2,599;23,949;OK
;716;11:05:55;2,2;NON TESTE;NON TESTE;NON TESTE;NON TESTE;-1,000;-1,000;-1,000;-1,000;-1,000;-1,000;-1,000;-1,000;-1,000;-1,000;-1,000;-1,000;-1,000;-1,000;-1,000;-1,000;-1,000;-1,000;-1,000;-1,000;-1,000;-1,000;-1,000;-1,000;-1,000;-1,000;-1,000;-1,000;-1,000;-1,000;-1,000;-1,000;-1,000;-1,000;NOK
3073400591-00-W20-L2- 26 06G023-0001073;716;11:05:30;33,1;OK;OK;OK;OK;0,000;24,052;5,141;2,649;3,262;5,016;1,650;5,011;9,005;9,035;14,993;15,022;19,987;20,022;8,506;8,706;19,902;5,141;2,692;3,262;5,010;1,645;5,101;9,000;9,019;14,998;15,017;19,987;20,016;8,506;8,701;20,032;2,625;23,926;OK
3073400591-00-W20-L2- 26 06G023-0001074;716;11:05:07;32,6;OK;OK;OK;OK;0,000;24,058;5,130;2,649;3,279;4,983;1,710;4,990;8,973;9,002;14,949;14,990;19,927;19,967;8,468;8,673;19,848;5,119;2,649;3,273;4,989;1,704;5,068;8,973;8,975;14,955;14,962;19,922;19,951;8,468;8,673;19,973;2,613;23,927;OK
;716;11:05:14;2,2;NON TESTE;NON TESTE;NON TESTE;NON TESTE;-1,000;-1,000;-1,000;-1,000;-1,000;-1,000;-1,000;-1,000;-1,000;-1,000;-1,000;-1,000;-1,000;-1,000;-1,000;-1,000;-1,000;-1,000;-1,000;-1,000;-1,000;-1,000;-1,000;-1,000;-1,000;-1,000;-1,000;-1,000;-1,000;-1,000;-1,000;-1,000;-1,000;-1,000;NOK
3073400591-00-W20-L2- 26 06G023-0001119;716;11:05:48;32,7;OK;OK;OK;OK;0,000;24,052;5,059;2,600;3,213;4,983;1,688;4,990;8,973;9,013;14,960;15,000;19,932;19,978;8,468;8,668;19,859;5,075;2,600;3,230;4,983;1,677;5,057;8,967;8,964;14,960;14,957;19,938;19,946;8,473;8,668;19,973;2,615;23,925;OK
3073400591-00-W20-L2- 26 06G023-0001183;716;11:05:25;32,7;OK;OK;OK;OK;0,003;24,047;5,108;2,671;3,273;4,983;1,639;4,990;8,984;9,024;14,982;15,022;19,970;20,016;8,484;8,679;19,891;5,113;2,671;3,295;4,978;1,645;5,063;8,984;8,991;14,976;14,995;19,970;19,994;8,473;8,684;20,022;2,611;23,924;OK
3073400591-00-W20-L2- 26 06G023-0001179;716;11:05:03;32,7;OK;OK;OK;OK;0,000;24,052;5,103;2,671;3,273;4,978;1,710;4,979;8,984;9,008;14,987;15,017;19,976;20,011;8,479;8,679;19,891;5,108;2,644;3,279;4,978;1,710;5,063;8,978;8,986;14,982;14,984;19,970;19,989;8,479;8,679;20,022;2,616;23,926;OK
3073400591-00-W20-L2- 26 06G023-0001127;716;11:05:40;32,7;OK;OK;OK;OK;0,000;24,047;5,097;2,682;3,268;4,961;1,688;4,957;8,973;9,008;14,982;15,011;19,960;20,000;8,479;8,668;19,880;5,086;2,671;3,273;4,961;1,683;5,041;8,973;8,991;14,982;14,990;19,960;19,989;8,473;8,679;20,005;2,618;23,926;OK
3073400591-00-W20-L2- 26 06G023-0001180;716;11:05:17;32,8;OK;OK;OK;OK;0,000;24,052;5,141;2,649;3,273;5,005;1,694;5,006;8,978;9,024;14,976;15,011;19,960;20,000;8,479;8,679;19,875;5,141;2,676;3,262;5,005;1,683;5,095;8,984;9,008;14,971;15,000;19,954;19,989;8,484;8,679;20,005;2,635;23,925;OK
3073400591-00-W20-L2- 26 06G023-0001188;716;11:05:55;32,7;OK;OK;OK;OK;0,000;24,047;5,157;2,654;3,257;5,005;1,650;5,017;9,011;9,051;15,009;15,049;19,998;20,043;8,511;8,711;19,924;5,146;2,682;3,262;5,010;1,645;5,111;9,005;9,046;15,009;15,038;19,998;20,032;8,511;8,717;20,043;2,635;23,924;OK
3073400591-00-W20-L2- 26 06G023-0001071;716;11:05:32;32,7;OK;OK;OK;OK;0,000;24,052;5,124;2,638;3,251;4,989;1,639;4,984;8,973;9,002;14,966;14,995;19,943;19,984;8,479;8,679;19,859;5,124;2,644;3,279;4,983;1,634;5,090;8,973;9,019;14,966;15,000;19,949;19,989;8,479;8,679;20,000;2,621;23,926;OK
3073400591-00-W20-L2- 26 06G023-0001181;716;11:05:09;32,7;OK;OK;OK;OK;0,000;24,047;5,119;2,692;3,295;4,978;1,639;4,979;8,962;8,991;14,938;14,973;19,911;19,951;8,463;8,657;19,832;5,113;2,698;3,273;4,978;1,645;5,079;8,957;8,997;14,944;14,973;19,911;19,956;8,457;8,663;19,962;2,622;23,926;OK
;716;11:05:17;2,2;NON TESTE;NON TESTE;NON TESTE;NON TESTE;-1,000;-1,000;-1,000;-1,000;-1,000;-1,000;-1,000;-1,000;-1,000;-1,000;-1,000;-1,000;-1,000;-1,000;-1,000;-1,000;-1,000;-1,000;-1,000;-1,000;-1,000;-1,000;-1,000;-1,000;-1,000;-1,000;-1,000;-1,000;-1,000;-1,000;-1,000;-1,000;-1,000;-1,000;NOK
3073400591-00-W20-L2- 26 06G023-0001069;716;11:05:52;32,7;OK;OK;OK;OK;0,000;24,052;5,081;2,665;3,284;4,945;1,688;4,957;8,951;8,991;14,938;14,979;19,927;19,978;8,457;8,657;19,848;5,081;2,692;3,289;4,951;1,683;5,052;8,951;8,986;14,938;14,973;19,922;19,962;8,457;8,657;19,978;2,598;23,926;OK
3073400591-00-W20-L2- 26 06G023-0001187;716;11:05:29;32,7;OK;OK;OK;OK;0,000;24,052;5,113;2,649;3,251;4,978;1,661;4,979;8,973;9,002;14,971;15,011;19,954;20,005;8,473;8,673;19,880;5,108;2,671;3,273;4,972;1,672;5,057;8,973;8,991;14,971;14,990;19,960;19,989;8,473;8,673;20,000;2,644;23,925;OK
3073400591-00-W20-L2- 26 06G023-0001072;716;11:05:08;32,6;OK;OK;OK;OK;0,002;24,047;5,130;2,671;3,279;4,994;1,661;4,990;8,978;9,013;14,966;15,006;19,943;19,984;8,479;8,684;19,864;5,124;2,692;3,268;4,994;1,661;5,095;8,978;9,013;14,966;15,006;19,943;19,984;8,479;8,679;19,989;2,632;23,925;OK
3073400591-00-W20-L2- 26 06G023-0001078;716;11:05:26;13,8;OK;OK;OK;OK;0,000;24,052;5,086;2,671;3,268;4,967;1,677;4,963;8,957;8,986;14,944;14,979;19,916;19,956;4,961;-1,000;-1,000;-1,000;-1,000;-1,000;-1,000;-1,000;-1,000;-1,000;-1,000;-1,000;-1,000;-1,000;-1,000;-1,000;-1,000;-1,000;-1,000;-1,000;NOK
3073400591-00-W20-L2- 26 06G023-0001078;716;11:05:01;32,7;OK;OK;OK;OK;0,000;24,052;5,097;2,692;3,284;4,967;1,688;4,968;8,957;8,997;14,949;14,979;19,922;19,967;8,457;8,663;19,842;5,097;2,682;3,279;4,967;1,688;5,063;8,957;8,991;14,944;14,973;19,922;19,967;8,463;8,663;19,973;2,629;23,924;OK
3073400591-00-W20-L2- 26 06G023-0001075;716;11:05:39;32,7;OK;OK;OK;OK;0,000;24,052;5,124;2,676;3,268;4,994;1,721;4,995;9,000;9,029;15,009;15,049;20,008;20,049;8,495;8,695;19,929;5,130;2,660;3,279;4,994;1,715;5,090;9,000;9,024;15,009;15,044;20,008;20,043;8,501;8,701;20,049;2,660;23,923;OK
3073400591-00-W20-L2- 26 06G023-0001124;716;11:05:16;32,7;OK;OK;OK;OK;0,002;24,047;5,108;2,671;3,284;4,972;1,694;4,973;8,967;9,008;14,955;14,990;19,932;19,978;8,473;8,673;19,853;5,108;2,687;3,262;4,972;1,699;5,068;8,967;8,991;14,949;14,973;19,938;19,962;8,468;8,668;19,984;2,627;23,925;OK
3073400591-00-W20-L2- 26 06G023-0001001;716;11:05:55;32,7;OK;OK;OK;OK;0,000;24,058;5,113;2,649;3,257;4,983;1,688;4,990;8,984;9,029;14,993;15,028;19,987;20,032;8,484;8,684;19,924;5,119;2,654;3,257;5,130;1,699;5,095;8,984;9,024;14,987;15,028;19,987;20,032;8,484;8,684;20,032;2,650;23,924;OK
3073400591-00-W20-L2- 26 06G023-0000997;716;11:05:32;32,7;OK;OK;OK;OK;0,000;24,052;5,135;2,671;3,257;5,005;1,661;5,001;8,984;9,019;14,971;15,000;19,949;19,984;8,495;8,690;19,864;5,135;2,644;3,246;5,005;1,661;5,106;8,989;9,019;14,971;15,000;19,943;19,984;8,495;8,695;19,994;2,636;23,925;OK
3073400591-00-W20-L2- 26 06G023-0000998;716;11:05:58;20,9;OK;OK;OK;OK;0,000;24,052;5,103;2,676;3,251;4,956;1,699;4,963;8,967;9,008;14,949;14,990;19,938;19,978;8,468;8,668;19,848;5,097;2,649;3,279;5,108;0,581;-1,000;-1,000;-1,000;-1,000;-1,000;-1,000;-1,000;-1,000;-1,000;-1,000;-1,000;-1,000;NOK
3073400591-00-W20-L2- 26 06G023-0000998;716;11:05:39;32,7;OK;OK;OK;OK;0,000;24,052;5,103;2,660;3,257;4,961;1,699;4,963;8,973;9,002;14,955;14,990;19,932;19,973;8,473;8,668;19,859;5,092;2,649;3,273;4,961;1,704;5,057;8,967;8,997;14,955;14,984;19,932;19,967;8,473;8,668;19,973;2,621;23,926;OK
3073400591-00-W20-L2- 26 06G023-0000867;716;11:05:48;3,9;OK;OK;OK;OK;0,000;24,058;-0,689;-1,000;-1,000;-1,000;-1,000;-1,000;-1,000;-1,000;-1,000;-1,000;-1,000;-1,000;-1,000;-1,000;-1,000;-1,000;-1,000;-1,000;-1,000;-1,000;-1,000;-1,000;-1,000;-1,000;-1,000;-1,000;-1,000;-1,000;-1,000;-1,000;-1,000;-1,000;NOK
3073400591-00-W20-L2- 26 06G023-0000867;716;11:05:08;3,8;OK;OK;OK;OK;0,000;24,052;-0,689;-1,000;-1,000;-1,000;-1,000;-1,000;-1,000;-1,000;-1,000;-1,000;-1,000;-1,000;-1,000;-1,000;-1,000;-1,000;-1,000;-1,000;-1,000;-1,000;-1,000;-1,000;-1,000;-1,000;-1,000;-1,000;-1,000;-1,000;-1,000;-1,000;-1,000;-1,000;NOK
3073400591-00-W20-L2- 26 06G023-0000876;716;11:05:55;32,7;OK;OK;OK;OK;0,000;24,058;5,103;2,654;3,284;4,961;1,650;4,968;8,962;9,008;14,966;15,006;19,965;20,011;8,463;8,657;19,891;5,097;2,654;3,268;4,961;1,656;5,046;8,962;8,986;14,960;14,984;19,965;19,984;8,463;8,657;20,011;2,639;23,926;OK
3073400591-00-W20-L2- 26 06G023-0000873;716;11:05:16;16,4;OK;OK;OK;OK;0,003;24,047;5,113;2,660;3,241;4,978;1,677;4,973;8,973;8,997;14,960;14,995;19,938;19,973;8,473;8,668;19,853;0,033;-1,000;-1,000;-1,000;-1,000;-1,000;-1,000;-1,000;-1,000;-1,000;-1,000;-1,000;-1,000;-1,000;-1,000;-1,000;-1,000;NOK
3073400591-00-W20-L2- 26 06G023-0000873;716;11:05:30;5,0;OK;OK;OK;OK;0,000;24,058;5,113;2,540;3,181;-1,000;-1,000;-1,000;-1,000;-1,000;-1,000;-1,000;-1,000;-1,000;-1,000;-1,000;-1,000;-1,000;-1,000;-1,000;-1,000;-1,000;-1,000;-1,000;-1,000;-1,000;-1,000;-1,000;-1,000;-1,000;-1,000;-1,000;-1,000;-1,000;NOK
3073400591-00-W20-L2- 26 06G023-0000870;716;11:05:57;32,6;OK;OK;OK;OK;0,001;24,052;5,124;2,665;3,251;4,983;1,710;4,995;8,967;9,013;14,960;15,000;19,938;19,984;8,473;8,673;19,853;5,113;2,660;3,251;4,983;1,715;5,079;8,973;9,002;14,955;14,990;19,932;19,967;8,473;8,673;19,984;2,639;23,926;OK
3073400591-00-W20-L2- 26 06G023-0000872;716;11:05:34;32,7;OK;OK;OK;OK;0,000;24,052;5,097;2,660;3,279;4,967;1,710;4,968;8,973;9,002;14,976;15,011;19,981;20,022;8,473;8,673;19,897;5,103;2,644;3,279;4,961;1,710;5,057;8,967;8,991;14,976;15,000;19,976;20,005;8,468;8,668;20,027;2,641;23,925;OK
3073400591-00-W20-L2- 26 06G023-0000875;716;11:05:12;32,7;OK;OK;OK;OK;0,000;24,042;5,124;2,682;3,284;4,994;1,672;4,990;8,995;9,029;14,982;15,017;19,960;19,994;8,490;8,695;19,880;5,130;2,660;3,268;4,999;1,666;5,090;8,989;9,019;14,982;15,011;19,960;19,994;8,495;8,690;20,005;2,629;23,925;OK
3073400591-00-W20-L2- 26 06G023-0000866;716;11:05:50;33,1;OK;OK;OK;OK;0,000;24,047;5,135;2,692;3,273;5,005;1,704;5,006;8,984;9,029;14,966;15,006;19,949;19,989;8,490;8,684;19,870;5,130;2,654;3,295;4,999;1,715;5,095;8,978;9,013;14,960;15,000;19,943;19,978;8,484;8,690;19,994;2,630;23,926;OK
3073400591-00-W20-L2- 26 06G023-0000874;716;11:05:27;32,7;OK;OK;OK;OK;0,000;24,052;5,124;2,649;3,273;4,999;1,694;5,001;9,000;9,040;15,014;15,055;20,014;20,060;8,501;8,695;19,935;5,130;2,665;3,273;4,989;1,688;5,095;9,000;9,035;15,014;15,044;20,008;20,049;8,495;8,701;20,060;2,668;23,925;OK
3073400591-00-W20-L2- 26 06G023-0000993;716;11:05:05;32,7;OK;OK;OK;OK;0,000;24,042;5,157;2,703;3,300;5,016;1,721;5,022;9,005;9,051;15,004;15,044;19,981;20,032;8,511;8,706;19,908;5,151;2,682;3,295;5,016;1,726;5,117;9,005;9,040;15,004;15,033;19,987;20,022;8,506;8,711;20,032;2,642;23,925;OK
3073400591-00-W20-L2- 26 06G023-0000873;716;11:05:43;33,3;OK;OK;OK;OK;0,000;24,052;5,124;2,649;3,251;4,978;1,683;4,979;8,973;9,008;14,960;15,000;19,938;19,989;8,473;8,673;19,864;5,092;2,638;3,235;4,978;1,683;5,079;8,973;9,002;14,960;14,990;19,938;19,978;8,473;8,673;19,994;2,637;23,925;OK
3073400591-00-W20-L2- 26 06G023-0000865;716;11:05:20;32,7;OK;OK;OK;OK;0,000;24,047;5,097;2,649;3,257;4,961;1,704;4,957;8,951;8,986;14,938;14,973;19,922;19,956;8,457;8,646;19,837;5,092;2,649;3,279;4,956;1,704;5,057;8,946;8,986;14,944;14,973;19,922;19,962;8,446;8,652;19,967;2,634;23,926;OK
3073400591-00-W20-L2- 26 06G023-0000996;716;11:05:57;32,7;OK;OK;OK;OK;0,000;24,058;5,130;2,676;3,273;4,989;1,715;4,995;8,984;9,019;14,982;15,017;19,949;19,994;8,484;8,684;19,880;5,124;2,676;3,251;4,989;1,715;5,084;8,984;9,013;14,982;15,006;19,949;19,989;8,484;8,690;20,000;2,622;24,073;OK
3073400591-00-W20-L2- 26 06G023-0000995;716;11:05:34;32,7;OK;OK;OK;OK;0,000;24,047;5,086;2,682;3,284;4,956;1,694;4,963;8,978;9,008;14,976;15,006;19,965;20,011;8,473;8,673;19,891;5,092;2,687;3,268;4,961;1,683;5,063;8,973;9,002;14,976;15,000;19,965;20,000;8,479;8,673;20,016;2,640;23,925;OK
;716;11:05:41;2,2;NON TESTE;NON TESTE;NON TESTE;NON TESTE;-1,000;-1,000;-1,000;-1,000;-1,000;-1,000;-1,000;-1,000;-1,000;-1,000;-1,000;-1,000;-1,000;-1,000;-1,000;-1,000;-1,000;-1,000;-1,000;-1,000;-1,000;-1,000;-1,000;-1,000;-1,000;-1,000;-1,000;-1,000;-1,000;-1,000;-1,000;-1,000;-1,000;-1,000;NOK
3073400591-00-W20-L2- 26 06G023-0000869;716;11:05:15;32,8;OK;OK;OK;OK;0,000;24,047;5,092;2,649;3,262;4,951;1,704;4,957;8,962;8,991;14,944;14,979;19,922;19,956;8,457;8,657;19,837;5,086;2,687;3,257;4,951;1,704;5,057;8,957;8,991;14,944;14,979;19,916;19,951;8,457;8,663;19,962;2,638;23,926;OK
3073400591-00-W20-L2- 26 06G023-0000988;716;11:05:53;32,7;OK;OK;OK;OK;0,000;24,047;5,103;2,665;3,262;4,961;1,683;4,963;8,962;9,002;14,976;15,006;19,965;20,005;8,468;8,663;19,880;5,097;2,644;3,251;4,967;1,672;5,063;8,967;9,002;14,971;15,000;19,960;20,000;8,468;8,668;20,011;2,627;23,926;OK
3073400591-00-W20-L2- 26 06G023-0000989;716;11:05:32;32,8;OK;OK;OK;OK;0,000;24,052;5,130;2,687;3,257;4,983;1,704;4,984;8,978;9,019;14,976;15,017;19,965;20,011;8,479;8,684;19,880;5,113;2,682;3,284;4,978;1,710;5,133;8,978;9,019;14,976;15,011;19,965;20,005;8,484;8,679;20,011;2,614;23,926;OK
3073400591-00-W20-L2- 26 06G023-0000868;716;11:05:09;32,7;OK;OK;OK;OK;0,000;24,058;5,141;2,654;3,284;4,999;1,666;5,011;9,000;9,040;15,009;15,044;19,998;20,049;8,501;8,706;19,924;5,130;2,644;3,279;5,005;1,683;5,106;9,000;9,040;15,004;15,049;19,998;20,043;8,501;8,701;20,049;2,628;23,926;OK
3073400591-00-W20-L2- 26 06G023-0000991;716;11:05:46;32,8;OK;OK;OK;OK;0,000;24,047;5,130;2,687;3,279;4,999;1,661;5,006;8,989;9,024;14,976;15,006;19,949;19,989;8,495;8,695;19,870;5,141;2,698;3,279;5,005;1,661;5,111;8,984;9,029;14,976;15,011;19,960;19,994;8,490;8,695;20,000;2,632;23,925;OK
3073400591-00-W20-L2- 26 06G023-0000992;716;11:05:23;32,7;OK;OK;OK;OK;0,000;24,047;5,151;2,682;3,268;4,999;1,683;5,006;9,000;9,029;14,998;15,028;19,987;20,022;8,506;8,701;19,897;5,141;2,682;3,273;5,010;1,683;5,111;9,000;9,046;15,004;15,038;19,981;20,027;8,501;8,701;20,027;2,659;23,923;OK
3073400591-00-W20-L2- 26 06G023-0000987;716;11:05:00;32,7;OK;OK;OK;OK;0,000;24,052;5,108;2,654;3,251;4,978;1,639;4,979;8,978;9,013;14,982;15,011;19,960;20,000;8,479;8,673;19,880;5,113;2,654;3,268;4,978;1,639;5,079;8,973;9,019;14,976;15,017;19,970;20,000;8,479;8,673;20,005;2,633;23,925;OK
3073400591-00-W20-L2- 26 06G023-0000892;716;11:05:38;32,8;OK;OK;OK;OK;0,000;24,047;5,141;2,654;3,257;4,999;1,661;5,001;8,989;9,024;14,971;15,006;19,943;19,984;8,490;8,684;19,870;5,141;2,654;3,284;4,999;1,666;5,106;8,984;9,024;14,966;15,006;19,943;19,984;8,484;8,690;19,994;2,624;23,925;OK
3073400591-00-W20-L2- 26 06G023-0000897;716;11:05:16;32,8;OK;OK;OK;OK;0,000;24,047;5,113;2,687;3,273;4,978;1,683;4,979;8,967;9,002;14,944;14,984;19,916;19,962;8,463;8,673;19,837;5,113;2,682;3,262;4,978;1,688;5,084;8,962;9,002;14,949;14,984;19,916;19,956;8,463;8,663;19,967;2,618;23,926;OK
3073400591-00-W20-L2- 26 06G023-0000890;716;11:05:54;32,8;OK;OK;OK;OK;0,000;24,047;5,108;2,671;3,262;4,967;1,656;4,973;8,973;9,008;14,982;15,011;19,976;20,016;8,468;8,673;19,902;5,097;2,654;3,251;4,967;1,661;5,079;8,973;9,008;14,987;15,017;19,970;20,022;8,473;8,673;20,022;2,663;23,923;OK
3073400591-00-W20-L2- 26 06G023-0000896;716;11:05:11;9,3;OK;OK;OK;OK;0,000;24,047;5,092;2,687;3,257;4,989;1,694;4,382;-1,000;-1,000;-1,000;-1,000;-1,000;-1,000;-1,000;-1,000;-1,000;-1,000;-1,000;-1,000;-1,000;-1,000;-1,000;-1,000;-1,000;-1,000;-1,000;-1,000;-1,000;-1,000;-1,000;-1,000;-1,000;-1,000;NOK
3073400591-00-W20-L2- 26 06G023-0000894;716;11:05:57;32,7;OK;OK;OK;OK;0,001;24,052;5,130;2,660;3,273;5,005;1,699;5,006;8,989;9,024;14,987;15,017;19,965;20,005;8,490;8,690;19,886;5,141;2,682;3,262;5,005;1,699;5,101;8,989;9,024;14,982;15,022;19,965;20,005;8,490;8,690;20,022;2,639;23,925;OK
3073400591-00-W20-L2- 26 06G023-0000895;716;11:05:35;32,8;OK;OK;OK;OK;0,000;24,063;5,151;2,698;3,289;5,016;1,688;5,022;9,005;9,046;14,982;15,017;19,954;19,989;8,506;8,706;19,875;5,151;2,698;3,273;5,016;1,688;5,111;9,005;9,029;14,987;15,011;19,949;19,978;8,506;8,706;20,000;2,618;23,926;OK
3073400591-00-W20-L2- 26 06G023-0000871;716;11:05:12;32,7;OK;OK;OK;OK;0,000;24,042;5,146;2,665;3,251;5,010;1,710;5,006;9,005;9,040;14,998;15,033;19,976;20,016;8,506;8,706;19,891;5,141;2,665;3,251;5,010;1,704;5,111;9,000;9,035;14,998;15,028;19,976;20,011;8,506;8,701;20,022;2,631;24,070;OK
3073400591-00-W20-L2- 26 06G023-0000900;716;11:05:56;32,7;OK;OK;OK;OK;0,000;24,058;5,124;2,665;3,279;4,983;1,677;4,979;8,973;9,002;14,966;14,995;19,949;19,984;8,473;8,673;19,870;5,119;2,687;3,262;4,983;1,677;5,073;8,973;8,997;14,966;14,984;19,954;19,978;8,473;8,673;19,994;2,621;23,925;OK
3073400591-00-W20-L2- 26 06G023-0000994;716;11:05:33;32,7;OK;OK;OK;OK;0,003;24,047;5,119;2,687;3,273;4,989;1,672;4,990;8,967;9,008;14,944;14,984;19,922;19,967;8,479;8,673;19,842;5,119;2,649;3,284;4,989;1,677;5,084;8,973;9,008;14,949;14,984;19,922;19,956;8,468;8,673;19,973;2,617;23,924;OK
3073400591-00-W20-L2- 26 06G023-0000990;716;11:05:11;32,7;OK;OK;OK;OK;0,000;24,042;5,092;2,649;3,262;4,972;1,688;4,984;8,973;9,019;14,971;15,017;19,960;20,011;8,473;8,673;19,886;5,108;2,676;3,251;4,978;1,688;5,084;8,978;9,013;14,971;15,006;19,960;19,994;8,473;8,673;20,005;2,629;23,925;OK
3073400591-00-W20-L2- 26 06G023-0000986;716;11:05:21;4,4;OK;OK;OK;OK;0,000;24,042;5,141;4,674;-1,000;-1,000;-1,000;-1,000;-1,000;-1,000;-1,000;-1,000;-1,000;-1,000;-1,000;-1,000;-1,000;-1,000;-1,000;-1,000;-1,000;-1,000;-1,000;-1,000;-1,000;-1,000;-1,000;-1,000;-1,000;-1,000;-1,000;-1,000;-1,000;-1,000;NOK
3073400591-00-W20-L2- 26 06G023-0000986;716;12:05:05;32,7;OK;OK;OK;OK;0,000;24,052;5,135;2,676;3,262;5,010;1,721;5,011;9,000;9,035;14,993;15,028;19,965;20,005;8,501;8,706;19,891;5,141;2,682;3,279;5,010;1,721;5,111;9,000;9,040;14,993;15,022;19,970;20,011;8,501;8,701;20,016;2,633;23,925;OK
3073400591-00-W20-L2- 26 06G023-0000893;716;12:05:42;32,7;OK;OK;OK;OK;0,000;24,047;5,130;2,682;3,251;5,021;1,650;4,925;8,989;8,905;14,976;14,876;19,949;19,870;8,490;8,690;19,750;5,146;2,665;3,251;5,016;1,650;5,111;8,995;9,013;14,976;15,006;19,949;19,978;8,490;8,690;19,994;2,605;23,925;OK
3073400591-00-W20-L2- 26 06G023-0000985;716;12:05:19;32,9;OK;OK;OK;OK;0,000;24,042;5,135;2,649;3,246;5,005;1,704;4,908;9,005;8,910;15,009;14,903;19,992;19,918;8,506;8,701;19,799;5,141;2,676;3,257;5,010;1,715;5,106;9,011;9,035;15,009;15,038;19,992;20,027;8,506;8,706;20,049;2,640;24,027;OK
3073400591-00-W20-L2- 26 06G023-0000903;716;12:05:56;32,7;OK;OK;OK;OK;0,000;24,058;5,119;2,687;3,289;4,999;1,677;4,995;8,984;9,019;14,966;15,006;19,943;19,989;8,484;8,690;19,864;5,130;2,654;3,284;4,994;1,672;5,084;8,978;9,013;14,966;14,990;19,938;19,978;8,484;8,679;19,984;2,648;23,925;OK
3073400591-00-W20-L2- 26 06G023-0000908;716;12:05:22;20,9;OK;OK;OK;OK;0,002;24,047;5,103;2,676;3,268;4,956;1,721;4,957;8,973;9,013;14,976;15,017;19,970;20,011;8,479;8,679;19,886;5,092;2,671;3,273;5,108;0,586;-1,000;-1,000;-1,000;-1,000;-1,000;-1,000;-1,000;-1,000;-1,000;-1,000;-1,000;-1,000;NOK
3073400591-00-W20-L2- 26 06G023-0000911;716;12:05:00;32,7;OK;OK;OK;OK;0,000;24,047;5,146;2,692;3,300;5,016;1,721;5,017;8,989;9,029;14,976;15,017;19,970;20,011;8,490;8,690;19,891;5,151;2,665;3,273;5,016;1,721;5,101;8,984;9,008;14,982;15,000;19,970;20,000;8,490;8,690;20,016;2,659;23,924;OK
3073400591-00-W20-L2- 26 06G023-0000910;716;12:05:38;32,8;OK;OK;OK;OK;0,000;24,052;5,124;2,682;3,257;4,989;1,650;4,979;8,989;9,024;15,004;15,033;19,992;20,032;8,490;8,690;19,918;5,119;2,660;3,257;4,983;1,650;5,073;8,995;9,013;14,998;15,022;19,992;20,032;8,490;8,684;20,043;2,648;23,923;OK
3073400591-00-W20-L2- 26 06G023-0000898;716;12:05:16;32,7;OK;OK;OK;OK;0,000;24,058;5,108;2,644;3,257;4,978;1,726;4,973;8,984;9,013;14,993;15,028;19,992;20,022;8,484;8,684;19,902;5,113;2,676;3,268;4,978;1,715;5,073;8,984;9,008;14,993;15,022;19,981;20,016;8,484;8,684;20,032;2,647;23,924;OK
3073400591-00-W20-L2- 26 06G023-0000902;716;12:05:53;32,7;OK;OK;OK;OK;0,000;24,052;5,151;2,682;3,306;5,010;1,688;5,011;9,016;9,051;15,025;15,060;20,025;20,070;8,511;8,717;19,951;5,146;2,692;3,284;5,010;1,688;5,111;9,016;9,057;15,025;15,060;20,030;20,076;8,511;8,717;20,076;2,657;23,924;OK
3073400591-00-W20-L2- 26 06G023-0000912;716;12:05:30;32,6;OK;OK;OK;OK;0,000;24,058;5,146;2,687;3,257;5,021;1,656;5,017;8,989;9,029;14,960;14,995;19,927;19,978;8,501;8,701;19,859;5,151;2,671;3,262;5,016;1,656;5,117;8,995;9,029;14,960;14,995;19,932;19,973;8,495;8,701;19,978;2,616;23,926;OK
3073400591-00-W20-L2- 26 06G023-0000901;716;12:05:15;32,6;OK;OK;OK;OK;0,000;24,058;5,103;2,660;3,268;4,983;1,666;4,973;8,973;8,997;14,976;14,995;19,965;19,994;8,479;8,679;19,875;5,113;2,660;3,289;4,983;1,661;5,073;8,973;9,008;14,971;15,000;19,960;20,000;8,473;8,679;20,005;2,628;23,926;OK
3073400591-00-W20-L2- 26 06G023-0003388;716;12:05:52;32,7;OK;OK;OK;OK;0,000;24,058;5,168;2,665;3,279;5,021;1,694;5,001;9,005;9,024;14,998;15,011;19,976;20,005;8,506;8,711;19,886;5,151;2,649;3,268;5,021;1,699;5,111;9,011;9,035;14,998;15,022;19,970;20,011;8,517;8,711;20,022;2,635;23,925;OK
3073400591-00-W20-L2- 26 06G023-0000899;716;12:05:29;32,8;OK;OK;OK;OK;0,000;24,052;5,097;2,682;3,279;4,961;1,710;4,963;8,946;8,986;14,938;14,979;19,922;19,962;8,457;8,652;19,842;5,097;2,682;3,279;4,956;1,710;5,052;8,957;8,981;14,944;14,962;19,922;19,951;8,452;8,657;19,967;2,624;23,926;OK
3073400591-00-W20-L2- 26 06G023-0003239;716;12:05:06;32,7;OK;OK;OK;OK;0,000;24,047;5,141;2,638;3,241;4,994;1,704;4,990;8,984;9,019;14,971;15,000;19,943;19,978;8,484;8,684;19,853;5,135;2,654;3,246;4,994;1,710;5,101;8,984;9,024;14,971;15,006;19,932;19,973;8,490;8,690;19,989;2,608;23,926;OK
3073400591-00-W20-L2- 26 06G023-0003236;716;12:05:43;32,7;OK;OK;OK;OK;0,000;24,052;5,119;2,649;3,268;4,994;1,661;4,990;8,978;9,013;14,971;14,995;19,938;19,978;8,484;8,684;19,864;5,124;2,676;3,268;4,994;1,661;5,079;8,984;9,002;14,971;14,990;19,938;19,978;8,484;8,684;19,989;2,614;23,925;OK
3073400591-00-W20-L2- 26 06G023-0000907;716;12:05:22;32,7;OK;OK;OK;OK;0,000;24,052;5,135;2,649;3,279;5,005;1,699;5,011;9,000;9,046;15,004;15,044;19,998;20,043;8,506;8,706;19,918;5,135;2,644;3,284;5,005;1,694;5,101;9,005;9,035;15,004;15,033;19,998;20,032;8,501;8,706;20,043;2,629;23,924;OK
3073400591-00-W20-L2- 26 06G023-0000906;716;12:05:59;32,8;OK;OK;OK;OK;0,000;24,047;5,130;2,654;3,284;4,994;1,704;4,995;8,989;9,029;14,998;15,033;19,992;20,038;8,490;8,690;19,918;5,130;2,692;3,273;4,999;1,704;5,095;8,989;9,029;14,998;15,038;19,992;20,038;8,495;8,695;20,043;2,642;23,925;OK
3073400591-00-W20-L2- 26 06G023-0003231;716;12:05:36;32,7;OK;OK;OK;OK;0,000;24,058;5,092;2,682;3,306;4,956;1,677;4,935;8,957;8,964;14,955;14,968;19,932;19,967;8,452;8,657;19,848;5,092;2,682;3,284;4,956;1,688;5,057;8,957;8,991;14,949;14,984;19,938;19,978;8,457;8,657;19,989;2,610;23,926;OK
3073400591-00-W20-L2- 26 06G023-0000889;716;12:05:14;32,8;OK;OK;OK;OK;0,000;24,047;5,081;2,638;3,246;4,956;1,683;4,957;8,973;8,997;14,987;15,017;19,987;20,022;8,468;8,663;19,902;5,092;2,649;3,251;4,961;1,677;5,057;8,973;8,997;14,987;15,017;19,987;20,016;8,468;8,668;20,032;2,650;23,924;OK
3073400591-00-W20-L2- 26 06G023-0003240;716;12:05:52;33,1;OK;OK;OK;OK;0,000;24,052;5,097;2,676;3,295;4,951;1,634;4,946;8,962;8,997;14,960;14,990;19,932;19,973;8,473;8,668;19,853;5,086;2,665;3,289;4,956;1,634;5,057;8,967;9,002;14,960;14,995;19,938;19,973;8,463;8,668;19,978;2,606;23,926;OK
3073400591-00-W20-L2- 26 06G023-0000891;716;12:05:19;22,7;OK;OK;OK;OK;0,000;24,052;5,146;2,682;3,262;5,010;1,656;5,011;8,984;9,019;14,976;15,011;19,976;20,016;8,484;8,679;19,891;5,141;2,682;3,262;5,010;1,639;4,775;8,984;8,340;-1,000;-1,000;-1,000;-1,000;-1,000;-1,000;-1,000;-1,000;-1,000;NOK
3073400591-00-W20-L2- 26 06G023-0000891;716;12:05:57;32,6;OK;OK;OK;OK;0,000;24,052;5,151;2,687;3,289;5,005;1,650;5,006;8,984;9,013;14,976;15,011;19,970;20,016;8,479;8,684;19,897;5,141;2,654;3,279;5,010;1,645;5,095;8,978;9,013;14,982;15,000;19,970;20,005;8,484;8,684;20,016;2,624;23,925;OK
3073400591-00-W20-L2- 26 06G023-0000909;716;12:05:35;32,8;OK;OK;OK;OK;0,000;24,042;5,141;2,671;3,279;5,005;1,704;5,006;8,973;9,013;14,960;14,995;19,943;19,984;8,479;8,673;19,864;5,135;2,676;3,284;5,005;1,694;5,101;8,973;9,013;14,960;14,990;19,943;19,984;8,479;8,673;19,989;2,621;24,072;OK
3073400591-00-W20-L2- 26 06G023-0000905;716;12:05:11;32,7;OK;OK;OK;OK;0,000;24,047;5,146;2,671;3,284;5,016;1,715;5,017;8,984;9,029;14,982;15,017;19,970;20,011;8,490;8,690;19,886;5,146;2,692;3,279;5,016;1,721;5,111;8,989;9,019;14,982;15,017;19,970;20,011;8,490;8,690;20,022;2,628;23,925;OK
3073400591-00-W20-L2- 26 06G023-0003237;716;12:05:49;32,7;OK;OK;OK;OK;0,000;24,042;5,092;2,676;3,262;4,956;1,639;4,957;8,951;8,981;14,944;14,973;19,922;19,956;8,452;8,652;19,837;5,097;2,676;3,268;4,956;1,639;5,057;8,951;8,981;14,944;14,973;19,922;19,951;8,452;8,652;19,967;2,611;23,926;OK
3073400591-00-W20-L2- 26 06G023-0003234;716;12:05:11;16,4;OK;OK;OK;OK;0,000;24,058;5,146;2,703;3,295;5,016;1,666;5,017;9,005;9,046;15,009;15,044;19,981;20,027;8,506;8,706;19,908;0,402;-1,000;-1,000;-1,000;-1,000;-1,000;-1,000;-1,000;-1,000;-1,000;-1,000;-1,000;-1,000;-1,000;-1,000;-1,000;-1,000;NOK
3073400591-00-W20-L2- 26 06G023-0003234;716;12:05:53;32,7;OK;OK;OK;OK;0,000;24,047;5,135;2,698;3,279;5,010;1,666;5,011;9,005;9,040;15,004;15,038;19,981;20,022;8,501;8,706;19,902;5,146;2,692;3,284;5,010;1,666;5,101;9,005;9,024;14,998;15,017;19,976;20,005;8,501;8,706;20,022;2,622;23,925;OK
3073400591-00-W20-L2- 26 06G023-0003229;716;12:05:45;32,8;OK;OK;OK;OK;0,000;24,047;5,119;2,644;3,257;4,994;1,656;4,979;8,984;9,002;14,982;15,000;19,965;19,994;8,490;8,690;19,875;5,130;2,649;3,251;4,989;1,639;5,101;8,989;9,024;14,982;15,022;19,965;20,005;8,490;8,690;20,011;2,632;23,926;OK
3073400591-00-W20-L2- 26 06G023-0003233;716;12:05:35;32,7;OK;OK;OK;OK;0,000;24,042;5,146;2,676;3,262;4,999;1,628;4,941;9,011;8,981;15,014;14,995;19,998;20,000;8,501;8,701;19,875;5,141;2,682;3,262;4,999;1,623;5,106;9,005;9,046;15,014;15,049;20,008;20,054;8,506;8,711;20,054;2,632;23,925;OK
3073400591-00-W20-L2- 26 06G023-0003393;716;12:05:12;32,7;OK;OK;OK;OK;0,000;24,052;5,124;2,654;3,268;4,978;1,656;4,952;8,962;8,970;14,944;14,946;19,905;19,924;8,468;8,668;19,810;5,119;2,654;3,289;4,978;1,650;5,079;8,967;8,991;14,949;14,973;19,911;19,940;8,468;8,668;19,956;2,607;23,926;OK
3073400591-00-W20-L2- 26 06G023-0000896;716;12:05:51;33,3;OK;OK;OK;OK;0,001;24,047;5,065;2,676;3,273;4,989;1,688;4,919;8,984;8,943;14,971;14,935;19,954;19,924;8,484;8,684;19,815;5,119;2,682;3,273;4,989;1,694;5,079;8,984;9,002;14,976;14,990;19,960;19,989;8,484;8,679;20,000;2,619;23,926;OK
3073400591-00-W20-L2- 26 06G023-0000908;716;12:05:50;32,7;OK;OK;OK;OK;0,000;24,042;5,065;2,676;3,268;4,956;1,715;4,805;8,967;8,872;14,971;14,903;19,954;19,897;8,468;8,668;19,788;5,086;2,649;3,262;4,951;1,710;5,052;8,967;8,997;14,966;15,000;19,960;20,000;8,468;8,673;20,005;2,637;23,925;OK
3073400591-00-W20-L2- 26 06G023-0000867;716;12:05:13;32,8;OK;OK;OK;OK;0,000;24,058;5,146;2,622;3,257;5,010;1,721;5,001;9,005;9,040;15,009;15,044;20,008;20,043;8,506;8,706;19,918;5,103;2,627;3,257;4,999;1,726;5,101;9,005;9,035;15,014;15,038;20,008;20,038;8,501;8,711;20,054;2,631;23,925;OK
3073400591-00-W20-L2- 26 06G023-0001103;716;12:05:31;21,5;OK;OK;OK;OK;0,003;24,047;5,086;2,633;3,246;4,940;1,683;4,946;8,962;8,991;14,960;14,990;19,932;19,978;8,457;8,663;19,853;5,081;2,660;3,251;4,940;1,683;4,449;-1,000;-1,000;-1,000;-1,000;-1,000;-1,000;-1,000;-1,000;-1,000;-1,000;-1,000;NOK
3073400591-00-W20-L2- 26 06G023-0001103;716;12:05:18;32,8;OK;OK;OK;OK;0,000;24,058;5,075;2,649;3,268;4,945;1,683;4,957;8,962;9,002;14,960;15,000;19,938;19,984;8,463;8,663;19,859;5,075;2,644;3,273;4,945;1,677;4,921;8,962;8,888;14,955;14,908;19,938;19,913;8,463;8,663;19,984;2,605;23,926;OK
3073400591-00-W20-L2- 26 06G023-0003521;716;12:05:00;32,7;OK;OK;OK;OK;0,000;24,047;5,108;2,665;3,262;4,967;1,715;4,914;8,989;8,970;14,998;14,984;19,992;19,994;8,484;8,690;19,875;5,103;2,654;3,284;4,967;1,715;5,057;8,989;9,013;15,004;15,022;19,987;20,016;8,490;8,695;20,038;2,614;23,926;OK
3073400591-00-W20-L2- 26 06G023-0001890;716;12:05:09;4,4;OK;OK;OK;OK;0,000;24,058;4,972;1,248;-1,000;-1,000;-1,000;-1,000;-1,000;-1,000;-1,000;-1,000;-1,000;-1,000;-1,000;-1,000;-1,000;-1,000;-1,000;-1,000;-1,000;-1,000;-1,000;-1,000;-1,000;-1,000;-1,000;-1,000;-1,000;-1,000;-1,000;-1,000;-1,000;-1,000;NOK
3073400591-00-W20-L2- 26 06G023-0001890;716;12:05:27;4,4;OK;OK;OK;OK;0,000;24,063;4,967;1,270;-1,000;-1,000;-1,000;-1,000;-1,000;-1,000;-1,000;-1,000;-1,000;-1,000;-1,000;-1,000;-1,000;-1,000;-1,000;-1,000;-1,000;-1,000;-1,000;-1,000;-1,000;-1,000;-1,000;-1,000;-1,000;-1,000;-1,000;-1,000;-1,000;-1,000;NOK
3073400591-00-W20-L2- 26 06G023-0001121;716;12:05:45;5,0;OK;OK;OK;OK;0,000;24,058;5,113;2,644;-2,188;-1,000;-1,000;-1,000;-1,000;-1,000;-1,000;-1,000;-1,000;-1,000;-1,000;-1,000;-1,000;-1,000;-1,000;-1,000;-1,000;-1,000;-1,000;-1,000;-1,000;-1,000;-1,000;-1,000;-1,000;-1,000;-1,000;-1,000;-1,000;-1,000;NOK
3073400591-00-W20-L2- 26 06G023-0001121;716;12:05:58;5,0;OK;OK;OK;OK;0,000;24,058;5,119;2,649;4,609;-1,000;-1,000;-1,000;-1,000;-1,000;-1,000;-1,000;-1,000;-1,000;-1,000;-1,000;-1,000;-1,000;-1,000;-1,000;-1,000;-1,000;-1,000;-1,000;-1,000;-1,000;-1,000;-1,000;-1,000;-1,000;-1,000;-1,000;-1,000;-1,000;NOK
3073400591-00-W20-L2- 26 06G023-0003378;716;12:05:13;9,3;OK;OK;OK;OK;0,000;24,047;5,065;2,654;3,273;4,961;1,656;4,376;-1,000;-1,000;-1,000;-1,000;-1,000;-1,000;-1,000;-1,000;-1,000;-1,000;-1,000;-1,000;-1,000;-1,000;-1,000;-1,000;-1,000;-1,000;-1,000;-1,000;-1,000;-1,000;-1,000;-1,000;-1,000;-1,000;NOK
3073400591-00-W20-L2- 26 06G023-0003406;716;12:05:28;3,8;OK;OK;OK;OK;0,000;24,052;0,000;-1,000;-1,000;-1,000;-1,000;-1,000;-1,000;-1,000;-1,000;-1,000;-1,000;-1,000;-1,000;-1,000;-1,000;-1,000;-1,000;-1,000;-1,000;-1,000;-1,000;-1,000;-1,000;-1,000;-1,000;-1,000;-1,000;-1,000;-1,000;-1,000;-1,000;-1,000;NOK
3073400591-00-W20-L2- 26 06G023-0001079;716;12:05:48;9,2;OK;OK;OK;OK;0,000;24,058;5,151;2,654;3,246;5,010;1,650;4,425;-1,000;-1,000;-1,000;-1,000;-1,000;-1,000;-1,000;-1,000;-1,000;-1,000;-1,000;-1,000;-1,000;-1,000;-1,000;-1,000;-1,000;-1,000;-1,000;-1,000;-1,000;-1,000;-1,000;-1,000;-1,000;-1,000;NOK
3073400591-00-W20-L2- 26 06G023-0000835;716;12:05:57;4,4;OK;OK;OK;OK;0,003;24,058;5,065;1,656;-1,000;-1,000;-1,000;-1,000;-1,000;-1,000;-1,000;-1,000;-1,000;-1,000;-1,000;-1,000;-1,000;-1,000;-1,000;-1,000;-1,000;-1,000;-1,000;-1,000;-1,000;-1,000;-1,000;-1,000;-1,000;-1,000;-1,000;-1,000;-1,000;-1,000;NOK
3073400591-00-W20-L2- 26 06G023-0003386;716;12:05:45;32,7;OK;OK;OK;OK;0,000;24,047;5,135;2,682;3,284;5,005;1,677;4,941;8,989;8,970;14,982;14,962;19,960;19,956;8,495;8,690;19,837;5,135;2,676;3,268;5,005;1,677;5,090;8,995;9,013;14,982;15,000;19,965;19,989;8,490;8,690;20,011;2,639;23,925;OK
3073400591-00-W20-L2- 26 06G023-0003395;716;12:05:22;32,7;OK;OK;OK;OK;0,000;24,058;5,146;2,692;3,284;5,005;1,710;4,979;9,011;9,013;15,014;15,022;19,998;20,022;8,511;8,711;19,902;5,141;2,660;3,295;5,010;1,710;5,084;9,011;9,013;15,009;15,017;19,998;20,022;8,506;8,711;20,054;2,645;23,924;OK
3073400591-00-W20-L2- 26 06G023-0000904;716;12:05:00;32,6;OK;OK;OK;OK;0,000;24,047;5,135;2,654;3,273;4,983;1,672;4,990;8,978;9,019;14,976;15,017;19,960;20,005;8,484;8,684;19,886;5,124;2,665;3,273;4,983;1,672;5,073;8,984;9,002;14,976;15,000;19,965;19,989;8,479;8,684;20,011;2,613;23,927;OK
3073400591-00-W20-L2- 26 06G023-0003230;716;12:05:37;32,5;OK;OK;OK;OK;0,000;24,052;5,103;2,687;3,289;4,956;1,694;4,957;8,973;9,008;14,960;14,995;19,932;19,973;8,468;8,668;19,853;5,097;2,660;3,284;4,956;1,688;5,052;8,973;8,991;14,960;14,979;19,932;19,956;8,473;8,673;19,984;2,587;23,927;OK
3073400591-00-W20-L2- 26 06G023-0003392;716;12:05:31;32,7;OK;OK;OK;OK;0,000;24,058;5,113;2,682;3,279;4,989;1,721;4,979;9,000;9,024;15,009;15,038;19,998;20,032;8,495;8,690;19,913;5,119;2,682;3,268;4,989;1,721;5,084;8,995;9,024;15,009;15,033;20,003;20,027;8,495;8,695;20,049;2,598;23,962;OK
3073400591-00-W20-L2- 26 06G023-0003238;716;12:05:08;32,7;OK;OK;OK;OK;0,000;24,052;5,113;2,676;3,289;4,978;1,715;4,973;8,973;9,002;14,966;15,000;19,949;19,984;8,473;8,673;19,859;5,113;2,649;3,273;4,978;1,726;5,073;8,973;8,997;14,971;14,990;19,949;19,978;8,473;8,673;19,994;2,590;23,927;OK
3073400591-00-W20-L2- 26 06G023-0003396;716;12:05:45;32,6;OK;OK;OK;OK;0,000;24,047;5,113;2,682;3,257;4,983;1,672;4,984;8,984;9,019;14,987;15,011;19,965;20,000;8,484;8,690;19,886;5,119;2,654;3,268;4,983;1,672;5,073;8,984;8,997;14,987;15,000;19,965;19,994;8,484;8,684;20,011;2,612;23,927;OK
3073400591-00-W20-L2- 26 06G023-0003389;716;12:05:23;32,7;OK;OK;OK;OK;0,000;24,052;5,108;2,654;3,273;4,978;1,666;4,979;8,973;9,002;14,955;14,995;19,932;19,973;8,473;8,673;19,853;5,113;2,687;3,262;4,978;1,656;5,063;8,973;8,986;14,960;14,973;19,938;19,956;8,468;8,673;19,978;2,597;23,927;OK
3073400591-00-W20-L2- 26 06G023-0003778;716;12:05:01;32,7;OK;OK;OK;OK;0,000;24,052;5,092;2,654;3,273;4,961;1,726;4,968;8,962;9,002;14,960;15,000;19,938;19,984;8,463;8,663;19,864;5,097;2,654;3,279;4,967;1,726;5,057;8,967;8,991;14,960;14,984;19,932;19,973;8,463;8,663;19,984;2,597;23,926;OK
3073400591-00-W20-L2- 26 06G023-0003773;716;12:05:39;32,7;OK;OK;OK;OK;0,000;24,052;5,141;2,687;3,268;5,005;1,677;5,006;9,000;9,029;14,987;15,017;19,960;20,000;8,501;8,701;19,880;5,146;2,644;3,257;5,010;1,672;5,073;9,000;8,997;14,982;14,990;19,960;19,973;8,501;8,701;20,011;2,611;23,927;OK
3073400591-00-W20-L2- 26 06G023-0003777;716;12:05:16;32,6;OK;OK;OK;OK;0,000;24,052;5,108;2,649;3,273;4,978;1,704;4,979;8,973;9,008;14,971;15,006;19,949;19,994;8,473;8,673;19,875;5,113;2,649;3,279;4,978;1,710;5,035;8,973;8,970;14,971;14,968;19,949;19,962;8,473;8,673;20,000;2,585;23,928;OK
3073400591-00-W20-L2- 26 06G023-0003774;716;12:05:53;32,7;OK;OK;OK;OK;0,000;24,047;5,081;2,665;3,251;4,956;1,683;4,957;8,973;9,002;14,976;15,006;19,960;20,005;8,473;8,668;19,880;5,092;2,682;3,257;4,951;1,677;5,041;8,973;8,997;14,976;15,000;19,965;19,994;8,468;8,668;20,011;2,612;23,927;OK
;716;12:05:01;2,2;NON TESTE;NON TESTE;NON TESTE;NON TESTE;-1,000;-1,000;-1,000;-1,000;-1,000;-1,000;-1,000;-1,000;-1,000;-1,000;-1,000;-1,000;-1,000;-1,000;-1,000;-1,000;-1,000;-1,000;-1,000;-1,000;-1,000;-1,000;-1,000;-1,000;-1,000;-1,000;-1,000;-1,000;-1,000;-1,000;-1,000;-1,000;-1,000;-1,000;NOK
3073400591-00-W20-L2- 26 06G023-0003776;716;12:05:35;32,7;OK;OK;OK;OK;0,000;24,058;5,130;2,660;3,279;4,989;1,710;4,990;9,011;9,046;15,020;15,055;20,008;20,049;8,511;8,711;19,929;5,119;2,676;3,306;4,983;1,715;5,079;9,005;9,035;15,020;15,038;20,008;20,032;8,506;8,711;20,049;2,660;23,924;OK
3073400591-00-W20-L2- 26 06G023-0003780;716;12:05:12;32,6;OK;OK;OK;OK;0,000;24,052;5,130;2,698;3,289;4,994;1,737;5,006;9,000;9,035;14,993;15,028;19,976;20,016;8,501;8,701;19,902;5,135;2,703;3,273;4,994;1,732;5,084;8,995;9,019;14,993;15,017;19,970;19,994;8,501;8,701;20,022;2,649;23,977;OK
3073400591-00-W20-L2- 26 06G023-0002697;716;12:05:49;32,7;OK;OK;OK;OK;0,000;24,042;5,146;2,671;3,257;5,016;1,683;5,017;9,011;9,040;14,998;15,033;19,970;20,011;8,506;8,706;19,886;5,146;2,644;3,273;5,016;1,688;5,090;9,011;9,002;14,998;15,000;19,965;19,989;8,506;8,706;20,011;2,646;23,925;OK
3073400591-00-W20-L2- 26 06G023-0002696;716;12:05:11;16,4;OK;OK;OK;OK;0,000;24,047;5,097;2,644;3,257;4,956;1,710;4,957;8,957;8,991;14,971;14,995;19,965;20,005;8,457;8,657;19,880;0,396;-1,000;-1,000;-1,000;-1,000;-1,000;-1,000;-1,000;-1,000;-1,000;-1,000;-1,000;-1,000;-1,000;-1,000;-1,000;-1,000;NOK
3073400591-00-W20-L2- 26 06G023-0002696;716;12:05:52;32,8;OK;OK;OK;OK;0,000;24,052;5,086;2,665;3,279;4,956;1,715;4,941;8,957;8,975;14,966;14,990;19,965;19,994;8,457;8,657;19,880;5,092;2,671;3,262;4,956;1,715;5,057;8,957;8,986;14,966;14,995;19,965;20,000;8,452;8,657;20,016;2,623;24,070;OK
3073400591-00-W20-L2- 26 06G023-0002690;716;12:05:30;32,8;OK;OK;OK;OK;0,000;24,058;5,146;2,649;3,279;5,016;1,661;5,017;8,995;9,029;14,987;15,022;19,965;20,005;8,495;8,695;19,880;5,151;2,682;3,279;5,021;1,666;5,106;8,995;9,008;14,987;15,006;19,960;19,994;8,495;8,690;20,016;2,604;23,926;OK
3073400591-00-W20-L2- 26 06G023-0002691;716;12:05:07;32,7;OK;OK;OK;OK;0,000;24,058;5,097;2,649;3,257;4,961;1,683;4,957;8,951;8,986;14,938;14,973;19,905;19,951;8,452;8,652;19,832;5,097;2,676;3,257;4,961;1,683;5,052;8,951;8,970;14,933;14,957;19,911;19,946;8,452;8,652;19,962;2,577;23,929;OK
3073400591-00-W20-L2- 26 06G023-0002693;716;12:05:45;32,7;OK;OK;OK;OK;0,000;24,047;5,124;2,682;3,262;4,983;1,656;4,984;8,978;9,013;14,971;15,000;19,943;19,984;8,484;8,679;19,870;5,119;2,671;3,273;4,983;1,666;5,063;8,984;8,986;14,971;14,979;19,949;19,967;8,484;8,684;19,994;2,577;23,928;OK
3073400591-00-W20-L2- 26 06G023-0002694;716;12:05:30;32,7;OK;OK;OK;OK;0,000;24,047;5,113;2,660;3,257;4,972;1,656;4,973;8,951;8,986;14,938;14,979;19,911;19,956;8,457;8,657;19,832;5,103;2,649;3,257;4,972;1,650;5,057;8,951;8,970;14,944;14,957;19,911;19,946;8,457;8,657;19,956;2,577;23,928;OK
;716;12:05:37;2,2;NON TESTE;NON TESTE;NON TESTE;NON TESTE;-1,000;-1,000;-1,000;-1,000;-1,000;-1,000;-1,000;-1,000;-1,000;-1,000;-1,000;-1,000;-1,000;-1,000;-1,000;-1,000;-1,000;-1,000;-1,000;-1,000;-1,000;-1,000;-1,000;-1,000;-1,000;-1,000;-1,000;-1,000;-1,000;-1,000;-1,000;-1,000;-1,000;-1,000;NOK
3073400591-00-W20-L2- 26 06G023-0002675;716;12:05:16;32,6;OK;OK;OK;OK;0,000;24,052;5,086;2,649;3,268;4,945;1,683;4,946;8,957;8,986;14,938;14,973;19,922;19,962;8,457;8,657;19,837;5,081;2,682;3,273;4,951;1,683;5,041;8,951;8,975;14,944;14,962;19,916;19,946;8,452;8,657;19,967;2,608;23,926;OK
3073400591-00-W20-L2- 26 06G023-0002670;716;12:05:55;32,7;OK;OK;OK;OK;0,003;24,047;5,130;2,649;3,289;4,999;1,666;4,995;8,989;9,029;14,987;15,022;19,976;20,011;8,495;8,695;19,897;5,130;2,654;3,262;4,999;1,656;5,084;8,995;9,008;14,993;15,006;19,976;20,005;8,495;8,695;20,022;2,608;23,925;OK
3073400591-00-W20-L2- 26 06G023-0002699;716;12:05:34;32,7;OK;OK;OK;OK;0,000;24,042;5,141;2,671;3,246;5,010;1,645;5,011;9,005;9,046;14,998;15,028;19,970;20,005;8,501;8,706;19,891;5,151;2,654;3,262;5,010;1,645;5,101;9,005;9,035;14,998;15,022;19,970;20,005;8,506;8,706;20,016;2,589;23,925;OK
3073400591-00-W20-L2- 26 06G023-0002681;716;12:05:12;32,7;OK;OK;OK;OK;0,000;24,058;5,141;2,665;3,268;5,005;1,666;5,001;8,978;9,008;14,960;14,995;19,943;19,984;8,484;8,679;19,859;5,135;2,682;3,279;5,005;1,666;5,095;8,973;9,008;14,960;14,990;19,943;19,978;8,479;8,673;19,994;2,628;23,926;OK
3073400591-00-W20-L2- 26 06G023-0002666;716;12:05:49;32,7;OK;OK;OK;OK;0,000;24,042;5,130;2,665;3,279;4,999;1,666;4,952;9,000;8,970;14,998;14,962;19,987;19,973;8,501;8,701;19,859;5,135;2,649;3,262;4,999;1,666;5,084;9,000;9,013;14,998;15,017;19,981;20,011;8,501;8,706;20,027;2,630;23,925;OK
3073400591-00-W20-L2- 26 06G023-0003687;716;12:05:27;32,7;OK;OK;OK;OK;0,000;24,042;5,130;2,671;3,262;4,999;1,683;4,973;8,995;9,002;14,993;15,006;19,976;20,005;8,495;8,695;19,891;5,135;2,654;3,251;4,994;1,677;5,101;8,995;9,035;14,993;15,028;19,981;20,016;8,495;8,695;20,027;2,619;23,926;OK
3073400591-00-W20-L2- 26 06G023-0002673;716;12:05:05;32,6;OK;OK;OK;OK;0,000;24,058;5,151;2,682;3,284;5,021;1,694;5,022;9,000;9,035;14,987;15,017;19,970;20,005;8,501;8,706;19,886;5,146;2,665;3,262;5,021;1,704;5,117;9,000;9,035;14,987;15,017;19,965;20,005;8,506;8,706;20,022;2,610;23,926;OK
3073400591-00-W20-L2- 26 06G023-0002671;716;12:05:44;32,7;OK;OK;OK;OK;0,000;24,058;5,135;2,649;3,262;4,994;1,672;4,995;8,989;9,024;14,993;15,017;19,970;20,011;8,495;8,690;19,886;5,130;2,676;3,257;4,989;1,683;5,106;8,995;9,035;14,987;15,028;19,970;20,016;8,495;8,695;20,016;2,590;23,927;OK
3073400591-00-W20-L2- 26 06G023-0002700;716;12:05:22;32,7;OK;OK;OK;OK;0,000;24,047;5,103;2,682;3,268;4,956;1,639;4,957;8,946;8,986;14,933;14,979;19,922;19,967;8,452;8,652;19,842;5,092;2,671;3,257;4,956;1,650;5,052;8,946;8,975;14,938;14,968;19,922;19,962;8,446;8,646;19,973;2,586;23,927;OK
3073400591-00-W20-L2- 26 06G023-0002676;716;12:05:59;32,7;OK;OK;OK;OK;0,000;24,052;5,081;2,638;3,273;4,956;1,634;4,957;8,967;9,002;14,971;15,000;19,943;19,989;8,473;8,668;19,875;5,092;2,644;3,251;4,956;1,623;5,046;8,978;8,997;14,966;14,995;19,954;19,978;8,468;8,673;19,994;2,614;23,925;OK
3073400591-00-W20-L2- 26 06G023-0002669;716;12:05:37;32,6;OK;OK;OK;OK;0,000;24,047;5,135;2,665;3,279;4,999;1,645;5,006;9,005;9,035;15,009;15,044;19,998;20,032;8,501;8,701;19,913;5,135;2,682;3,268;4,999;1,645;5,106;9,005;9,035;15,009;15,044;19,992;20,038;8,506;8,706;20,043;2,603;23,926;OK
3073400591-00-W20-L2- 26 06G023-0002692;716;12:05:14;32,6;OK;OK;OK;OK;0,000;24,063;5,103;2,682;3,284;4,972;1,672;4,984;8,962;9,008;14,955;14,990;19,938;19,973;8,463;8,663;19,859;5,108;2,676;3,262;4,978;1,672;5,079;8,962;9,002;14,955;14,984;19,932;19,973;8,463;8,668;19,978;2,606;23,927;OK
3073400591-00-W20-L2- 26 06G023-0002672;716;12:05:52;32,7;OK;OK;OK;OK;0,000;24,052;5,075;2,644;3,284;4,951;1,683;4,952;8,967;9,002;14,960;14,995;19,949;19,989;8,468;8,668;19,870;5,092;2,682;3,257;4,951;1,683;5,057;8,967;9,002;14,960;14,995;19,943;19,989;8,463;8,668;20,000;2,607;23,926;OK
3073400591-00-W20-L2- 26 06G023-0002677;716;12:05:19;21,4;OK;OK;OK;OK;0,000;24,047;5,124;2,660;3,273;4,978;1,672;4,984;8,962;9,002;14,944;14,979;19,932;19,967;8,468;8,668;19,842;5,113;2,654;3,262;4,978;1,666;4,541;-1,000;-1,000;-1,000;-1,000;-1,000;-1,000;-1,000;-1,000;-1,000;-1,000;-1,000;NOK
3073400591-00-W20-L2- 26 06G023-0002677;716;12:05:57;32,7;OK;OK;OK;OK;0,000;24,047;5,124;2,644;3,273;4,978;1,672;4,984;8,962;9,002;14,949;14,984;19,932;19,962;8,473;8,663;19,842;5,113;2,654;3,251;4,978;1,672;5,079;8,973;8,991;14,944;14,979;19,922;19,962;8,468;8,668;19,973;2,606;23,925;OK
3073400591-00-W20-L2- 26 06G023-0003686;716;12:05:34;32,7;OK;OK;OK;OK;0,000;24,042;5,135;2,633;3,246;5,016;1,645;5,011;9,000;9,024;14,987;15,022;19,965;20,000;8,490;8,695;19,880;5,151;2,671;3,257;5,016;1,650;5,117;8,995;9,024;14,987;15,017;19,965;20,000;8,495;8,695;20,016;2,624;23,926;OK
3073400591-00-W20-L2- 26 06G023-0002674;716;12:05:12;32,7;OK;OK;OK;OK;0,000;24,047;5,130;2,682;3,262;4,999;1,650;4,984;9,005;9,029;15,009;15,033;20,008;20,038;8,506;8,701;19,924;5,135;2,649;3,246;5,005;1,650;5,090;9,005;9,024;15,014;15,033;20,003;20,032;8,501;8,706;20,049;2,646;23,925;OK
3073400591-00-W20-L2- 26 06G023-0003685;716;12:05:48;32,6;OK;OK;OK;OK;0,000;24,042;5,103;2,660;3,246;5,124;1,683;4,973;8,978;9,013;14,976;15,011;19,965;20,011;8,473;8,673;19,880;5,108;2,665;3,273;4,972;1,694;5,079;8,973;9,019;14,976;15,011;19,965;20,005;8,479;8,679;20,011;2,631;23,925;OK
3073400591-00-W20-L2- 26 06G023-0002668;716;12:05:25;32,7;OK;OK;OK;OK;0,000;24,052;5,130;2,654;3,268;4,999;1,661;4,990;8,989;9,019;14,971;14,995;19,938;19,973;8,484;8,690;19,853;5,130;2,660;3,257;4,999;1,656;5,101;8,989;9,024;14,966;15,000;19,938;19,978;8,484;8,690;19,984;2,649;23,923;OK
3073400591-00-W20-L2- 26 06G023-0002689;716;12:05:03;32,6;OK;OK;OK;OK;0,000;24,052;5,119;2,665;3,246;4,972;1,688;4,968;8,962;8,997;14,944;14,973;19,922;19,956;8,468;8,663;19,837;5,108;2,654;3,246;4,972;1,688;5,068;8,962;8,991;14,938;14,973;19,922;19,962;8,463;8,663;19,973;2,646;23,923;OK
3073400591-00-W20-L2- 26 06G023-0002682;716;12:05:16;9,3;OK;OK;OK;OK;0,000;24,052;5,135;2,676;3,268;5,016;1,634;4,669;-1,000;-1,000;-1,000;-1,000;-1,000;-1,000;-1,000;-1,000;-1,000;-1,000;-1,000;-1,000;-1,000;-1,000;-1,000;-1,000;-1,000;-1,000;-1,000;-1,000;-1,000;-1,000;-1,000;-1,000;-1,000;-1,000;NOK
3073400591-00-W20-L2- 26 06G023-0002665;716;12:05:57;32,7;OK;OK;OK;OK;0,000;24,058;5,146;2,676;3,284;5,005;1,656;5,006;8,995;9,035;14,998;15,028;19,981;20,016;8,501;8,701;19,891;5,141;2,671;3,257;5,005;1,650;5,101;9,000;9,035;14,993;15,028;19,981;20,016;8,501;8,701;20,022;2,670;23,923;OK
3073400591-00-W20-L2- 26 06G023-0003703;716;12:05:35;32,8;OK;OK;OK;OK;0,000;24,047;5,097;2,654;3,284;4,956;1,672;4,957;8,962;8,991;14,960;14,995;19,949;19,984;8,463;8,663;19,870;5,092;2,654;3,262;4,956;1,677;5,052;8,962;8,991;14,966;14,990;19,943;19,984;8,457;8,657;20,000;2,659;23,923;OK
3073400591-00-W20-L2- 26 06G023-0002686;716;12:05:12;32,7;OK;OK;OK;OK;0,000;24,052;5,141;2,671;3,262;5,005;1,645;5,006;8,989;9,029;14,966;14,995;19,927;19,973;8,495;8,695;19,842;5,146;2,660;3,273;5,010;1,639;5,117;8,989;9,024;14,960;15,000;19,932;19,967;8,495;8,695;19,984;2,682;23,922;OK
3073400591-00-W20-L2- 26 06G023-0002678;716;12:05:49;32,7;OK;OK;OK;OK;0,000;24,058;5,108;2,654;3,284;4,967;1,656;4,963;8,962;8,997;14,949;14,990;19,927;19,973;8,457;8,663;19,848;5,103;2,660;3,262;4,967;1,650;5,046;8,962;8,975;14,949;14,962;19,932;19,946;8,463;8,663;19,978;2,678;23,922;OK
3073400591-00-W20-L2- 26 06G023-0002685;716;12:05:26;32,7;OK;OK;OK;OK;0,000;24,052;5,130;2,654;3,273;4,999;1,650;4,995;8,995;9,035;15,004;15,038;19,992;20,032;8,495;8,695;19,908;5,130;2,692;3,262;4,994;1,650;5,095;8,995;9,035;15,004;15,033;19,992;20,022;8,495;8,695;20,038;2,679;23,922;OK
3073400591-00-W20-L2- 26 06G023-0002680;716;12:05:03;32,8;OK;OK;OK;OK;0,000;24,042;5,130;2,638;3,268;4,989;1,715;4,990;8,989;9,019;14,993;15,028;19,987;20,016;8,490;8,684;19,902;5,119;2,649;3,279;4,989;1,710;5,095;8,984;9,024;14,987;15,022;19,981;20,027;8,490;8,690;20,032;2,687;23,922;OK
3073400591-00-W20-L2- 26 06G023-0003698;716;12:05:24;16,4;OK;OK;OK;OK;0,001;24,052;5,146;2,660;3,295;5,010;1,688;5,017;9,016;9,051;15,014;15,049;19,987;20,038;8,517;8,711;19,902;0,375;-1,000;-1,000;-1,000;-1,000;-1,000;-1,000;-1,000;-1,000;-1,000;-1,000;-1,000;-1,000;-1,000;-1,000;-1,000;-1,000;NOK
3073400591-00-W20-L2- 26 06G023-0003702;716;12:05:03;32,6;OK;OK;OK;OK;0,000;24,052;5,108;2,660;3,289;4,978;1,694;4,990;8,984;9,024;14,987;15,022;19,970;20,011;8,484;8,684;19,897;5,119;2,676;3,284;4,983;1,688;5,084;8,984;9,019;14,987;15,022;19,970;20,011;8,484;8,684;20,022;2,655;23,923;OK
3073400591-00-W20-L2- 26 06G023-0003707;716;12:05:40;32,7;OK;OK;OK;OK;0,002;24,042;5,119;2,671;3,246;4,983;1,704;4,984;8,984;9,019;14,982;15,011;19,970;20,011;8,479;8,679;19,886;5,119;2,665;3,273;5,135;1,715;5,084;8,984;9,013;14,987;15,011;19,970;20,005;8,479;8,684;20,016;2,653;23,923;OK
3073400591-00-W20-L2- 26 06G023-0003727;716;12:05:18;32,7;OK;OK;OK;OK;0,000;24,058;5,141;2,665;3,306;4,994;1,704;4,990;8,995;9,029;15,004;15,038;20,003;20,038;8,495;8,695;19,913;5,124;2,682;3,279;4,989;1,710;5,084;8,995;9,013;15,004;15,028;19,998;20,032;8,495;8,690;20,049;2,669;23,923;OK
3073400591-00-W20-L2- 26 06G023-0003721;716;12:05:36;13,8;OK;OK;OK;OK;0,000;24,052;5,103;2,649;3,273;4,967;1,715;4,963;8,989;9,019;14,993;15,022;19,981;20,011;4,972;-1,000;-1,000;-1,000;-1,000;-1,000;-1,000;-1,000;-1,000;-1,000;-1,000;-1,000;-1,000;-1,000;-1,000;-1,000;-1,000;-1,000;-1,000;-1,000;NOK
3073400591-00-W20-L2- 26 06G023-0003721;716;12:05:11;32,6;OK;OK;OK;OK;0,000;24,047;5,103;2,649;3,268;4,978;1,715;4,979;8,995;9,029;15,004;15,028;19,981;20,016;8,495;8,695;19,897;5,113;2,692;3,262;4,978;1,726;5,068;8,995;9,019;14,998;15,017;19,981;20,011;8,490;8,695;20,027;2,653;23,924;OK
3073400591-00-W20-L2- 26 06G023-0002679;716;12:05:49;32,6;OK;OK;OK;OK;0,000;24,063;5,119;2,665;3,262;4,989;1,694;4,995;8,984;9,013;14,982;15,006;19,970;20,005;8,479;8,684;19,880;5,124;2,692;3,262;4,983;1,694;5,084;8,984;9,013;14,982;15,006;19,965;19,994;8,484;8,679;20,011;2,654;23,923;OK
