NS;Matricule Operateur;Heur Passage;Temps Test;Presence Connecteur;Presence Blandage;Presence C2;Presence C24;INPUT CURRENT (NO TRIGER);INPUT TENSION (NO TRIGER);Apple Mode 3A VBUS  (0A/CC1);Apple Mode 3A D+  (0A/CC1);Apple Mode 3A D-  (0A/CC1);TYPE C VBUS (0A/CC1);TYPE C CC1 (0A/CC1);TYPE C VBUS (3A/CC1);PDO2 VBUS (0A/CC1);PDO2 VBUS (3A/CC1);PDO3 VBUS (0A/CC1);PDO3 VBUS (3A/CC1);PDO4 VBUS (0A/CC1);PDO4 VBUS (3A/CC1);PPS 8.5V VBUS (0A/CC1);PPS 8.5V VBUS (3A/CC1);PPS 20V VBUS (3A/CC1);Apple Mode 3A VBUS  (0A/CC2);Apple Mode 3A D+  (0A/CC2);Apple Mode 3A D-  (0A/CC2);TYPE C VBUS (0A/CC2);TYPE C CC2 (0A/CC2);TYPE C VBUS (3A/CC2);PDO2 VBUS (0A/CC2);PDO2 VBUS (3A/CC2);PDO3 VBUS (0A/CC2);PDO3 VBUS (3A/CC2);PDO4 VBUS (0A/CC2);PDO4 VBUS (3A/CC2);PPS 8.5V VBUS (0A/CC2);PPS 8.5V VBUS (3A/CC2);PPS 20V VBUS (3A/CC2);INPUT CURRENT (FULL LOAD);INPUT TENSION (FULL LOAD);Status Carte;
3073400591-00-W29-L2- 25 07G074-0002439;545;06:05:58;35,3;OK;OK;OK;OK;0,000;24,052;5,103;2,671;3,273;4,967;1,661;4,925;8,984;8,975;14,971;14,973;19,938;19,967;8,484;8,684;19,842;5,113;2,654;3,262;4,972;1,656;5,057;8,978;8,997;14,971;14,990;19,949;19,973;8,484;8,684;19,984;2,717;23,935;OK
3073400591-00-W39-L2- 25 09G100-0000227;545;06:05:09;1,2;OK;OK;FAIL;NON TESTE;-1,000;-1,000;-1,000;-1,000;-1,000;-1,000;-1,000;-1,000;-1,000;-1,000;-1,000;-1,000;-1,000;-1,000;-1,000;-1,000;-1,000;-1,000;-1,000;-1,000;-1,000;-1,000;-1,000;-1,000;-1,000;-1,000;-1,000;-1,000;-1,000;-1,000;-1,000;-1,000;-1,000;-1,000;NOK
3073400591-00-W20-L2- 25 05G063-0000501;545;06:05:22;4,9;OK;OK;OK;OK;0,000;24,063;1,167;-1,000;-1,000;-1,000;-1,000;-1,000;-1,000;-1,000;-1,000;-1,000;-1,000;-1,000;-1,000;-1,000;-1,000;-1,000;-1,000;-1,000;-1,000;-1,000;-1,000;-1,000;-1,000;-1,000;-1,000;-1,000;-1,000;-1,000;-1,000;-1,000;-1,000;-1,000;NOK
;545;06:05:32;2,2;NON TESTE;NON TESTE;NON TESTE;NON TESTE;-1,000;-1,000;-1,000;-1,000;-1,000;-1,000;-1,000;-1,000;-1,000;-1,000;-1,000;-1,000;-1,000;-1,000;-1,000;-1,000;-1,000;-1,000;-1,000;-1,000;-1,000;-1,000;-1,000;-1,000;-1,000;-1,000;-1,000;-1,000;-1,000;-1,000;-1,000;-1,000;-1,000;-1,000;NOK
3073400591-00-W05-L3- 25 02G005-0001441;545;06:05:42;1,0;FAIL;NON TESTE;NON TESTE;NON TESTE;-1,000;-1,000;-1,000;-1,000;-1,000;-1,000;-1,000;-1,000;-1,000;-1,000;-1,000;-1,000;-1,000;-1,000;-1,000;-1,000;-1,000;-1,000;-1,000;-1,000;-1,000;-1,000;-1,000;-1,000;-1,000;-1,000;-1,000;-1,000;-1,000;-1,000;-1,000;-1,000;-1,000;-1,000;NOK
3073400591-00-W21-L2- 25 06G011-0000153;545;06:05:50;1,3;OK;OK;OK;FAIL;-1,000;-1,000;-1,000;-1,000;-1,000;-1,000;-1,000;-1,000;-1,000;-1,000;-1,000;-1,000;-1,000;-1,000;-1,000;-1,000;-1,000;-1,000;-1,000;-1,000;-1,000;-1,000;-1,000;-1,000;-1,000;-1,000;-1,000;-1,000;-1,000;-1,000;-1,000;-1,000;-1,000;-1,000;NOK
3073400591-00-W11-L1- 25 02G149-0002884;545;06:05:59;4,0;OK;OK;OK;OK;0,000;24,052;0,109;-1,000;-1,000;-1,000;-1,000;-1,000;-1,000;-1,000;-1,000;-1,000;-1,000;-1,000;-1,000;-1,000;-1,000;-1,000;-1,000;-1,000;-1,000;-1,000;-1,000;-1,000;-1,000;-1,000;-1,000;-1,000;-1,000;-1,000;-1,000;-1,000;-1,000;-1,000;NOK
3073400591-00-W17-L2- 26 06G017-0001636;545;06:05:37;33,3;OK;OK;OK;OK;0,002;24,058;5,119;2,644;3,251;4,989;1,672;4,984;8,978;9,002;14,976;15,000;19,954;19,989;8,484;8,684;19,864;5,130;2,654;3,273;4,994;1,683;5,084;8,984;9,002;14,971;15,000;19,954;19,984;8,484;8,684;20,000;2,682;23,935;OK
3073400591-00-W17-L2- 26 06G017-0001635;545;06:05:02;33,1;OK;OK;OK;OK;0,000;24,058;5,124;2,671;3,284;4,983;1,634;4,979;8,978;9,008;14,971;15,000;19,954;20,000;8,484;8,679;19,870;5,124;2,671;3,284;4,983;1,639;5,079;8,978;8,997;14,976;14,995;19,954;19,984;8,479;8,679;20,005;2,668;23,936;OK
3073400591-00-W17-L2- 26 06G017-0001642;545;06:05:44;33,1;OK;OK;OK;OK;0,000;24,069;5,086;2,665;3,284;4,956;1,694;4,946;8,973;8,997;14,971;15,006;19,960;20,000;8,473;8,673;19,875;5,092;2,671;3,284;4,956;1,704;5,041;8,967;8,997;14,976;15,000;19,965;19,989;8,468;8,668;20,000;2,691;23,936;OK
3073400591-00-W17-L2- 26 06G017-0001638;545;06:05:22;33,0;OK;OK;OK;OK;0,000;24,058;5,124;2,644;3,257;4,983;1,710;4,984;8,967;8,997;14,949;14,984;19,927;19,967;8,468;8,673;19,848;5,119;2,671;3,273;4,983;1,704;5,068;8,967;8,975;14,949;14,957;19,927;19,951;8,473;8,668;19,967;2,671;23,936;OK
3073400591-00-W17-L2- 26 06G017-0001637;545;06:05:22;25,3;OK;OK;OK;OK;0,001;24,058;5,124;2,682;3,284;4,999;1,645;4,990;9,000;9,035;15,014;15,044;20,008;20,049;8,506;8,701;19,918;5,135;2,687;3,251;4,994;1,650;5,084;9,005;9,024;15,014;5,246;-1,000;-1,000;-1,000;-1,000;-1,000;-1,000;-1,000;NOK
3073400591-00-W17-L2- 26 06G017-0001637;545;06:05:37;11,1;OK;OK;OK;OK;0,000;24,052;5,130;2,654;3,262;4,999;1,650;4,995;9,005;5,246;-1,000;-1,000;-1,000;-1,000;-1,000;-1,000;-1,000;-1,000;-1,000;-1,000;-1,000;-1,000;-1,000;-1,000;-1,000;-1,000;-1,000;-1,000;-1,000;-1,000;-1,000;-1,000;-1,000;-1,000;NOK
3073400591-00-W17-L2- 26 06G017-0001637;545;06:05:22;34,6;OK;OK;OK;OK;0,000;24,052;5,141;2,665;3,262;4,999;1,650;4,995;9,000;9,035;15,009;15,049;20,014;20,049;8,506;8,695;19,929;5,135;2,660;3,284;4,994;1,650;5,095;9,005;9,029;15,014;15,038;20,014;20,043;8,501;8,701;20,049;2,725;23,933;OK
3073400591-00-W17-L2- 26 06G017-0001628;545;06:05:04;33,0;OK;OK;OK;OK;0,000;24,047;5,130;2,654;3,257;4,989;1,677;4,930;8,978;8,948;14,966;14,935;19,943;19,929;8,479;8,679;19,799;5,124;2,654;3,279;4,989;1,683;5,084;8,978;9,008;14,966;15,000;19,943;19,978;8,473;8,684;19,989;2,713;23,933;OK
3073400591-00-W17-L2- 26 06G017-0001632;545;06:05:43;33,0;OK;OK;OK;OK;0,000;24,058;5,130;2,654;3,246;4,983;1,699;4,979;8,973;9,013;14,966;14,995;19,938;19,984;8,473;8,673;19,859;5,119;2,633;3,251;4,983;1,699;5,073;8,973;9,008;14,960;14,990;19,938;19,978;8,473;8,673;19,989;2,717;23,935;OK
3073400591-00-W17-L2- 26 06G017-0004141;545;06:05:21;33,0;OK;OK;OK;OK;0,000;24,058;5,108;2,660;3,251;4,978;1,683;4,973;8,978;9,008;14,976;15,006;19,954;19,994;8,479;8,679;19,870;5,113;2,660;3,257;4,978;1,672;5,063;8,978;9,002;14,976;15,000;19,949;19,989;8,473;8,684;20,000;2,676;23,935;OK
3073400591-00-W17-L2- 26 06G017-0004149;545;06:05:59;33,0;OK;OK;OK;OK;0,000;24,063;5,113;2,682;3,284;4,978;1,661;4,968;8,978;9,008;14,976;15,011;19,965;20,005;8,473;8,673;19,870;5,108;2,676;3,262;4,978;1,661;5,025;8,978;8,959;14,982;14,957;19,960;19,956;8,479;8,679;20,016;2,688;23,934;OK
3073400591-00-W17-L2- 26 06G017-0004142;545;06:05:38;33,0;OK;OK;OK;OK;0,000;24,058;5,092;2,649;3,273;4,961;1,710;4,952;8,957;8,986;14,949;14,979;19,922;19,962;8,457;8,663;19,842;5,103;2,649;3,262;4,961;1,710;5,063;8,957;8,991;14,955;14,979;19,922;19,956;8,463;8,657;19,973;2,700;23,935;OK
3073400591-00-W17-L2- 26 06G017-0001627;545;06:05:17;33,0;OK;OK;OK;OK;0,000;24,063;5,135;2,665;3,268;4,994;1,645;4,995;9,000;9,035;15,009;15,049;19,998;20,043;8,495;8,701;19,908;5,130;2,633;3,257;4,999;1,650;5,090;9,000;9,024;15,004;15,038;19,998;20,027;8,501;8,701;20,038;2,707;23,933;OK
3073400591-00-W17-L2- 26 06G017-0001641;545;06:05:58;33,0;OK;OK;OK;OK;0,000;24,058;5,092;2,682;3,289;4,961;1,677;4,957;8,951;8,991;14,938;14,973;19,927;19,967;8,452;8,657;19,842;5,103;2,665;3,300;4,961;1,683;5,052;8,951;8,981;14,938;14,962;19,922;19,951;8,452;8,657;19,978;2,654;23,934;OK
3073400591-00-W17-L2- 26 06G017-0001640;545;06:05:36;33,0;OK;OK;OK;OK;0,000;24,052;5,103;2,676;3,279;4,972;1,645;4,968;8,967;8,997;14,971;14,995;19,949;19,989;8,468;8,673;19,864;5,108;2,676;3,279;4,978;1,645;5,068;8,967;8,997;14,971;14,990;19,954;19,984;8,468;8,673;20,000;2,625;23,935;OK
3073400591-00-W17-L2- 26 06G017-0004152;545;06:05:14;33,0;OK;OK;OK;OK;0,000;24,052;5,108;2,654;3,257;4,972;1,656;4,968;8,957;8,986;14,928;14,968;19,905;19,946;8,457;8,657;19,821;5,108;2,644;3,273;4,972;1,656;5,068;8,957;8,986;14,933;14,962;19,900;19,940;8,457;8,657;19,946;2,635;23,935;OK
3073400591-00-W17-L2- 26 06G017-0001621;545;06:05:52;33,0;OK;OK;OK;OK;0,000;24,058;5,103;2,665;3,284;4,978;1,683;4,973;8,973;9,013;14,976;15,017;19,976;20,022;8,479;8,679;19,897;5,108;2,682;3,284;4,978;1,677;5,073;8,973;9,002;14,982;15,000;19,987;20,016;8,479;8,679;20,027;2,665;23,934;OK
3073400591-00-W17-L2- 26 06G017-0001626;545;06:05:31;33,0;OK;OK;OK;OK;0,000;24,058;5,141;2,660;3,262;5,010;1,688;5,006;8,995;9,035;14,976;15,011;19,954;20,000;8,495;8,701;19,870;5,141;2,654;3,262;5,005;1,683;5,106;8,995;9,029;14,982;15,006;19,954;19,989;8,495;8,695;20,000;2,638;23,935;OK
3073400591-00-W17-L2- 26 06G017-0001631;545;06:05:17;33,6;OK;OK;OK;OK;0,000;24,063;5,135;2,682;3,284;4,999;1,699;4,995;9,000;9,040;15,004;15,044;19,987;20,027;8,501;8,701;19,908;5,141;2,665;3,284;4,999;1,704;5,101;9,000;9,035;15,004;15,028;19,987;20,016;8,501;8,701;20,027;2,657;23,934;OK
3073400591-00-W17-L2- 26 06G017-0004144;545;06:05:55;33,0;OK;OK;OK;OK;0,000;24,063;5,130;2,682;3,279;4,999;1,694;4,990;9,000;9,024;15,004;15,028;19,998;20,043;8,501;8,695;19,913;5,130;2,660;3,268;4,999;1,694;5,035;9,000;8,953;15,004;14,957;19,998;19,967;8,501;8,701;20,038;2,662;23,934;OK
3073400591-00-W17-L2- 26 06G017-0004151;545;06:05:33;33,1;OK;OK;OK;OK;0,000;24,058;5,097;2,682;3,273;4,961;1,645;4,957;8,951;8,986;14,944;14,979;19,932;19,967;8,452;8,652;19,853;5,092;2,676;3,279;4,956;1,645;5,052;8,957;8,975;14,944;14,962;19,932;19,956;8,452;8,652;19,978;2,641;23,935;OK
3073400591-00-W17-L2- 26 06G017-0004703;545;06:05:14;33,0;OK;OK;OK;OK;0,000;24,058;5,108;2,687;3,300;4,967;1,699;4,973;8,951;8,997;14,938;14,984;19,922;19,973;8,452;8,657;19,848;5,103;2,665;3,273;4,967;1,694;5,068;8,957;8,986;14,938;14,973;19,927;19,967;8,457;8,657;19,973;2,633;23,935;OK
3073400591-00-W17-L2- 26 06G017-0004148;545;06:05:51;33,0;OK;OK;OK;OK;0,000;24,058;5,097;2,665;3,289;4,951;1,694;4,957;8,967;8,997;14,944;14,984;19,916;19,962;8,463;8,668;19,837;5,092;2,660;3,273;4,951;1,694;5,057;8,962;8,997;14,949;14,979;19,916;19,962;8,468;8,663;19,962;2,628;23,935;OK
3073400591-00-W17-L2- 26 06G017-0004704;545;06:05:30;33,0;OK;OK;OK;OK;0,000;24,058;5,119;2,654;3,257;4,972;1,672;4,979;8,973;9,013;14,976;15,011;19,954;20,005;8,473;8,673;19,875;5,119;2,682;3,268;4,972;1,683;5,068;8,978;8,997;14,976;14,995;19,960;19,984;8,479;8,673;20,000;2,652;23,934;OK
3073400591-00-W17-L2- 26 06G017-0004694;545;06:05:08;32,9;OK;OK;OK;OK;0,000;24,058;5,124;2,676;3,262;4,983;1,677;4,968;8,973;8,986;14,955;14,979;19,938;19,978;8,473;8,673;19,848;5,119;2,676;3,251;4,983;1,677;5,079;8,973;8,997;14,955;14,979;19,938;19,967;8,473;8,668;19,984;2,618;23,934;OK
3073400591-00-W17-L2- 26 06G017-0004693;545;06:05:31;16,7;OK;OK;OK;OK;0,000;24,058;5,092;2,676;3,262;4,956;1,645;4,925;8,962;8,964;14,944;14,952;19,916;19,946;8,468;8,657;19,826;0,027;-1,000;-1,000;-1,000;-1,000;-1,000;-1,000;-1,000;-1,000;-1,000;-1,000;-1,000;-1,000;-1,000;-1,000;-1,000;-1,000;NOK
3073400591-00-W17-L2- 26 06G017-0004693;545;06:05:13;33,0;OK;OK;OK;OK;0,000;24,058;5,092;2,692;3,295;4,956;1,650;4,952;8,967;9,002;14,949;14,990;19,922;19,967;8,468;8,668;19,842;5,092;2,676;3,284;4,956;1,650;5,063;8,967;9,008;14,944;14,990;19,922;19,962;8,468;8,668;19,973;2,622;23,935;OK
3073400591-00-W17-L2- 26 06G017-0004696;545;06:05:53;33,0;OK;OK;OK;OK;0,000;24,058;5,103;2,676;3,273;4,983;1,634;4,957;8,967;8,975;14,955;14,968;19,916;19,946;8,468;8,668;19,832;5,119;2,682;3,273;4,983;1,645;5,073;8,967;8,991;14,955;14,973;19,922;19,956;8,468;8,668;19,967;2,618;23,934;OK
3073400591-00-W17-L2- 26 06G017-0001625;545;06:05:32;33,1;OK;OK;OK;OK;0,000;24,058;5,119;2,676;3,262;4,983;1,721;4,979;8,973;9,013;14,971;15,000;19,949;19,994;8,468;8,673;19,870;5,113;2,644;3,257;4,983;1,715;5,073;8,973;9,002;14,966;14,990;19,949;19,978;8,473;8,673;19,984;2,651;23,932;OK
3073400591-00-W17-L2- 26 06G017-0004697;545;06:05:30;33,0;OK;OK;OK;OK;0,000;24,058;5,124;2,682;3,284;4,983;1,677;4,979;8,978;9,013;14,982;15,017;19,965;20,011;8,479;8,679;19,880;5,119;2,660;3,257;4,983;1,672;5,079;8,978;9,008;14,982;15,011;19,965;20,000;8,479;8,673;20,011;2,651;23,933;OK
3073400591-00-W17-L2- 26 06G017-0004700;545;06:05:08;32,9;OK;OK;OK;OK;0,000;24,052;5,119;2,676;3,268;4,994;1,694;4,990;8,978;9,013;14,960;14,995;19,927;19,973;8,479;8,679;19,848;5,130;2,633;3,241;4,989;1,683;5,079;8,978;8,997;14,960;14,979;19,927;19,956;8,484;8,673;19,973;2,664;23,934;OK
3073400591-00-W17-L2- 26 06G017-0001633;545;06:05:47;33,0;OK;OK;OK;OK;0,000;24,058;5,108;2,654;3,273;4,978;1,721;4,979;8,984;9,019;14,993;15,028;19,987;20,038;8,484;8,684;19,908;5,113;2,671;3,279;4,978;1,710;5,068;8,984;9,002;14,998;15,022;19,987;20,022;8,484;8,679;20,032;2,631;23,934;OK
3073400591-00-W17-L2- 26 06G017-0001623;545;06:05:26;33,0;OK;OK;OK;OK;0,001;24,063;5,124;2,633;3,246;4,999;1,661;4,990;8,984;9,013;14,966;15,000;19,938;19,984;8,484;8,679;19,864;5,108;2,671;3,251;4,994;1,666;5,090;8,978;9,013;14,971;14,995;19,938;19,973;8,484;8,690;19,984;2,610;23,936;OK
3073400591-00-W17-L2- 26 06G017-0004698;545;06:05:04;33,0;OK;OK;OK;OK;0,000;24,058;5,097;2,660;3,268;4,972;1,699;4,963;8,962;8,991;14,955;14,984;19,932;19,978;8,463;8,663;19,859;5,103;2,660;3,279;4,972;1,694;5,068;8,957;8,991;14,949;14,979;19,932;19,967;8,463;8,663;19,984;2,590;23,935;OK
3073400591-00-W17-L2- 26 06G017-0004150;545;06:05:43;33,0;OK;OK;OK;OK;0,000;24,058;5,151;2,676;3,268;5,016;1,683;5,011;9,005;9,046;14,998;15,038;19,976;20,032;8,501;8,706;19,897;5,146;2,682;3,268;5,010;1,683;5,111;9,005;9,040;14,993;15,033;19,970;20,022;8,506;8,706;20,022;2,674;23,931;OK
3073400591-00-W17-L2- 26 06G017-0004145;545;06:05:27;32,9;OK;OK;OK;OK;0,001;24,047;5,092;2,638;3,268;4,961;1,715;4,963;8,967;9,008;14,982;15,022;19,981;20,027;8,468;8,668;19,908;5,092;2,687;3,262;4,967;1,704;5,057;8,967;9,002;14,982;15,011;19,992;20,022;8,468;8,668;20,032;2,669;23,932;OK
3073400591-00-W17-L2- 26 06G017-0004702;545;06:05:07;33,6;OK;OK;OK;OK;0,000;24,058;5,135;2,649;3,251;5,010;1,650;5,011;9,000;9,040;14,998;15,044;19,992;20,043;8,501;8,701;19,913;5,146;2,654;3,268;5,010;1,645;5,111;8,995;9,040;14,998;15,038;19,987;20,032;8,501;8,701;20,032;2,658;23,932;OK
3073400591-00-W17-L2- 26 06G017-0004146;545;06:05:46;33,0;OK;OK;OK;OK;0,000;24,063;5,103;2,676;3,279;4,978;1,628;4,968;8,978;9,002;14,982;15,006;19,965;20,000;8,479;8,679;19,880;5,119;2,682;3,284;4,983;1,639;5,073;8,978;9,002;14,982;15,006;19,965;19,989;8,484;8,679;20,011;2,650;23,932;OK
3073400591-00-W17-L2- 26 06G017-0001644;545;06:05:26;33,0;OK;OK;OK;OK;0,000;24,058;5,113;2,654;3,284;4,983;1,656;4,941;8,978;8,970;14,976;14,979;19,960;19,984;8,468;8,679;19,859;5,113;2,682;3,251;4,978;1,650;5,079;8,973;9,008;14,971;15,006;19,965;20,005;8,479;8,673;20,005;2,657;23,932;OK
3073400591-00-W17-L2- 26 06G017-0001630;545;06:05:05;33,0;OK;OK;OK;OK;0,000;24,058;5,135;2,682;3,251;4,994;1,683;4,995;8,995;9,029;14,987;15,028;19,970;20,016;8,490;8,695;19,886;5,135;2,665;3,262;4,994;1,683;5,084;8,989;9,013;14,993;15,011;19,976;20,005;8,495;8,695;20,016;2,648;23,934;OK
3073400591-00-W17-L2- 26 06G017-0001639;545;06:05:47;33,0;OK;OK;OK;OK;0,000;24,058;5,103;2,644;3,257;4,972;1,704;4,973;8,978;9,008;14,976;15,017;19,976;20,022;8,473;8,679;19,902;5,108;2,649;3,262;4,978;1,699;5,073;8,973;9,008;14,982;15,006;19,981;20,022;8,479;8,679;20,027;2,661;23,933;OK
3073400591-00-W17-L2- 26 06G017-0004699;545;06:05:28;33,0;OK;OK;OK;OK;0,000;24,063;5,124;2,649;3,262;4,989;1,683;4,990;8,989;9,029;14,998;15,038;19,998;20,043;8,484;8,690;19,918;5,119;2,654;3,262;4,989;1,683;5,079;8,989;9,013;14,998;15,022;20,003;20,027;8,484;8,690;20,043;2,654;23,931;OK
3073400591-00-W17-L2- 26 06G017-0004701;545;06:05:06;32,9;OK;OK;OK;OK;0,000;24,058;5,124;2,649;3,257;4,994;1,656;4,990;8,989;9,024;14,982;15,022;19,960;20,000;8,484;8,684;19,875;5,124;2,654;3,273;4,994;1,661;5,090;8,989;9,019;14,982;15,011;19,954;19,994;8,484;8,690;20,011;2,652;23,932;OK
3073400591-00-W17-L2- 26 06G017-0004339;545;06:05:49;32,9;OK;OK;OK;OK;0,000;24,058;5,119;2,649;3,257;4,994;1,694;4,979;8,984;9,008;14,982;15,006;19,965;20,005;8,484;8,684;19,880;5,124;2,665;3,262;4,994;1,699;5,084;8,984;9,002;14,982;14,995;19,965;19,989;8,484;8,684;20,022;2,640;23,932;OK
3073400591-00-W17-L2- 26 06G017-0004316;545;06:05:27;32,9;OK;OK;OK;OK;0,000;24,052;5,119;2,665;3,257;4,994;1,699;4,984;8,989;9,013;14,987;15,022;19,976;20,016;8,490;8,690;19,891;5,130;2,676;3,273;4,989;1,694;5,063;8,989;8,981;14,987;14,979;19,976;19,989;8,490;8,684;20,027;2,648;23,932;OK
3073400591-00-W17-L2- 26 06G017-0004338;545;06:05:06;33,0;OK;OK;OK;OK;0,002;24,063;5,103;2,649;3,257;4,972;1,672;4,968;8,962;9,002;14,966;15,000;19,943;19,994;8,463;8,663;19,870;5,103;2,671;3,284;4,967;1,677;5,052;8,957;8,981;14,960;14,979;19,949;19,973;8,463;8,663;20,000;2,643;23,933;OK
3073400591-00-W17-L2- 26 06G017-0004335;545;07:05:18;33,0;OK;OK;OK;OK;0,000;24,052;5,119;2,649;3,251;4,972;1,704;4,968;8,967;9,002;14,976;15,011;19,970;20,011;8,473;8,679;19,880;5,113;2,649;3,268;4,972;1,699;5,068;8,967;9,002;14,982;15,006;19,970;20,000;8,473;8,673;20,016;2,682;23,932;OK
3073400591-00-W17-L2- 26 06G017-0004342;545;07:05:26;3,8;OK;OK;OK;OK;0,000;24,063;1,183;-1,000;-1,000;-1,000;-1,000;-1,000;-1,000;-1,000;-1,000;-1,000;-1,000;-1,000;-1,000;-1,000;-1,000;-1,000;-1,000;-1,000;-1,000;-1,000;-1,000;-1,000;-1,000;-1,000;-1,000;-1,000;-1,000;-1,000;-1,000;-1,000;-1,000;-1,000;NOK
3073400591-00-W17-L2- 26 06G017-0004342;545;07:05:39;3,8;OK;OK;OK;OK;0,000;24,058;1,183;-1,000;-1,000;-1,000;-1,000;-1,000;-1,000;-1,000;-1,000;-1,000;-1,000;-1,000;-1,000;-1,000;-1,000;-1,000;-1,000;-1,000;-1,000;-1,000;-1,000;-1,000;-1,000;-1,000;-1,000;-1,000;-1,000;-1,000;-1,000;-1,000;-1,000;-1,000;NOK
3073400591-00-W17-L2- 26 06G017-0004342;545;07:05:45;3,9;OK;OK;OK;OK;0,000;24,063;1,183;-1,000;-1,000;-1,000;-1,000;-1,000;-1,000;-1,000;-1,000;-1,000;-1,000;-1,000;-1,000;-1,000;-1,000;-1,000;-1,000;-1,000;-1,000;-1,000;-1,000;-1,000;-1,000;-1,000;-1,000;-1,000;-1,000;-1,000;-1,000;-1,000;-1,000;-1,000;NOK
3073400591-00-W17-L2- 26 06G017-0001634;545;07:05:27;33,0;OK;OK;OK;OK;0,000;24,047;5,113;2,644;3,257;4,967;1,694;4,859;8,962;8,856;14,971;14,854;19,960;19,870;8,468;8,668;19,745;5,103;2,649;3,268;4,967;1,688;5,063;8,967;8,997;14,966;15,000;19,960;19,994;8,463;8,668;20,005;2,681;24,077;OK
3073400591-00-W17-L2- 26 06G017-0004334;545;07:05:06;33,0;OK;OK;OK;OK;0,000;24,063;5,124;2,654;3,246;4,983;1,645;4,919;8,978;8,953;14,971;14,924;19,938;19,821;8,479;8,673;19,712;5,124;2,649;3,257;4,989;1,656;5,084;8,984;9,002;14,971;15,000;19,949;19,984;8,479;8,679;19,994;2,653;23,931;OK
3073400591-00-W17-L2- 26 06G017-0004341;545;07:05:43;33,0;OK;OK;OK;OK;0,000;24,052;5,081;2,649;3,251;4,951;1,683;4,952;8,967;8,997;14,966;15,000;19,949;19,989;8,463;8,668;19,859;5,086;2,676;3,257;4,956;1,677;5,041;8,973;8,986;14,971;14,979;19,949;19,967;8,468;8,668;19,994;2,649;23,931;OK
3073400591-00-W17-L2- 26 06G017-0004333;545;07:05:24;33,0;OK;OK;OK;OK;0,000;24,052;5,119;2,649;3,251;4,972;1,639;4,979;8,957;8,997;14,933;14,968;19,900;19,956;8,457;8,657;19,826;5,113;2,649;3,268;4,978;1,623;5,079;8,957;8,991;14,928;14,957;19,900;19,940;8,457;8,657;19,946;2,643;23,932;OK
3073400591-00-W17-L2- 26 06G017-0004313;545;07:05:02;32,9;OK;OK;OK;OK;0,000;24,063;5,119;2,665;3,257;4,978;1,650;4,979;8,978;9,013;14,971;15,000;19,949;19,994;8,473;8,673;19,870;5,113;2,649;3,268;4,983;1,650;5,073;8,973;9,002;14,960;14,995;19,949;19,978;8,468;8,673;20,000;2,634;23,932;OK
3073400591-00-W17-L2- 26 06G017-0004310;545;07:05:40;32,9;OK;OK;OK;OK;0,000;24,058;5,124;2,676;3,306;4,989;1,639;4,995;8,995;9,035;15,004;15,055;20,003;20,054;8,495;8,695;19,924;5,124;2,676;3,289;4,994;1,650;5,084;8,995;9,019;15,009;15,028;20,008;20,038;8,490;8,695;20,049;2,653;23,931;OK
3073400591-00-W17-L2- 26 06G017-0004343;545;07:05:19;33,0;OK;OK;OK;OK;0,000;24,052;5,108;2,649;3,251;4,978;1,661;4,968;8,962;8,991;14,955;14,984;19,922;19,962;8,468;8,663;19,842;5,108;2,671;3,279;4,972;1,661;5,068;8,962;8,986;14,955;14,979;19,922;19,962;8,468;8,663;19,973;2,621;23,933;OK
3073400591-00-W17-L2- 26 06G017-0004318;545;07:05:58;32,9;OK;OK;OK;OK;0,000;24,058;5,130;2,654;3,273;4,999;1,710;5,006;8,973;9,019;14,949;14,990;19,922;19,973;8,479;8,679;19,842;5,135;2,682;3,251;4,994;1,715;5,090;8,978;8,997;14,944;14,979;19,922;19,951;8,479;8,679;19,967;2,621;23,934;OK
3073400591-00-W17-L2- 26 06G017-0004344;545;07:05:38;32,9;OK;OK;OK;OK;0,000;24,058;5,113;2,676;3,279;4,978;1,645;4,990;8,978;9,024;14,993;15,033;19,987;20,032;8,479;8,684;19,908;5,113;2,654;3,257;4,978;1,650;5,079;8,978;9,013;14,993;15,022;19,987;20,022;8,490;8,684;20,038;2,641;23,932;OK
3073400591-00-W17-L2- 26 06G017-0004735;545;07:05:18;32,9;OK;OK;OK;OK;0,000;24,058;5,108;2,665;3,257;4,978;1,699;4,968;8,973;9,002;14,976;15,006;19,965;20,011;8,473;8,673;19,886;5,108;2,649;3,257;4,972;1,699;5,068;8,978;8,997;14,976;15,000;19,965;19,994;8,473;8,679;20,022;2,632;23,933;OK
3073400591-00-W17-L2- 26 06G017-0004337;545;07:05:59;32,9;OK;OK;OK;OK;0,000;24,052;5,092;2,671;3,289;4,978;1,666;4,957;8,962;8,981;14,966;14,984;19,954;19,989;8,468;8,668;19,870;5,108;2,676;3,284;4,972;1,661;5,068;8,967;8,997;14,966;14,990;19,954;19,989;8,473;8,668;20,005;2,627;23,933;OK
3073400591-00-W17-L2- 26 06G017-0004312;545;07:05:40;33,4;OK;OK;OK;OK;0,000;24,052;5,092;2,687;3,279;4,961;1,699;4,952;8,962;8,986;14,971;14,990;19,960;19,989;8,463;8,663;19,875;5,097;2,692;3,295;4,967;1,694;5,052;8,962;8,986;14,971;14,990;19,960;19,994;8,463;8,668;20,005;2,627;23,933;OK
3073400591-00-W17-L2- 26 06G017-0004320;545;07:05:18;32,9;OK;OK;OK;OK;0,000;24,069;5,141;2,654;3,262;5,010;1,672;5,001;8,989;9,024;14,976;15,017;19,954;19,989;8,490;8,695;19,870;5,141;2,660;3,268;5,010;1,666;5,101;8,995;9,024;14,971;15,011;19,954;19,984;8,495;8,695;19,989;2,621;23,932;OK
3073400591-00-W17-L2- 26 06G017-0004336;545;07:05:57;32,9;OK;OK;OK;OK;0,000;24,063;5,081;2,676;3,284;4,956;1,710;4,957;8,935;8,981;14,928;14,962;19,911;19,956;8,435;8,641;19,837;5,092;2,676;3,257;4,956;1,721;5,052;8,940;8,970;14,922;14,957;19,911;19,951;8,441;8,641;19,956;2,620;23,933;OK
3073400591-00-W17-L2- 26 06G017-0004738;545;07:05:35;32,9;OK;OK;OK;OK;0,000;24,058;5,146;2,649;3,257;5,010;1,699;5,006;9,000;9,040;14,998;15,033;19,981;20,022;8,501;8,706;19,897;5,146;2,644;3,268;5,005;1,699;5,095;9,005;9,029;14,993;15,017;19,981;20,005;8,501;8,701;20,027;2,624;23,932;OK
3073400591-00-W17-L2- 26 06G017-0004340;545;07:05:12;33,0;OK;OK;OK;OK;0,000;24,052;5,124;2,665;3,262;4,983;1,704;4,973;8,967;9,008;14,955;14,995;19,938;19,978;8,473;8,668;19,859;5,119;2,654;3,262;4,983;1,699;5,079;8,973;8,997;14,955;14,990;19,932;19,967;8,473;8,668;19,984;2,626;23,933;OK
3073400591-00-W17-L2- 26 06G017-0004309;545;07:05:31;13,9;OK;OK;OK;OK;0,000;24,058;5,146;2,676;3,273;4,999;1,704;4,984;9,000;9,024;14,998;15,028;19,987;20,022;4,999;-1,000;-1,000;-1,000;-1,000;-1,000;-1,000;-1,000;-1,000;-1,000;-1,000;-1,000;-1,000;-1,000;-1,000;-1,000;-1,000;-1,000;-1,000;-1,000;NOK
3073400591-00-W17-L2- 26 06G017-0004309;545;07:05:58;13,9;OK;OK;OK;OK;0,000;24,058;5,124;2,649;3,279;5,151;1,704;5,201;9,000;9,019;14,998;15,022;19,987;20,016;4,999;-1,000;-1,000;-1,000;-1,000;-1,000;-1,000;-1,000;-1,000;-1,000;-1,000;-1,000;-1,000;-1,000;-1,000;-1,000;-1,000;-1,000;-1,000;-1,000;NOK
3073400591-00-W17-L2- 26 06G017-0004309;545;07:05:25;13,9;OK;OK;OK;OK;0,000;24,058;5,146;2,676;3,279;4,999;1,699;5,011;9,000;9,046;15,004;15,044;19,987;20,038;4,999;-1,000;-1,000;-1,000;-1,000;-1,000;-1,000;-1,000;-1,000;-1,000;-1,000;-1,000;-1,000;-1,000;-1,000;-1,000;-1,000;-1,000;-1,000;-1,000;NOK
3073400591-00-W17-L2- 26 06G017-0004314;545;07:05:11;33,0;OK;OK;OK;OK;0,000;24,058;5,108;2,660;3,284;4,978;1,656;4,973;8,962;8,997;14,955;14,984;19,938;19,984;8,468;8,663;19,859;5,108;2,682;3,251;4,978;1,661;5,068;8,967;8,986;14,955;14,979;19,943;19,973;8,468;8,668;19,984;2,629;23,932;OK
3073400591-00-W17-L2- 26 06G017-0004311;545;07:05:49;33,0;OK;OK;OK;OK;0,000;24,063;5,124;2,682;3,279;4,994;1,710;5,001;8,984;9,029;14,987;15,022;19,965;20,022;8,484;8,684;19,897;5,124;2,660;3,273;4,994;1,721;5,084;8,989;9,008;14,982;15,006;19,970;20,005;8,484;8,684;20,011;2,622;23,932;OK
3073400591-00-W17-L2- 26 06G017-0004695;545;07:05:27;33,0;OK;OK;OK;OK;0,000;24,058;5,113;2,682;3,284;4,983;1,683;4,990;8,973;9,019;14,966;15,006;19,954;20,000;8,473;8,673;19,875;5,113;2,654;3,257;4,978;1,683;5,079;8,973;8,997;14,966;14,990;19,943;19,984;8,473;8,673;20,000;2,622;23,933;OK
3073400591-00-W17-L2- 26 06G017-0003543;545;07:05:06;33,3;OK;OK;OK;OK;0,000;24,063;5,108;2,649;3,262;4,972;1,688;4,973;8,967;9,008;14,971;15,006;19,954;20,000;8,473;8,668;19,875;5,103;2,676;3,279;4,972;1,694;5,063;8,973;8,986;14,971;14,990;19,949;19,984;8,468;8,673;20,005;2,619;23,932;OK
3073400591-00-W17-L2- 26 06G017-0004546;545;07:05:45;33,4;OK;OK;OK;OK;0,000;24,058;5,124;2,682;3,273;4,989;1,710;4,984;8,978;9,008;14,971;14,995;19,949;19,989;8,479;8,684;19,870;5,124;2,671;3,279;4,989;1,710;5,073;8,984;8,997;14,971;14,984;19,954;19,978;8,484;8,684;20,000;2,611;23,933;OK
3073400591-00-W17-L2- 26 06G017-0004547;545;07:05:25;33,1;OK;OK;OK;OK;0,000;24,047;5,130;2,676;3,273;4,983;1,661;4,995;8,973;9,019;14,955;14,990;19,922;19,973;8,479;8,673;19,853;5,124;2,644;3,246;4,983;1,661;5,079;8,978;9,002;14,955;14,973;19,922;19,956;8,479;8,679;19,973;2,598;23,931;OK
3073400591-00-W17-L2- 26 06G017-0004538;545;07:05:04;33,0;OK;OK;OK;OK;0,000;24,058;5,135;2,676;3,279;4,999;1,699;5,011;8,995;9,035;14,998;15,038;19,976;20,022;8,495;8,695;19,897;5,141;2,671;3,257;4,999;1,694;5,095;9,000;9,029;14,998;15,022;19,976;20,005;8,501;8,701;20,022;2,667;23,970;OK
3073400591-00-W17-L2- 26 06G017-0003547;545;07:05:13;33,0;OK;OK;OK;OK;0,000;24,058;5,130;2,682;3,289;4,994;1,639;4,995;8,984;9,019;14,993;15,022;19,987;20,027;8,490;8,690;19,902;5,130;2,687;3,295;4,989;1,639;5,090;8,989;9,013;14,993;15,022;19,976;20,022;8,490;8,690;20,032;2,667;24,077;OK
3073400591-00-W17-L2- 26 06G017-0004143;545;07:05:59;33,0;OK;OK;OK;OK;0,000;24,058;5,086;2,638;3,257;4,951;1,699;4,968;8,946;8,997;14,955;15,000;19,938;20,000;8,446;8,652;19,870;5,086;2,676;3,246;4,951;1,699;5,057;8,951;8,986;14,949;14,990;19,938;19,978;8,446;8,646;19,984;2,656;23,932;OK
3073400591-00-W17-L2- 26 06G017-0004147;545;07:05:41;33,0;OK;OK;OK;OK;0,000;24,052;5,119;2,665;3,246;4,978;1,704;4,979;8,973;8,997;14,955;14,979;19,932;19,967;8,473;8,668;19,842;5,113;2,649;3,273;4,978;1,694;5,073;8,973;8,997;14,955;14,984;19,927;19,967;8,468;8,673;19,984;2,656;23,932;OK
3073400591-00-W17-L2- 26 06G017-0001629;545;07:05:22;33,0;OK;OK;OK;OK;0,000;24,058;5,135;2,654;3,257;5,005;1,650;5,006;8,995;9,035;14,982;15,022;19,965;20,000;8,501;8,695;19,880;5,135;2,682;3,279;5,010;1,639;5,095;8,995;9,013;14,987;15,006;19,965;19,984;8,501;8,695;20,005;2,670;23,931;OK
3073400591-00-W17-L2- 26 06G017-0004541;545;07:05:01;33,0;OK;OK;OK;OK;0,000;24,052;5,097;2,654;3,268;4,967;1,677;4,957;8,962;8,997;14,960;14,990;19,938;19,973;8,463;8,663;19,848;5,103;2,682;3,284;4,967;1,677;5,063;8,962;8,991;14,955;14,984;19,932;19,967;8,463;8,663;19,978;2,670;23,930;OK
3073400591-00-W17-L2- 26 06G017-0001643;545;07:05:40;33,0;OK;OK;OK;OK;0,000;24,052;5,135;2,644;3,273;5,010;1,645;5,017;8,989;9,035;14,966;15,011;19,949;20,000;8,495;8,690;19,870;5,146;2,649;3,262;5,010;1,656;5,101;8,989;9,013;14,966;14,995;19,943;19,984;8,495;8,695;19,989;2,666;23,931;OK
3073400591-00-W17-L2- 26 06G017-0004539;545;07:05:19;33,0;OK;OK;OK;OK;0,000;24,047;5,108;2,638;3,251;4,961;1,704;4,973;8,978;9,029;14,976;15,022;19,970;20,016;8,484;8,679;19,891;5,097;2,671;3,273;4,961;1,699;5,052;8,984;9,002;14,976;15,000;19,970;19,994;8,484;8,679;20,011;2,674;24,077;OK
3073400591-00-W17-L2- 26 06G017-0003550;545;07:05:58;32,9;OK;OK;OK;OK;0,000;24,052;5,130;2,687;3,284;4,999;1,677;5,006;8,995;9,035;14,987;15,033;19,976;20,027;8,490;8,695;19,902;5,135;2,687;3,284;4,999;1,672;5,084;8,995;9,008;14,987;15,000;19,976;20,005;8,495;8,695;20,027;2,668;23,931;OK
3073400591-00-W17-L2- 26 06G017-0004548;545;07:05:24;13,9;OK;OK;OK;OK;0,000;24,052;5,119;2,654;3,257;4,999;1,694;5,044;8,989;9,029;14,987;15,022;19,960;20,005;4,994;-1,000;-1,000;-1,000;-1,000;-1,000;-1,000;-1,000;-1,000;-1,000;-1,000;-1,000;-1,000;-1,000;-1,000;-1,000;-1,000;-1,000;-1,000;-1,000;NOK
3073400591-00-W17-L2- 26 06G017-0004548;545;07:05:18;33,0;OK;OK;OK;OK;0,000;24,052;5,124;2,660;3,289;4,994;1,699;5,001;8,989;9,035;14,982;15,028;19,965;20,011;8,490;8,690;19,886;5,135;2,654;3,262;4,994;1,699;5,095;8,995;9,029;14,987;15,011;19,960;20,000;8,490;8,690;20,005;2,670;23,931;OK
3073400591-00-W17-L2- 26 06G017-0003551;545;07:05:57;32,9;OK;OK;OK;OK;0,000;24,052;5,119;2,638;3,246;4,999;1,677;5,006;8,989;9,029;14,982;15,017;19,949;19,994;8,495;8,695;19,870;5,135;2,665;3,273;4,999;1,672;5,090;8,995;9,013;14,976;14,995;19,949;19,978;8,495;8,701;19,994;2,673;23,932;OK
3073400591-00-W17-L2- 26 06G017-0003544;545;07:05:37;33,0;OK;OK;OK;OK;0,000;24,052;5,119;2,671;3,284;4,983;1,666;4,979;8,973;9,002;14,966;14,995;19,938;19,978;8,479;8,673;19,859;5,124;2,654;3,268;4,989;1,672;5,079;8,973;8,997;14,960;14,979;19,932;19,962;8,479;8,679;19,978;2,656;23,931;OK
3073400591-00-W17-L2- 26 06G017-0003548;545;07:05:16;33,0;OK;OK;OK;OK;0,000;24,047;5,124;2,671;3,251;4,994;1,677;4,990;9,000;9,029;15,014;15,049;20,003;20,049;8,495;8,701;19,929;5,130;2,638;3,268;4,989;1,688;5,084;9,000;9,029;15,014;15,038;20,003;20,038;8,501;8,701;20,049;2,670;23,930;OK
3073400591-00-W17-L2- 26 06G017-0004542;545;07:05:56;32,9;OK;OK;OK;OK;0,000;24,058;5,103;2,682;3,268;4,972;1,666;4,979;8,967;9,002;14,960;14,995;19,943;19,984;8,468;8,668;19,864;5,108;2,676;3,273;4,972;1,661;5,068;8,967;8,991;14,955;14,979;19,943;19,973;8,468;8,668;19,989;2,645;23,932;OK
3073400591-00-W17-L2- 26 06G017-0004550;545;07:05:20;17,7;OK;OK;OK;OK;0,000;24,058;5,113;2,649;3,251;4,983;1,683;4,984;8,978;9,008;14,971;15,006;19,960;20,005;8,479;8,679;19,886;5,119;2,649;-4,543;-1,000;-1,000;-1,000;-1,000;-1,000;-1,000;-1,000;-1,000;-1,000;-1,000;-1,000;-1,000;-1,000;-1,000;NOK
3073400591-00-W17-L2- 26 06G017-0004550;545;07:05:07;33,1;OK;OK;OK;OK;0,000;24,058;5,108;2,649;3,279;4,989;1,683;4,984;8,978;9,008;14,976;15,000;19,960;20,000;8,484;8,679;19,875;5,119;2,649;3,251;4,983;1,677;5,073;8,973;9,002;14,971;14,995;19,960;19,984;8,479;8,684;20,011;2,650;23,932;OK
3073400591-00-W17-L2- 26 06G017-0004540;545;07:05:46;32,9;OK;OK;OK;OK;0,000;24,052;5,124;2,649;3,251;4,989;1,688;4,946;8,984;8,981;14,993;14,995;19,981;20,011;8,490;8,684;19,886;5,124;2,660;3,289;4,994;1,694;5,084;8,989;9,008;14,993;15,011;19,987;20,016;8,490;8,684;20,027;2,656;23,932;OK
3073400591-00-W17-L2- 26 06G017-0004551;545;07:05:25;32,9;OK;OK;OK;OK;0,000;24,058;5,119;2,682;3,284;4,978;1,661;4,979;8,973;9,002;14,960;14,995;19,938;19,978;8,473;8,673;19,853;5,113;2,671;3,279;4,978;1,656;5,057;8,967;8,981;14,966;14,973;19,938;19,956;8,468;8,673;19,978;2,639;23,932;OK
3073400591-00-W17-L2- 26 06G017-0004537;545;07:05:48;16,9;OK;OK;OK;OK;0,000;24,058;5,103;2,665;3,289;4,972;1,672;4,979;8,978;9,029;14,976;15,022;19,970;20,016;8,479;8,684;19,891;0,033;-1,000;-1,000;-1,000;-1,000;-1,000;-1,000;-1,000;-1,000;-1,000;-1,000;-1,000;-1,000;-1,000;-1,000;-1,000;-1,000;NOK
3073400591-00-W17-L2- 26 06G017-0003542;545;07:05:28;33,0;OK;OK;OK;OK;0,000;24,063;5,146;2,638;3,257;5,005;1,634;5,006;9,000;9,035;14,993;15,033;19,970;20,016;8,506;8,701;19,886;5,135;2,654;3,268;5,010;1,639;5,084;9,005;9,013;14,993;15,011;19,970;19,989;8,501;8,706;20,011;2,684;23,931;OK
3073400591-00-W17-L2- 26 06G017-0003552;545;07:05:07;33,3;OK;OK;OK;OK;0,000;24,058;5,141;2,660;3,262;5,005;1,710;4,990;9,000;9,024;14,987;15,011;19,965;20,000;8,501;8,701;19,875;5,141;2,644;3,279;5,005;1,704;5,090;8,995;9,013;14,993;15,000;19,965;19,989;8,501;8,701;20,011;2,653;23,932;OK
3073400591-00-W17-L2- 26 06G017-0004545;545;07:05:46;33,0;OK;OK;OK;OK;0,001;24,063;5,092;2,660;3,262;4,961;1,672;4,968;8,951;8,997;14,938;14,979;19,905;19,956;8,457;8,652;19,832;5,097;2,671;3,262;4,961;1,672;5,046;8,951;8,964;14,933;14,957;19,911;19,929;8,452;8,657;19,951;2,635;23,933;OK
3073400591-00-W17-L2- 26 06G017-0004543;545;07:05:24;33,0;OK;OK;OK;OK;0,000;24,063;5,151;2,687;3,273;5,016;1,672;5,001;9,016;9,035;15,031;15,044;20,025;20,049;8,522;8,722;19,940;5,151;2,660;3,262;5,016;1,666;5,095;9,022;9,024;15,031;15,033;20,019;20,043;8,522;8,722;20,065;2,692;23,931;OK
3073400591-00-W17-L2- 26 06G017-0004558;545;07:05:03;32,9;OK;OK;OK;OK;0,000;24,058;5,103;2,638;3,257;4,972;1,645;4,968;8,967;9,008;14,966;15,000;19,954;20,000;8,468;8,668;19,870;5,108;2,654;3,246;4,972;1,634;5,057;8,967;8,991;14,966;14,984;19,960;19,978;8,473;8,673;20,000;2,650;23,932;OK
3073400591-00-W17-L2- 26 06G017-0004544;545;07:05:42;32,9;OK;OK;OK;OK;0,000;24,058;5,119;2,687;3,279;4,983;1,721;4,984;8,984;9,019;14,987;15,022;19,970;20,016;8,484;8,684;19,891;5,119;2,649;3,262;4,983;1,715;5,073;8,984;9,002;14,987;15,011;19,965;20,000;8,484;8,690;20,022;2,645;23,931;OK
3073400591-00-W17-L2- 26 06G017-0004556;545;07:05:21;33,0;OK;OK;OK;OK;0,000;24,058;5,135;2,676;3,273;4,994;1,715;4,990;8,984;9,019;14,966;14,995;19,927;19,973;8,484;8,690;19,853;5,130;2,676;3,257;4,994;1,704;5,084;8,978;9,008;14,960;14,984;19,932;19,956;8,484;8,684;19,978;2,622;23,932;OK
3073400591-00-W17-L2- 26 06G017-0004560;545;07:05:00;33,0;OK;OK;OK;OK;0,002;24,047;5,151;2,687;3,289;5,005;1,666;5,001;8,995;9,024;14,976;15,017;19,954;20,000;8,490;8,695;19,875;5,141;2,671;3,295;5,005;1,661;5,090;8,989;9,008;14,976;14,995;19,949;19,978;8,495;8,690;19,994;2,642;23,931;OK
3073400591-00-W17-L2- 26 06G017-0004549;545;07:05:40;32,9;OK;OK;OK;OK;0,000;24,058;5,157;2,660;3,284;5,016;1,677;5,006;9,000;9,040;14,993;15,028;19,965;20,005;8,511;8,706;19,875;5,151;2,676;3,273;5,010;1,677;5,068;9,000;8,981;14,987;14,962;19,960;19,951;8,506;8,706;20,005;2,595;23,935;OK
3073400591-00-W17-L2- 26 06G017-0003545;545;07:05:20;32,9;OK;OK;OK;OK;0,000;24,058;5,124;2,682;3,279;4,989;1,645;5,001;9,000;9,040;15,004;15,055;19,998;20,049;8,495;8,695;19,918;5,130;2,665;3,257;4,994;1,650;5,084;9,000;9,024;15,009;15,028;20,003;20,038;8,495;8,695;20,043;2,682;23,931;OK
3073400591-00-W17-L2- 26 06G017-0004554;545;07:05:58;33,0;OK;OK;OK;OK;0,001;24,047;5,113;2,644;3,257;4,972;1,661;4,968;8,962;9,002;14,955;14,995;19,938;19,978;8,468;8,668;19,859;5,108;2,671;3,257;4,972;1,661;5,063;8,962;8,991;14,955;14,968;19,932;19,962;8,463;8,668;19,984;2,624;23,932;OK
3073400591-00-W17-L2- 26 06G017-0004555;545;07:05:36;33,4;OK;OK;OK;OK;0,000;24,047;5,092;2,665;3,273;4,945;1,710;4,930;8,962;8,981;14,971;14,984;19,960;19,989;8,468;8,668;19,870;5,081;2,665;3,251;4,951;1,710;5,035;8,967;8,991;14,971;14,990;19,960;19,994;8,473;8,673;20,011;2,637;23,931;OK
3073400591-00-W17-L2- 26 06G017-0004557;545;07:05:17;32,9;OK;OK;OK;OK;0,000;24,063;5,108;2,654;3,257;4,972;1,699;4,979;8,962;9,002;14,949;14,990;19,938;19,978;8,463;8,668;19,859;5,103;2,687;3,257;4,972;1,704;5,052;8,962;8,975;14,949;14,962;19,932;19,951;8,463;8,663;19,978;2,618;23,932;OK
3073400591-00-W17-L2- 26 06G017-0003176;545;08:05:48;33,0;OK;OK;OK;OK;0,000;24,047;5,124;2,654;3,268;4,994;1,688;4,995;8,984;9,019;14,976;15,011;19,954;19,994;8,484;8,684;19,875;5,130;2,671;3,284;4,994;1,683;5,079;8,984;9,008;14,976;14,995;19,949;19,984;8,484;8,690;20,000;2,641;23,931;OK
3073400591-00-W17-L2- 26 06G017-0003179;545;08:05:37;34,2;OK;OK;OK;OK;0,000;24,063;5,108;2,644;3,268;4,983;1,699;4,990;8,973;9,019;14,971;15,017;19,954;20,005;8,479;8,673;19,880;5,108;2,644;3,268;4,989;1,688;4,949;8,978;8,845;14,966;14,821;19,949;19,837;8,479;8,673;20,011;2,560;23,936;OK
3073400591-00-W17-L2- 26 06G017-0003541;545;08:05:16;33,0;OK;OK;OK;OK;0,000;24,058;5,113;2,671;3,251;4,994;1,704;5,001;8,984;9,029;14,966;15,011;19,949;20,000;8,484;8,684;19,875;5,119;2,660;3,268;4,994;1,704;5,079;8,984;9,002;14,966;14,984;19,943;19,973;8,484;8,684;19,989;2,621;23,932;OK
3073400591-00-W17-L2- 26 06G017-0004553;545;08:05:59;33,0;OK;OK;OK;OK;0,000;24,058;5,103;2,660;3,262;4,972;1,661;4,979;8,973;9,013;14,982;15,022;19,960;20,016;8,473;8,673;19,886;5,103;2,676;3,262;4,978;1,650;5,057;8,978;8,997;14,982;14,995;19,960;19,989;8,473;8,673;20,011;2,627;23,932;OK
3073400591-00-W17-L2- 26 06G017-0004559;545;08:05:41;33,4;OK;OK;OK;OK;0,000;24,058;5,135;2,660;3,257;4,999;1,656;4,979;8,995;9,008;14,998;15,006;19,976;20,000;8,495;8,695;19,897;5,135;2,649;3,257;4,999;1,650;5,090;9,000;9,013;14,993;15,011;19,976;20,011;8,501;8,701;20,027;2,627;23,932;OK
3073400591-00-W17-L2- 26 06G017-0003170;545;08:05:20;33,0;OK;OK;OK;OK;0,000;24,058;5,157;2,654;3,273;5,010;1,666;5,022;8,995;9,040;14,982;15,022;19,965;20,011;8,484;8,690;19,891;5,151;2,682;3,273;5,010;1,672;5,095;8,989;9,002;14,976;15,000;19,960;19,989;8,490;8,690;20,011;2,604;23,932;OK
3073400591-00-W17-L2- 26 06G017-0003177;545;08:05:59;33,0;OK;OK;OK;OK;0,002;24,063;5,146;2,654;3,284;5,021;1,699;5,028;9,000;9,051;15,004;15,049;19,992;20,049;8,501;8,695;19,924;5,151;2,660;3,284;5,016;1,699;5,090;9,000;9,008;14,998;15,006;19,992;20,022;8,495;8,701;20,038;2,623;23,932;OK
3073400591-00-W17-L2- 26 06G017-0004552;545;08:05:08;3,8;OK;OK;OK;OK;0,000;24,047;1,140;-1,000;-1,000;-1,000;-1,000;-1,000;-1,000;-1,000;-1,000;-1,000;-1,000;-1,000;-1,000;-1,000;-1,000;-1,000;-1,000;-1,000;-1,000;-1,000;-1,000;-1,000;-1,000;-1,000;-1,000;-1,000;-1,000;-1,000;-1,000;-1,000;-1,000;-1,000;NOK
3073400591-00-W17-L2- 26 06G017-0004552;545;08:05:44;33,1;OK;OK;OK;OK;0,000;24,058;5,092;2,638;3,246;4,961;1,699;4,963;8,946;8,986;14,933;14,973;19,916;19,967;8,452;8,652;19,842;5,092;2,671;3,262;4,956;1,694;5,052;8,951;8,981;14,938;14,962;19,916;19,956;8,457;8,646;19,973;2,603;23,933;OK
3073400591-00-W17-L2- 26 06G017-0004757;545;08:05:22;33,0;OK;OK;OK;OK;0,000;24,063;5,130;2,665;3,284;4,994;1,710;5,001;8,978;9,024;14,949;14,995;19,927;19,978;8,479;8,679;19,853;5,130;2,676;3,257;4,999;1,715;5,025;8,978;8,926;14,955;14,903;19,932;19,875;8,479;8,684;19,973;2,607;23,933;OK
3073400591-00-W17-L2- 26 06G017-0003546;545;08:05:00;33,0;OK;OK;OK;OK;0,000;24,058;5,135;2,687;3,279;4,994;1,656;4,995;8,995;9,040;14,993;15,044;19,987;20,032;8,495;8,695;19,913;5,124;2,687;3,284;4,994;1,650;5,068;8,995;9,002;15,004;15,011;19,976;20,005;8,495;8,701;20,032;2,613;23,932;OK
3073400591-00-W17-L2- 26 06G017-0004753;545;08:05:39;33,1;OK;OK;OK;OK;0,000;24,058;5,119;2,676;3,289;4,994;1,694;5,001;8,995;9,040;14,993;15,044;19,987;20,038;8,495;8,695;19,908;5,124;2,709;3,279;4,989;1,694;5,084;8,995;9,013;14,993;15,022;19,981;20,011;8,495;8,695;20,027;2,634;23,932;OK
3073400591-00-W17-L2- 26 06G017-0003171;545;08:05:18;32,9;OK;OK;OK;OK;0,000;24,063;5,130;2,665;3,279;5,005;1,650;5,011;8,995;9,035;14,987;15,022;19,970;20,016;8,501;8,701;19,891;5,135;2,692;3,300;5,010;1,650;5,068;8,995;8,986;14,987;14,984;19,965;19,973;8,501;8,701;20,011;2,610;23,933;OK
3073400591-00-W17-L2- 26 06G017-0003172;545;08:05:14;33,0;OK;OK;OK;OK;0,002;24,047;5,103;2,633;3,251;4,983;1,704;4,973;8,984;9,013;14,987;15,017;19,981;20,027;8,484;8,684;19,897;5,113;2,665;3,268;4,978;1,699;5,068;8,984;8,991;14,987;14,995;19,976;20,005;8,484;8,679;20,016;2,606;23,934;OK
3073400591-00-W17-L2- 26 06G017-0003174;545;08:05:54;32,9;OK;OK;OK;OK;0,000;24,063;5,141;2,665;3,279;5,005;1,710;5,006;9,005;9,040;15,004;15,044;19,992;20,038;8,506;8,706;19,913;5,141;2,660;3,257;5,005;1,710;5,090;9,011;9,024;15,009;15,022;19,987;20,022;8,506;8,701;20,043;2,649;23,931;OK
3073400591-00-W17-L2- 26 06G017-0004758;545;08:05:33;32,9;OK;OK;OK;OK;0,000;24,058;5,097;2,665;3,268;4,978;1,672;4,984;8,978;9,024;14,982;15,028;19,976;20,027;8,473;8,679;19,902;5,108;2,644;3,273;4,978;1,672;5,068;8,973;9,002;14,976;15,006;19,976;20,011;8,479;8,673;20,022;2,626;23,931;OK
3073400591-00-W17-L2- 26 06G017-0003175;545;08:05:11;32,9;OK;OK;OK;OK;0,003;24,058;5,113;2,665;3,273;4,989;1,699;4,990;8,967;9,002;14,938;14,979;19,922;19,967;8,473;8,668;19,842;5,119;2,671;3,262;4,989;1,704;5,073;8,967;8,986;14,944;14,962;19,922;19,946;8,468;8,668;19,967;2,614;23,932;OK
3073400591-00-W17-L2- 26 06G017-0004756;545;08:05:51;33,0;OK;OK;OK;OK;0,000;24,063;5,113;2,649;3,257;4,989;1,645;4,973;8,984;8,997;14,976;14,990;19,954;19,978;8,484;8,684;19,864;5,124;2,660;3,284;4,994;1,645;5,068;8,984;8,986;14,982;14,973;19,954;19,967;8,484;8,684;20,000;2,618;23,933;OK
3073400591-00-W17-L2- 26 06G017-0004764;545;08:05:34;32,9;OK;OK;OK;OK;0,000;24,052;5,086;2,654;3,262;4,961;1,666;4,952;8,957;8,991;14,955;14,984;19,932;19,978;8,457;8,657;19,853;5,092;2,676;3,289;4,961;1,672;5,052;8,957;8,975;14,949;14,973;19,932;19,956;8,457;8,657;19,984;2,609;23,932;OK
3073400591-00-W17-L2- 26 06G017-0003169;545;08:05:12;33,0;OK;OK;OK;OK;0,000;24,058;5,135;2,654;3,268;5,010;1,666;5,006;9,011;9,035;15,009;15,044;20,008;20,038;8,506;8,706;19,913;5,146;2,644;3,262;5,010;1,661;5,090;9,011;9,024;15,014;15,038;19,998;20,027;8,506;8,711;20,049;2,626;23,932;OK
3073400591-00-W17-L2- 26 06G017-0004729;545;08:05:50;33,0;OK;OK;OK;OK;0,000;24,063;5,070;2,654;3,262;4,951;1,639;4,859;8,973;8,932;14,982;14,957;19,981;19,984;8,479;8,679;19,864;5,092;2,687;3,268;4,956;1,639;5,046;8,973;8,997;14,976;15,006;19,981;20,011;8,473;8,673;20,032;2,623;23,932;OK
3073400591-00-W17-L2- 26 06G017-0003178;545;08:05:30;33,0;OK;OK;OK;OK;0,002;24,058;5,103;2,671;3,268;4,978;1,683;4,979;8,989;9,024;15,004;15,044;20,003;20,049;8,484;8,684;19,924;5,113;2,676;3,262;4,972;1,683;5,046;8,989;8,991;15,004;15,011;19,998;20,022;8,484;8,684;20,043;2,613;23,932;OK
3073400591-00-W17-L2- 26 06G017-0004755;545;08:05:16;33,0;OK;OK;OK;OK;0,000;24,052;5,151;2,660;3,268;5,010;1,666;5,006;9,000;9,024;14,982;15,011;19,965;20,005;8,506;8,701;19,891;5,146;2,654;3,262;5,016;1,661;5,101;9,005;9,019;14,982;15,000;19,965;19,994;8,501;8,701;20,022;2,604;23,932;OK
3073400591-00-W17-L2- 26 06G017-0003173;545;08:05:21;33,0;OK;OK;OK;OK;0,000;24,052;5,130;2,671;3,279;4,989;1,656;4,995;8,978;9,019;14,971;15,011;19,938;19,984;8,479;8,679;19,864;5,124;2,660;3,279;4,989;1,656;5,079;8,978;8,997;14,966;14,990;19,938;19,973;8,484;8,679;19,984;2,606;23,932;OK
3073400591-00-W17-L2- 26 06G017-0003180;545;08:05:01;33,0;OK;OK;OK;OK;0,000;24,063;5,124;2,644;3,251;4,994;1,694;5,001;8,978;9,019;14,960;15,000;19,932;19,984;8,479;8,684;19,859;5,124;2,649;3,262;4,989;1,704;5,079;8,973;9,002;14,955;14,979;19,927;19,956;8,479;8,679;19,978;2,595;23,933;OK
3073400591-00-W17-L2- 26 06G017-0004732;545;08:05:39;32,9;OK;OK;OK;OK;0,000;24,047;5,130;2,649;3,251;4,983;1,683;4,984;8,989;9,024;14,987;15,028;19,976;20,016;8,490;8,690;19,902;5,124;2,671;3,273;4,994;1,683;5,068;8,989;8,997;14,987;15,000;19,976;19,994;8,484;8,690;20,027;2,615;23,931;OK
3073400591-00-W17-L2- 26 06G017-0004730;545;08:05:23;33,0;OK;OK;OK;OK;0,000;24,058;5,081;2,644;3,246;4,956;1,656;4,968;8,957;9,002;14,955;14,995;19,954;19,994;8,463;8,657;19,864;5,097;2,649;3,268;4,956;1,656;5,030;8,951;8,959;14,949;14,957;19,949;19,973;8,457;8,652;19,994;2,609;23,932;OK
3073400591-00-W17-L2- 26 06G017-0004754;545;08:05:06;33,0;OK;OK;OK;OK;0,000;24,058;5,113;2,676;3,268;4,994;1,656;4,990;8,995;9,024;14,998;15,033;19,987;20,032;8,495;8,690;19,913;5,130;2,654;3,273;4,994;1,650;5,079;8,995;9,019;14,998;15,017;19,987;20,016;8,501;8,695;20,032;2,621;23,932;OK
3073400591-00-W17-L2- 26 06G017-0004736;545;08:05:46;32,9;OK;OK;OK;OK;0,002;24,052;5,162;2,644;3,257;5,021;1,726;5,028;9,022;9,057;15,036;15,076;20,036;20,092;8,517;8,711;19,962;5,162;2,644;3,273;5,021;1,715;5,122;9,022;9,051;15,036;15,055;20,041;20,070;8,511;8,717;20,092;2,646;23,930;OK
3073400591-00-W17-L2- 26 06G017-0004740;545;08:05:05;33,0;OK;OK;OK;OK;0,000;24,063;5,103;2,682;3,284;4,967;1,688;4,968;8,989;9,035;14,998;15,038;19,992;20,032;8,490;8,690;19,913;5,108;2,649;3,279;4,967;1,688;5,057;8,995;9,019;14,998;15,022;19,987;20,022;8,495;8,690;20,032;2,617;23,932;OK
3073400591-00-W17-L2- 26 06G017-0004763;545;08:05:10;33,0;OK;OK;OK;OK;0,000;24,063;5,124;2,654;3,262;4,989;1,694;4,995;8,973;9,029;14,976;15,028;19,970;20,027;8,479;8,679;19,897;5,119;2,644;3,273;4,983;1,694;5,084;8,978;9,008;14,976;15,006;19,965;20,005;8,479;8,679;20,016;2,613;23,932;OK
3073400591-00-W17-L2- 26 06G017-0004737;545;08:05:47;33,0;OK;OK;OK;OK;0,000;24,063;5,113;2,654;3,273;4,983;1,650;4,995;8,995;9,046;15,020;15,060;20,019;20,070;8,495;8,695;19,951;5,113;2,665;3,262;4,983;1,645;5,079;8,995;9,024;15,020;15,044;20,019;20,049;8,495;8,695;20,070;2,618;23,931;OK
3073400591-00-W17-L2- 26 06G017-0004734;545;08:05:25;33,0;OK;OK;OK;OK;0,000;24,052;5,086;2,660;3,257;4,978;1,672;4,973;8,962;8,997;14,949;14,984;19,932;19,984;8,468;8,663;19,853;5,108;2,665;3,273;4,972;1,677;5,068;8,962;8,986;14,949;14,979;19,938;19,978;8,463;8,663;19,984;2,600;23,933;OK
3073400591-00-W17-L2- 26 06G017-0004761;545;08:05:03;33,0;OK;OK;OK;OK;0,000;24,052;5,130;2,692;3,300;4,989;1,645;5,001;8,984;9,035;14,987;15,033;19,981;20,038;8,484;8,690;19,908;5,130;2,709;3,284;4,994;1,650;5,079;8,989;9,008;14,982;15,011;19,981;20,005;8,484;8,690;20,027;2,600;23,933;OK
3073400591-00-W17-L2- 26 06G017-0004762;545;08:05:44;33,0;OK;OK;OK;OK;0,001;24,069;5,130;2,703;3,295;4,999;1,645;5,001;9,011;9,051;15,031;15,060;20,019;20,060;8,506;8,711;19,946;5,135;2,698;3,300;4,994;1,645;5,084;9,011;9,029;15,025;15,038;20,019;20,043;8,511;8,706;20,065;2,624;23,931;OK
3073400591-00-W17-L2- 26 06G017-0000895;545;08:05:22;33,0;OK;OK;OK;OK;0,000;24,052;5,075;2,660;3,273;4,956;1,721;4,935;8,957;8,975;14,944;14,957;19,922;19,951;8,463;8,663;19,837;5,086;2,687;3,273;4,951;1,715;5,025;8,957;8,959;14,944;14,946;19,922;19,940;8,457;8,663;19,973;2,595;23,932;OK
3073400591-00-W17-L2- 26 06G017-0004295;545;08:05:55;26,6;OK;OK;OK;OK;0,001;24,058;5,092;2,638;3,241;4,956;1,677;4,952;8,946;8,975;14,944;14,973;19,938;19,973;8,452;8,646;19,859;5,086;2,644;3,246;4,951;1,688;5,035;8,946;8,959;14,944;14,968;19,938;19,962;8,452;8,646;19,984;0,233;-1,000;NOK
3073400591-00-W17-L2- 26 06G017-0004295;545;08:05:45;33,3;OK;OK;OK;OK;0,000;24,058;5,097;2,649;3,268;4,961;1,688;4,968;8,951;8,991;14,949;14,990;19,943;19,989;8,452;8,652;19,864;5,092;2,671;3,284;4,961;1,688;5,057;8,951;8,981;14,955;14,979;19,943;19,973;8,452;8,652;19,989;2,608;23,932;OK
3073400591-00-W17-L2- 26 06G017-0004739;545;08:05:23;33,3;OK;OK;OK;OK;0,000;24,058;5,130;2,676;3,257;4,994;1,688;5,001;8,989;9,029;14,976;15,017;19,949;20,000;8,490;8,690;19,880;5,135;2,671;3,251;4,999;1,688;5,095;8,984;9,013;14,976;15,000;19,954;19,984;8,490;8,684;20,000;2,595;23,933;OK
3073400591-00-W17-L2- 26 06G017-0000542;545;08:05:01;33,5;OK;OK;OK;OK;0,000;24,058;5,124;2,682;3,257;5,005;1,677;5,006;8,995;9,029;14,982;15,022;19,949;20,005;8,495;8,695;19,880;5,135;2,676;3,257;5,005;1,666;5,090;8,995;9,013;14,982;14,995;19,949;19,978;8,495;8,690;19,994;2,590;23,933;OK
3073400591-00-W17-L2- 26 06G017-0004276;545;08:05:48;33,3;OK;OK;OK;OK;0,000;24,063;5,097;2,692;3,295;4,967;1,683;4,963;8,973;9,002;14,982;15,017;19,987;20,032;8,473;8,668;19,918;5,103;2,692;3,268;4,967;1,683;5,057;8,973;8,991;14,982;15,006;19,992;20,022;8,473;8,668;20,038;2,634;23,930;OK
3073400591-00-W17-L2- 26 06G017-0000141;545;08:05:19;22,1;OK;OK;OK;OK;0,000;24,058;5,135;2,682;3,262;4,999;1,672;5,011;8,978;9,029;14,960;15,006;19,943;19,989;8,484;8,684;19,864;5,130;2,665;3,284;4,999;1,672;4,493;-1,000;-1,000;-1,000;-1,000;-1,000;-1,000;-1,000;-1,000;-1,000;-1,000;-1,000;NOK
3073400591-00-W17-L2- 26 06G017-0000141;545;08:05:56;33,4;OK;OK;OK;OK;0,000;24,052;5,141;2,671;3,284;4,999;1,677;5,006;8,978;9,024;14,960;15,006;19,938;19,994;8,484;8,684;19,864;5,135;2,682;3,273;4,999;1,672;5,084;8,984;8,997;14,960;14,979;19,938;19,962;8,484;8,684;19,984;2,620;23,932;OK
3073400591-00-W17-L2- 26 06G017-0004733;545;08:05:35;33,4;OK;OK;OK;OK;0,000;24,069;5,119;2,660;3,289;4,994;1,699;4,984;8,984;9,008;14,966;14,995;19,932;19,978;8,479;8,679;19,853;5,124;2,682;3,289;4,994;1,710;5,084;8,978;9,002;14,971;14,990;19,938;19,973;8,484;8,684;19,984;2,606;23,932;OK
3073400591-00-W17-L2- 26 06G017-0004284;545;08:05:13;33,4;OK;OK;OK;OK;0,000;24,052;5,135;2,676;3,279;5,010;1,710;4,979;8,984;8,975;14,982;14,979;19,965;19,989;8,484;8,684;19,864;5,146;2,649;3,279;5,010;1,715;5,095;8,978;8,997;14,976;14,990;19,960;19,984;8,484;8,684;20,005;2,626;23,931;OK
3073400591-00-W17-L2- 26 06G017-0000153;545;08:05:53;33,3;OK;OK;OK;OK;0,000;24,063;5,097;2,644;3,289;4,978;1,683;4,968;8,967;8,991;14,960;14,984;19,938;19,978;8,468;8,668;19,853;5,113;2,644;3,257;4,978;1,688;5,057;8,967;8,986;14,960;14,973;19,938;19,967;8,468;8,668;19,984;2,633;23,931;OK
3073400591-00-W17-L2- 26 06G017-0000143;545;08:05:35;33,4;OK;OK;OK;OK;0,000;24,052;5,097;2,638;3,241;4,951;1,699;4,952;8,951;8,981;14,949;14,979;19,932;19,978;8,452;8,641;19,832;5,086;2,665;3,241;4,951;1,704;5,046;8,946;8,970;14,944;14,968;19,927;19,962;8,441;8,641;19,973;2,629;23,930;OK
3073400591-00-W17-L2- 26 06G017-0000145;545;08:05:16;33,3;OK;OK;OK;OK;0,000;24,058;5,097;2,638;3,257;4,951;1,661;4,952;8,962;8,997;14,976;15,017;19,976;20,016;8,463;8,657;19,902;5,086;2,644;3,268;4,951;1,666;5,041;8,957;8,981;14,976;14,995;19,981;20,005;8,463;8,663;20,027;2,617;23,931;OK
3073400591-00-W17-L2- 26 06G017-0000155;545;08:05:54;33,4;OK;OK;OK;OK;0,000;24,058;5,124;2,644;3,262;4,994;1,699;4,995;8,989;9,029;14,987;15,028;19,965;20,016;8,490;8,690;19,891;5,130;2,644;3,273;4,994;1,694;5,079;8,989;9,008;14,982;15,000;19,960;19,994;8,490;8,695;20,011;2,649;23,929;OK
3073400591-00-W17-L2- 26 06G017-0000146;545;08:05:33;33,4;OK;OK;OK;OK;0,000;24,052;5,092;2,676;3,246;4,956;1,650;4,973;8,957;8,991;14,944;14,990;19,932;19,984;8,457;8,657;19,859;5,092;2,682;3,273;4,956;1,650;5,052;8,951;8,975;14,944;14,968;19,927;19,967;8,457;8,657;19,978;2,633;24,075;OK
3073400591-00-W17-L2- 26 06G017-0004299;545;08:05:14;33,4;OK;OK;OK;OK;0,000;24,058;5,113;2,671;3,284;4,978;1,656;4,973;8,967;9,002;14,960;14,995;19,943;19,989;8,468;8,668;19,870;5,108;2,671;3,262;4,978;1,656;5,063;8,967;8,981;14,960;14,968;19,943;19,967;8,468;8,668;19,989;2,633;23,930;OK
3073400591-00-W17-L2- 26 06G017-0004301;545;08:05:54;33,3;OK;OK;OK;OK;0,000;24,047;5,113;2,649;3,251;4,972;1,672;4,963;8,978;8,997;14,966;14,990;19,938;19,973;8,479;8,679;19,848;5,097;2,676;3,251;4,967;1,672;5,057;8,973;8,991;14,966;14,979;19,927;19,956;8,479;8,679;19,973;2,626;23,931;OK
3073400591-00-W17-L2- 26 06G017-0000891;545;08:05:20;21,9;OK;OK;OK;OK;0,000;24,058;5,043;2,676;3,251;4,967;1,721;4,930;8,951;8,953;14,944;14,941;19,927;19,929;8,457;8,657;19,810;5,092;2,649;3,262;4,961;1,715;4,465;-1,000;-1,000;-1,000;-1,000;-1,000;-1,000;-1,000;-1,000;-1,000;-1,000;-1,000;NOK
3073400591-00-W17-L2- 26 06G017-0000891;545;08:05:57;33,3;OK;OK;OK;OK;0,001;24,052;5,092;2,638;3,246;4,961;1,704;4,952;8,951;8,970;14,944;14,962;19,916;19,951;8,452;8,652;19,832;5,092;2,649;3,246;4,956;1,715;5,046;8,951;8,964;14,944;14,962;19,916;19,940;8,457;8,652;19,962;2,614;23,931;OK
3073400591-00-W17-L2- 26 06G017-0004278;545;08:05:35;33,3;OK;OK;OK;OK;0,000;24,047;5,119;2,644;3,246;4,989;1,715;4,979;8,973;8,997;14,966;14,990;19,954;19,984;8,473;8,679;19,864;5,119;2,682;3,268;4,989;1,710;5,079;8,978;8,991;14,960;14,979;19,954;19,978;8,479;8,679;20,000;2,619;23,932;OK
3073400591-00-W17-L2- 26 06G017-0000898;545;08:05:15;33,3;OK;OK;OK;OK;0,000;24,052;5,141;2,676;3,284;4,994;1,694;4,984;8,989;9,002;14,987;15,006;19,965;19,994;8,490;8,690;19,880;5,130;2,703;3,279;4,999;1,694;5,084;8,989;9,013;14,976;15,011;19,965;20,000;8,490;8,690;20,011;2,611;23,931;OK
3073400591-00-W17-L2- 26 06G017-0004274;545;08:05:55;33,2;OK;OK;OK;OK;0,000;24,052;5,130;2,649;3,273;5,005;1,688;5,001;9,000;9,029;14,998;15,033;19,987;20,038;8,495;8,706;19,913;5,141;2,654;3,284;5,005;1,688;5,095;9,005;9,029;14,998;15,022;19,992;20,027;8,501;8,706;20,038;2,655;23,931;OK
3073400591-00-W17-L2- 26 06G017-0000133;545;08:05:32;31,5;OK;OK;OK;OK;0,000;24,052;5,092;2,682;3,257;4,956;1,666;4,925;8,978;8,970;14,976;14,979;19,965;19,984;8,473;8,668;19,864;5,092;2,676;3,279;4,961;1,666;5,046;8,973;8,997;14,982;15,000;19,965;19,994;8,473;8,673;20,016;0,200;-1,000;NOK
3073400591-00-W17-L2- 26 06G017-0000133;545;08:05:06;24,4;OK;OK;OK;OK;0,000;24,052;5,092;2,649;3,262;4,951;1,666;4,946;8,967;8,997;14,971;15,000;19,960;19,994;8,463;8,668;19,886;5,086;2,671;3,257;4,956;1,661;5,046;8,973;8,991;14,971;5,197;-1,000;-1,000;-1,000;-1,000;-1,000;-1,000;-1,000;NOK
3073400591-00-W17-L2- 26 06G017-0000133;545;08:05:43;33,4;OK;OK;OK;OK;0,000;24,058;5,097;2,676;3,262;4,956;1,666;4,946;8,973;8,986;14,982;14,995;19,965;19,994;8,468;8,673;19,875;5,086;2,654;3,262;4,956;1,672;5,052;8,973;8,997;14,982;15,000;19,965;19,989;8,468;8,679;20,011;2,599;23,932;OK
3073400591-00-W17-L2- 26 06G017-0004285;545;08:05:22;33,3;OK;OK;OK;OK;0,000;24,058;5,124;2,682;3,262;4,994;1,672;5,001;8,989;9,024;14,982;15,017;19,965;20,005;8,490;8,690;19,880;5,135;2,692;3,279;4,994;1,677;5,095;8,989;9,019;14,982;15,011;19,960;20,000;8,495;8,690;20,011;2,608;23,932;OK
3073400591-00-W17-L2- 26 06G017-0000550;545;08:05:01;33,4;OK;OK;OK;OK;0,000;24,063;5,081;2,649;3,284;4,951;1,650;4,946;8,967;8,991;14,960;14,984;19,932;19,973;8,468;8,663;19,837;5,086;2,654;3,295;4,951;1,650;5,035;8,967;8,986;14,960;14,979;19,938;19,973;8,468;8,673;19,984;2,604;23,932;OK
3073400591-00-W17-L2- 26 06G017-0004290;545;08:05:42;33,3;OK;OK;OK;OK;0,000;24,063;5,119;2,654;3,279;4,989;1,688;4,990;8,989;9,019;14,982;15,017;19,960;20,005;8,484;8,684;19,875;5,124;2,687;3,279;4,994;1,683;5,079;8,984;8,997;14,982;14,990;19,960;19,984;8,490;8,684;20,011;2,616;23,931;OK
3073400591-00-W17-L2- 26 06G017-0004759;545;08:05:19;33,3;OK;OK;OK;OK;0,000;24,058;5,146;2,649;3,251;5,016;1,688;5,011;9,005;9,024;15,020;15,033;20,003;20,038;8,506;8,701;19,913;5,157;2,665;3,284;5,021;1,683;5,101;9,005;9,008;15,014;15,017;20,003;20,022;8,506;8,706;20,049;2,628;23,930;OK
3073400591-00-W17-L2- 26 06G017-0004308;545;08:05:58;33,4;OK;OK;OK;OK;0,003;24,058;5,108;2,644;3,251;4,972;1,688;4,979;8,978;9,019;14,998;15,033;19,992;20,043;8,479;8,679;19,913;5,108;2,649;3,257;4,967;1,699;5,046;8,984;8,986;14,998;15,006;19,992;20,016;8,479;8,679;20,038;2,626;23,929;OK
3073400591-00-W17-L2- 26 06G017-0000142;545;08:05:22;16,8;OK;OK;OK;OK;0,000;24,047;5,141;2,644;3,257;5,005;1,634;4,968;8,995;8,997;14,998;15,000;19,976;19,994;8,506;8,701;19,875;0,364;-1,000;-1,000;-1,000;-1,000;-1,000;-1,000;-1,000;-1,000;-1,000;-1,000;-1,000;-1,000;-1,000;-1,000;-1,000;-1,000;NOK
3073400591-00-W17-L2- 26 06G017-0000142;545;08:05:40;14,1;OK;OK;OK;OK;0,000;24,052;5,135;2,665;3,257;5,005;1,645;4,990;9,005;9,024;15,004;15,022;19,976;20,016;5,010;-1,000;-1,000;-1,000;-1,000;-1,000;-1,000;-1,000;-1,000;-1,000;-1,000;-1,000;-1,000;-1,000;-1,000;-1,000;-1,000;-1,000;-1,000;-1,000;NOK
3073400591-00-W17-L2- 26 06G017-0000142;545;08:05:22;33,3;OK;OK;OK;OK;0,000;24,052;5,141;2,676;3,262;5,010;1,645;5,001;9,005;9,029;15,009;15,028;19,981;20,011;8,506;8,711;19,886;5,141;2,654;3,284;5,010;1,650;5,095;9,005;9,029;15,004;15,022;19,981;20,005;8,506;8,706;20,027;2,623;24,074;OK
3073400591-00-W17-L2- 26 06G017-0004287;545;08:05:02;33,7;OK;OK;OK;OK;0,000;24,058;5,097;2,682;3,273;4,972;1,672;4,946;8,967;8,981;14,966;14,973;19,960;19,984;8,473;8,668;19,859;5,108;2,682;3,257;4,978;1,672;5,052;8,967;8,970;14,960;14,968;19,960;19,978;8,468;8,673;20,005;2,625;24,074;OK
3073400591-00-W17-L2- 26 06G017-0004304;545;08:05:41;33,3;OK;OK;OK;OK;0,000;24,047;5,130;2,682;3,257;4,994;1,639;4,946;8,984;8,970;14,976;14,962;19,960;19,967;8,484;8,684;19,842;5,119;2,682;3,257;4,994;1,639;5,073;8,984;8,997;14,971;14,979;19,960;19,984;8,484;8,684;20,005;2,631;23,930;OK
3073400591-00-W17-L2- 26 06G017-0000137;545;08:05:19;33,3;OK;OK;OK;OK;0,000;24,063;5,119;2,665;3,284;4,978;1,694;4,973;8,978;8,997;14,987;15,006;19,970;20,005;8,473;8,684;19,886;5,113;2,671;3,295;4,978;1,683;5,068;8,978;9,008;14,982;15,006;19,970;20,000;8,473;8,679;20,016;2,634;23,929;OK
3073400591-00-W17-L2- 26 06G017-0000551;545;08:05:01;33,4;OK;OK;OK;OK;0,000;24,063;5,086;2,660;3,273;4,961;1,672;4,935;8,978;8,981;14,966;14,968;19,938;19,956;8,473;8,673;19,842;5,092;2,682;3,284;4,961;1,683;5,035;8,973;8,970;14,966;14,962;19,943;19,951;8,473;8,673;19,989;2,629;23,931;OK
3073400591-00-W17-L2- 26 06G017-0000545;545;08:05:40;33,2;OK;OK;OK;OK;0,000;24,058;5,130;2,671;3,273;4,989;1,634;4,968;8,973;8,986;14,955;14,979;19,938;19,962;8,479;8,679;19,842;5,130;2,660;3,273;4,994;1,628;5,084;8,978;8,997;14,960;14,979;19,927;19,962;8,473;8,679;19,973;2,616;23,930;OK
3073400591-00-W17-L2- 26 06G017-0004303;545;08:05:19;33,3;OK;OK;OK;OK;0,000;24,052;5,151;2,682;3,262;5,016;1,656;4,963;9,011;8,981;14,998;14,984;19,981;19,984;8,511;8,711;19,859;5,151;2,660;3,279;5,016;1,656;5,101;9,011;9,019;14,998;15,006;19,976;20,000;8,506;8,706;20,022;2,636;23,960;OK
3073400591-00-W17-L2- 26 06G017-0004280;545;08:05:58;33,3;OK;OK;OK;OK;0,000;24,058;5,108;2,654;3,268;4,978;1,656;4,952;8,978;8,986;14,982;14,984;19,976;20,000;8,479;8,684;19,875;5,119;2,676;3,273;4,978;1,656;5,052;8,984;8,981;14,982;14,984;19,981;20,000;8,473;8,673;20,022;2,632;23,929;OK
3073400591-00-W17-L2- 26 06G017-0000889;545;08:05:37;33,4;OK;OK;OK;OK;0,000;24,058;5,092;2,627;3,246;4,994;1,634;4,946;8,984;8,975;14,982;14,973;19,954;19,967;8,484;8,684;19,848;5,103;2,622;3,251;4,994;1,650;5,073;8,989;8,997;14,976;14,984;19,960;19,978;8,484;8,684;20,005;2,610;23,931;OK
3073400591-00-W17-L2- 26 06G017-0000140;545;08:05:56;14,1;OK;OK;OK;OK;0,000;24,052;5,124;2,671;3,257;4,999;1,715;4,973;8,984;8,991;14,966;14,979;19,922;19,951;4,999;-1,000;-1,000;-1,000;-1,000;-1,000;-1,000;-1,000;-1,000;-1,000;-1,000;-1,000;-1,000;-1,000;-1,000;-1,000;-1,000;-1,000;-1,000;-1,000;NOK
3073400591-00-W17-L2- 26 06G017-0000140;545;08:05:31;33,3;OK;OK;OK;OK;0,000;24,058;5,119;2,671;3,268;4,999;1,732;4,952;8,984;8,975;14,960;14,957;19,916;19,935;8,484;8,684;19,821;5,130;2,671;3,262;4,999;1,726;5,079;8,978;8,991;14,960;14,973;19,927;19,940;8,490;8,690;19,973;2,605;23,930;OK
3073400591-00-W17-L2- 26 06G017-0000139;545;08:05:10;33,3;OK;OK;OK;OK;0,000;24,052;5,108;2,676;3,257;4,978;1,683;4,968;8,984;9,008;14,998;15,017;19,998;20,032;8,490;8,684;19,908;5,113;2,676;3,284;4,978;1,683;5,057;8,989;8,997;14,998;15,011;19,998;20,022;8,484;8,684;20,043;2,642;23,929;OK
3073400591-00-W17-L2- 26 06G017-0000138;545;08:05:52;33,3;OK;OK;OK;OK;0,000;24,058;5,130;2,660;3,279;5,005;1,645;5,001;9,000;9,024;14,987;15,017;19,970;20,011;8,495;8,695;19,880;5,130;2,682;3,257;5,005;1,650;5,095;8,995;9,008;14,987;15,006;19,965;19,994;8,495;8,695;20,016;2,631;23,929;OK
3073400591-00-W17-L2- 26 06G017-0000135;545;08:05:40;33,4;OK;OK;OK;OK;0,000;24,047;5,092;2,660;3,246;4,961;1,699;4,957;8,946;8,975;14,928;14,952;19,911;19,940;8,452;8,652;19,826;5,097;2,644;3,246;4,961;1,704;5,030;8,946;8,948;14,928;14,930;19,900;19,918;8,452;8,646;19,951;2,631;23,930;OK
3073400591-00-W17-L2- 26 06G017-0000136;545;09:05:18;33,3;OK;OK;OK;OK;0,000;24,063;5,103;2,649;3,268;4,978;1,661;4,973;8,962;9,002;14,955;14,995;19,927;19,978;8,473;8,673;19,853;5,113;2,676;3,279;4,967;1,666;5,063;8,967;8,986;14,960;14,973;19,932;19,956;8,463;8,673;19,984;2,645;23,991;OK
3073400591-00-W17-L2- 26 06G017-0000144;545;09:05:03;33,4;OK;OK;OK;OK;0,000;24,058;5,124;2,660;3,273;4,994;1,666;4,990;8,995;9,013;14,993;15,017;19,970;20,005;8,501;8,695;19,880;5,135;2,654;3,273;4,999;1,677;5,079;8,995;9,013;14,993;15,011;19,970;19,994;8,495;8,695;20,022;2,644;23,929;OK
3073400591-00-W17-L2- 26 06G017-0004277;545;09:05:41;33,3;OK;OK;OK;OK;0,003;24,052;5,108;2,665;3,268;4,978;1,650;4,968;8,984;9,008;14,998;15,022;19,992;20,038;8,484;8,679;19,913;5,113;2,687;3,262;4,983;1,645;5,063;8,978;9,002;14,998;15,017;19,998;20,027;8,484;8,679;20,043;2,655;23,928;OK
3073400591-00-W17-L2- 26 06G017-0004296;545;09:05:21;33,3;OK;OK;OK;OK;0,000;24,052;5,081;2,638;3,262;4,951;1,683;4,941;8,946;8,964;14,933;14,952;19,916;19,946;8,446;8,646;19,826;5,075;2,671;3,268;4,951;1,688;4,992;8,940;8,894;14,928;14,897;19,911;19,902;8,446;8,646;19,962;2,616;23,930;OK
3073400591-00-W17-L2- 26 06G017-0004273;545;09:05:58;33,3;OK;OK;OK;OK;0,000;24,058;5,130;2,638;3,257;4,994;1,677;4,990;8,989;9,019;14,982;15,006;19,970;20,005;8,490;8,690;19,886;5,130;2,676;3,273;4,999;1,677;5,073;8,989;9,008;14,982;14,995;19,965;19,994;8,490;8,690;20,016;2,637;23,929;OK
3073400591-00-W17-L2- 26 06G017-0004302;545;09:05:36;33,3;OK;OK;OK;OK;0,001;24,063;5,141;2,676;3,262;5,021;1,694;5,028;9,016;9,057;15,031;15,071;20,030;20,070;8,517;8,717;19,951;5,151;2,682;3,273;5,016;1,688;5,106;9,016;9,040;15,031;15,049;20,025;20,060;8,522;8,717;20,076;2,650;23,928;OK
3073400591-00-W17-L2- 26 06G017-0000893;545;09:05:14;33,4;OK;OK;OK;OK;0,000;24,063;5,119;2,644;3,251;4,994;1,672;4,984;9,005;9,029;15,025;15,055;20,025;20,065;8,506;8,706;19,946;5,124;2,649;3,257;4,999;1,672;5,084;9,005;9,029;15,025;15,049;20,025;20,054;8,501;8,706;20,076;2,644;23,928;OK
3073400591-00-W17-L2- 26 06G017-0004291;545;09:05:54;33,3;OK;OK;OK;OK;0,000;24,063;5,097;2,682;3,284;4,978;1,650;4,973;8,962;8,991;14,944;14,973;19,916;19,962;8,468;8,663;19,842;5,113;2,665;3,300;4,978;1,645;5,068;8,962;8,986;14,944;14,973;19,922;19,956;8,463;8,663;19,962;2,610;23,929;OK
3073400591-00-W17-L2- 26 06G017-0000899;545;09:05:33;33,5;OK;OK;OK;OK;0,000;24,063;5,135;2,692;3,268;5,016;1,656;5,011;8,989;9,024;14,993;15,022;19,970;20,011;8,495;8,690;19,886;5,141;2,660;3,268;5,010;1,650;5,079;8,995;8,986;14,987;14,984;19,970;19,984;8,490;8,690;20,016;2,671;23,926;OK
;545;09:05:40;2,2;NON TESTE;NON TESTE;NON TESTE;NON TESTE;-1,000;-1,000;-1,000;-1,000;-1,000;-1,000;-1,000;-1,000;-1,000;-1,000;-1,000;-1,000;-1,000;-1,000;-1,000;-1,000;-1,000;-1,000;-1,000;-1,000;-1,000;-1,000;-1,000;-1,000;-1,000;-1,000;-1,000;-1,000;-1,000;-1,000;-1,000;-1,000;-1,000;-1,000;NOK
3073400591-00-W17-L2- 26 06G017-0000892;545;09:05:16;33,3;OK;OK;OK;OK;0,000;24,052;5,081;2,671;3,268;4,951;1,683;4,952;8,946;8,981;14,938;14,968;19,927;19,962;8,446;8,646;19,832;5,092;2,654;3,268;4,951;1,683;5,046;8,946;8,975;14,938;14,962;19,922;19,956;8,446;8,652;19,967;2,671;23,927;OK
3073400591-00-W17-L2- 26 06G017-0004300;545;09:05:00;33,4;OK;OK;OK;OK;0,000;24,058;5,146;2,687;3,268;5,010;1,645;5,001;9,011;9,040;15,020;15,049;20,008;20,043;8,511;8,717;19,918;5,141;2,687;3,262;5,010;1,645;5,090;9,016;9,024;15,025;15,038;20,014;20,032;8,517;8,711;20,060;2,704;23,928;OK
3073400591-00-W17-L2- 26 06G017-0000864;545;09:05:41;33,3;OK;OK;OK;OK;0,000;24,047;5,103;2,676;3,262;4,978;1,666;4,957;8,984;9,002;14,987;15,011;19,981;20,016;8,479;8,679;19,886;5,108;2,676;3,246;4,978;1,672;5,063;8,984;8,997;14,987;15,000;19,981;19,994;8,479;8,679;20,027;2,705;23,925;OK
3073400591-00-W17-L2- 26 06G017-0000666;545;09:05:20;33,4;OK;OK;OK;OK;0,000;24,063;5,119;2,676;3,268;4,989;1,677;4,984;8,989;9,024;14,993;15,028;19,981;20,022;8,490;8,684;19,902;5,119;2,654;3,262;4,989;1,677;5,079;8,989;9,013;14,993;15,017;19,981;20,005;8,490;8,690;20,027;2,701;23,925;OK
3073400591-00-W17-L2- 26 06G017-0000665;545;09:05:02;33,4;OK;OK;OK;OK;0,001;24,063;5,108;2,676;3,273;4,978;1,677;4,925;8,978;8,959;14,982;14,968;19,965;19,967;8,484;8,684;19,848;5,119;2,665;3,262;4,983;1,672;5,052;8,984;8,964;14,982;14,962;19,965;19,973;8,484;8,684;20,011;2,644;24,075;OK
3073400591-00-W17-L2- 26 06G017-0000662;545;09:05:40;33,4;OK;OK;OK;OK;0,000;24,052;5,092;2,682;3,262;4,972;1,661;4,968;8,957;8,981;14,944;14,973;19,927;19,962;8,457;8,663;19,832;5,097;2,660;3,257;4,972;1,672;5,030;8,957;8,943;14,944;14,930;19,922;19,929;8,457;8,657;19,967;2,666;23,926;OK
3073400591-00-W17-L2- 26 06G017-0000879;545;09:05:19;33,3;OK;OK;OK;OK;0,000;24,063;5,146;2,676;3,262;5,021;1,661;5,006;9,011;9,035;15,009;15,038;19,998;20,038;8,517;8,711;19,913;5,146;2,654;3,257;5,021;1,656;5,095;9,016;9,024;15,014;15,028;19,998;20,022;8,511;8,717;20,049;2,707;23,928;OK
3073400591-00-W17-L2- 26 06G017-0000668;545;09:05:57;33,3;OK;OK;OK;OK;0,002;24,052;5,135;2,682;3,262;4,999;1,666;4,995;9,000;9,035;15,004;15,033;19,992;20,027;8,501;8,701;19,897;5,141;2,676;3,262;5,005;1,666;5,068;9,000;9,002;15,004;15,017;19,992;20,011;8,501;8,701;20,032;2,683;24,074;OK
3073400591-00-W17-L2- 26 06G017-0000664;545;09:05:35;33,3;OK;OK;OK;OK;0,000;24,052;5,086;2,654;3,289;4,961;1,661;4,876;8,962;8,926;14,971;14,941;19,970;19,962;8,463;8,663;19,848;5,097;2,682;3,289;4,961;1,650;5,046;8,962;8,981;14,971;14,990;19,965;19,989;8,463;8,668;20,005;2,674;23,926;OK
3073400591-00-W17-L2- 26 06G017-0000885;545;09:05:19;33,3;OK;OK;OK;OK;0,000;24,047;5,130;2,682;3,284;4,989;1,704;4,957;8,984;8,981;14,987;14,979;19,976;19,984;8,484;8,690;19,859;5,124;2,676;3,273;4,989;1,715;5,068;8,989;8,991;14,982;14,984;19,965;19,984;8,484;8,684;20,016;2,680;24,074;OK
3073400591-00-W17-L2- 26 06G017-0000667;545;09:05:59;33,4;OK;OK;OK;OK;0,000;24,058;5,124;2,692;3,273;4,994;1,650;4,984;8,995;9,019;14,998;15,022;19,981;20,016;8,495;8,695;19,897;5,130;2,676;3,284;4,999;1,656;5,090;8,995;9,024;15,004;15,017;19,987;20,011;8,495;8,701;20,027;2,688;23,927;OK
3073400591-00-W17-L2- 26 06G017-0000663;545;09:05:37;33,3;OK;OK;OK;OK;0,000;24,052;5,119;2,654;3,262;4,989;1,688;4,984;8,989;9,019;15,004;15,028;19,981;20,022;8,490;8,690;19,902;5,124;2,682;3,279;4,989;1,688;5,073;8,989;9,008;14,998;15,022;19,981;20,011;8,495;8,695;20,032;2,659;23,926;OK
3073400591-00-W17-L2- 26 06G017-0000881;545;09:05:22;33,4;OK;OK;OK;OK;0,000;24,063;5,130;2,649;3,273;5,005;1,672;4,995;9,000;9,024;15,004;15,028;19,992;20,027;8,501;8,701;19,902;5,141;2,682;3,273;5,005;1,666;5,090;9,000;9,024;15,004;15,022;19,992;20,016;8,495;8,701;20,032;2,666;23,969;OK
3073400591-00-W17-L2- 26 06G017-0000660;545;09:05:00;33,4;OK;OK;OK;OK;0,000;24,052;5,119;2,682;3,279;4,989;1,634;4,979;8,989;9,019;14,993;15,028;19,998;20,032;8,490;8,690;19,913;5,124;2,692;3,268;4,989;1,639;5,073;8,989;9,008;14,993;15,017;19,998;20,022;8,490;8,690;20,043;2,685;23,925;OK
3073400591-00-W17-L2- 26 06G017-0000653;545;09:05:40;33,4;OK;OK;OK;OK;0,000;24,052;5,103;2,671;3,273;4,967;1,710;4,963;8,967;8,991;14,966;14,984;19,943;19,973;8,473;8,668;19,853;5,108;2,671;3,246;4,972;1,699;5,057;8,967;8,986;14,966;14,979;19,938;19,967;8,468;8,668;19,994;2,678;23,925;OK
3073400591-00-W17-L2- 26 06G017-0000659;545;09:05:19;33,3;OK;OK;OK;OK;0,000;24,052;5,103;2,682;3,289;4,967;1,683;4,946;8,957;8,975;14,949;14,962;19,922;19,956;8,457;8,657;19,832;5,097;2,682;3,284;4,961;1,683;5,057;8,951;8,975;14,944;14,957;19,922;19,946;8,457;8,652;19,967;2,660;23,928;OK
3073400591-00-W17-L2- 26 06G017-0000649;545;09:05:58;33,4;OK;OK;OK;OK;0,000;24,058;5,119;2,644;3,251;4,989;1,666;4,979;8,973;8,991;14,949;14,973;19,927;19,951;8,479;8,673;19,837;5,119;2,644;3,251;4,989;1,666;5,073;8,973;8,986;14,949;14,962;19,927;19,946;8,479;8,673;19,967;2,659;23,928;OK
3073400591-00-W17-L2- 26 06G017-0000888;545;09:05:37;33,3;OK;OK;OK;OK;0,000;24,058;5,135;2,649;3,268;4,999;1,710;4,995;8,984;9,008;14,966;14,990;19,943;19,967;8,490;8,684;19,848;5,135;2,671;3,246;5,005;1,715;5,068;8,984;8,981;14,966;14,957;19,938;19,946;8,490;8,690;19,984;2,640;24,074;OK
3073400591-00-W17-L2- 26 06G017-0000656;545;09:05:51;9,4;OK;OK;OK;OK;0,001;24,063;5,097;2,665;3,262;4,994;1,666;4,338;-1,000;-1,000;-1,000;-1,000;-1,000;-1,000;-1,000;-1,000;-1,000;-1,000;-1,000;-1,000;-1,000;-1,000;-1,000;-1,000;-1,000;-1,000;-1,000;-1,000;-1,000;-1,000;-1,000;-1,000;-1,000;-1,000;NOK
3073400591-00-W17-L2- 26 06G017-0000656;545;09:05:05;9,4;OK;OK;OK;OK;0,000;24,047;5,097;2,682;3,257;4,994;1,661;4,355;-1,000;-1,000;-1,000;-1,000;-1,000;-1,000;-1,000;-1,000;-1,000;-1,000;-1,000;-1,000;-1,000;-1,000;-1,000;-1,000;-1,000;-1,000;-1,000;-1,000;-1,000;-1,000;-1,000;-1,000;-1,000;-1,000;NOK
3073400591-00-W17-L2- 26 06G017-0000656;545;09:05:42;33,5;OK;OK;OK;OK;0,000;24,058;5,130;2,665;3,262;4,994;1,666;4,995;8,989;9,029;14,998;15,038;19,981;20,032;8,490;8,695;19,908;5,135;2,676;3,268;4,999;1,661;5,079;8,995;9,002;14,998;15,011;19,981;20,011;8,490;8,695;20,032;2,660;23,927;OK
3073400591-00-W17-L2- 26 06G017-0000650;545;09:05:20;33,4;OK;OK;OK;OK;0,000;24,052;5,113;2,649;3,273;4,978;1,710;4,979;8,978;9,013;14,982;15,017;19,960;20,005;8,479;8,684;19,875;5,119;2,644;3,268;4,983;1,710;5,068;8,978;8,997;14,982;15,000;19,970;19,989;8,473;8,673;20,011;2,649;23,925;OK
3073400591-00-W17-L2- 26 06G017-0000884;545;09:05:59;33,4;OK;OK;OK;OK;0,000;24,052;5,135;2,654;3,273;4,989;1,710;4,990;8,978;9,008;14,955;14,990;19,927;19,967;8,473;8,679;19,848;5,124;2,649;3,273;4,989;1,704;5,079;8,973;8,991;14,955;14,973;19,922;19,956;8,473;8,679;19,973;2,690;23,926;OK
3073400591-00-W17-L2- 26 06G017-0000859;545;09:05:27;23,2;OK;OK;OK;OK;0,000;24,052;5,081;2,649;3,246;4,956;1,704;4,941;8,973;8,981;14,966;14,984;19,954;19,984;8,468;8,673;19,864;5,086;2,644;3,262;4,956;1,704;5,046;8,973;5,203;-1,000;-1,000;-1,000;-1,000;-1,000;-1,000;-1,000;-1,000;-1,000;NOK
3073400591-00-W17-L2- 26 06G017-0000859;545;09:05:11;33,3;OK;OK;OK;OK;0,000;24,052;5,075;2,671;3,273;4,956;1,694;4,946;8,962;8,986;14,960;14,984;19,949;19,989;8,463;8,663;19,864;5,081;2,638;3,246;4,956;1,710;5,008;8,967;8,948;14,960;14,952;19,954;19,951;8,463;8,668;19,994;2,655;23,925;OK
3073400591-00-W17-L2- 26 06G017-0000862;545;09:05:49;33,3;OK;OK;OK;OK;0,000;24,047;5,092;2,682;3,284;4,967;1,656;4,952;8,962;8,981;14,966;14,984;19,954;19,978;8,468;8,663;19,853;5,103;2,687;3,284;4,967;1,661;5,057;8,967;8,981;14,966;14,984;19,954;19,978;8,468;8,668;20,000;2,629;23,928;OK
3073400591-00-W17-L2- 26 06G017-0000880;545;09:05:28;33,4;OK;OK;OK;OK;0,000;24,058;5,097;2,682;3,257;4,961;1,639;4,968;8,973;9,008;14,960;14,995;19,938;19,973;8,479;8,679;19,848;5,097;2,676;3,257;4,961;1,639;5,046;8,973;8,991;14,960;14,979;19,932;19,956;8,473;8,673;19,978;2,670;23,959;OK
3073400591-00-W17-L2- 26 06G017-0000865;545;09:05:06;33,3;OK;OK;OK;OK;0,000;24,042;5,092;2,649;3,262;4,967;1,677;4,930;8,978;8,975;14,993;14,990;19,992;20,011;8,479;8,679;19,880;5,108;2,676;3,295;4,972;1,677;5,057;8,978;8,997;14,998;15,017;19,992;20,027;8,479;8,673;20,043;2,694;23,927;OK
3073400591-00-W17-L2- 26 06G017-0000875;545;09:05:47;33,2;OK;OK;OK;OK;0,000;24,063;5,151;2,654;3,284;5,016;1,710;4,979;9,016;9,013;15,020;15,028;20,014;20,032;8,517;8,722;19,913;5,146;2,682;3,268;5,016;1,715;5,106;9,016;9,040;15,025;15,044;20,008;20,043;8,517;8,717;20,060;2,698;23,925;OK
3073400591-00-W17-L2- 26 06G017-0000883;545;09:05:30;33,3;OK;OK;OK;OK;0,001;24,058;5,119;2,665;3,284;4,978;1,661;4,963;8,978;8,991;14,971;15,000;19,960;19,989;8,479;8,673;19,870;5,113;2,671;3,289;4,983;1,666;5,073;8,978;9,008;14,976;15,006;19,960;19,989;8,479;8,679;20,000;2,672;23,926;OK
3073400591-00-W17-L2- 26 06G017-0000868;545;09:05:08;33,3;OK;OK;OK;OK;0,000;24,052;5,108;2,687;3,268;4,967;1,710;4,941;8,973;8,981;14,966;14,979;19,943;19,962;8,479;8,673;19,842;5,097;2,698;3,284;4,967;1,704;5,046;8,978;8,986;14,966;14,979;19,932;19,962;8,473;8,679;19,984;2,662;23,926;OK
3073400591-00-W17-L2- 26 06G017-0000658;545;09:05:48;33,2;OK;OK;OK;OK;0,000;24,058;5,119;2,665;3,268;4,999;1,721;4,957;8,989;8,981;14,982;14,984;19,960;19,973;8,490;8,690;19,853;5,130;2,649;3,279;4,999;1,715;5,084;8,989;9,008;14,987;15,000;19,960;19,984;8,490;8,695;20,000;2,629;23,927;OK
3073400591-00-W17-L2- 26 06G017-0000878;545;09:05:26;33,3;OK;OK;OK;OK;0,000;24,058;5,097;2,671;3,268;4,956;1,683;4,957;8,973;9,002;14,993;15,022;19,987;20,032;8,473;8,679;19,908;5,103;2,644;3,268;4,956;1,683;5,057;8,973;9,002;14,993;15,022;19,992;20,027;8,479;8,679;20,032;2,654;23,926;OK
3073400591-00-W17-L2- 26 06G017-0000577;545;09:05:05;33,2;OK;OK;OK;OK;0,000;24,058;5,103;2,676;3,251;4,978;1,688;4,941;8,978;8,981;14,982;14,990;19,976;19,994;8,479;8,679;19,870;5,113;2,644;3,279;4,978;1,683;5,068;8,978;9,002;14,987;15,017;19,981;20,011;8,479;8,679;20,022;2,635;23,925;OK
3073400591-00-W17-L2- 26 06G017-0000887;545;09:05:45;33,3;OK;OK;OK;OK;0,000;24,058;5,108;2,682;3,262;4,983;1,672;4,957;8,973;8,991;14,976;14,995;19,981;20,005;8,479;8,673;19,880;5,113;2,665;3,268;4,972;1,677;5,068;8,978;8,991;14,982;14,995;19,981;20,000;8,473;8,673;20,022;2,682;23,924;OK
3073400591-00-W17-L2- 26 06G017-0000866;545;09:05:23;33,3;OK;OK;OK;OK;0,000;24,047;5,130;2,654;3,284;5,005;1,688;4,984;9,011;9,024;15,020;15,038;20,025;20,049;8,511;8,706;19,929;5,135;2,692;3,279;4,999;1,683;5,090;9,011;9,029;15,031;15,044;20,025;20,049;8,511;8,706;20,065;2,707;24,074;OK
3073400591-00-W17-L2- 26 06G017-0000872;545;09:05:00;33,3;OK;OK;OK;OK;0,000;24,058;5,086;2,671;3,268;4,961;1,677;4,952;8,967;8,986;14,971;14,990;19,954;19,989;8,463;8,668;19,864;5,097;2,671;3,273;4,967;1,666;5,052;8,962;8,986;14,971;14,995;19,954;19,984;8,463;8,668;20,005;2,684;23,925;OK
3073400591-00-W17-L2- 26 06G017-0000870;545;09:05:38;33,4;OK;OK;OK;OK;0,000;24,058;5,124;2,676;3,268;4,989;1,650;4,984;8,984;9,013;14,971;15,006;19,943;19,984;8,484;8,684;19,859;5,130;2,654;3,284;4,994;1,645;5,079;8,984;9,008;14,971;14,995;19,943;19,973;8,484;8,679;19,989;2,687;23,924;OK
3073400591-00-W17-L2- 26 06G017-0000657;545;09:05:16;33,3;OK;OK;OK;OK;0,000;24,052;5,103;2,654;3,262;4,961;1,656;4,946;8,957;8,981;14,944;14,973;19,922;19,967;8,452;8,652;19,832;5,097;2,654;3,257;4,956;1,661;5,057;8,951;8,981;14,944;14,973;19,927;19,956;8,452;8,652;19,967;2,678;23,925;OK
3073400591-00-W17-L2- 26 06G017-0000672;545;09:05:54;33,4;OK;OK;OK;OK;0,000;24,052;5,113;2,654;3,273;4,983;1,672;4,897;8,967;8,921;14,966;14,919;19,943;19,918;8,468;8,673;19,810;5,113;2,660;3,251;4,978;1,677;5,063;8,967;8,975;14,966;14,962;19,938;19,951;8,468;8,668;19,978;2,669;23,925;OK
3073400591-00-W17-L2- 26 06G017-0000882;545;09:05:33;33,2;OK;OK;OK;OK;0,000;24,063;5,086;2,676;3,289;4,961;1,694;4,946;8,946;8,970;14,944;14,962;19,922;19,951;8,452;8,652;19,826;5,092;2,671;3,268;4,956;1,694;5,052;8,951;8,975;14,944;14,962;19,927;19,956;8,452;8,652;19,967;2,630;23,925;OK
3073400591-00-W17-L2- 26 06G017-0000856;545;09:05:12;33,3;OK;OK;OK;OK;0,000;24,052;5,119;2,687;3,279;4,994;1,677;4,946;8,967;8,964;14,955;14,957;19,922;19,940;8,473;8,673;19,815;5,124;2,660;3,279;4,989;1,672;5,084;8,967;9,002;14,949;14,984;19,922;19,956;8,473;8,673;19,973;2,663;23,924;OK
3073400591-00-W17-L2- 26 06G017-0000651;545;09:05:50;33,3;OK;OK;OK;OK;0,000;24,058;5,119;2,698;3,295;4,994;1,699;4,973;8,989;9,002;14,987;15,000;19,970;19,994;8,490;8,690;19,870;5,130;2,676;3,295;4,994;1,694;5,084;8,984;9,008;14,987;15,006;19,960;20,000;8,495;8,695;20,011;2,674;23,927;OK
3073400591-00-W17-L2- 26 06G017-0000654;545;09:05:28;33,2;OK;OK;OK;OK;0,000;24,058;5,141;2,660;3,251;5,005;1,683;4,995;9,005;9,019;15,004;15,028;19,992;20,027;8,506;8,701;19,902;5,141;2,649;3,257;5,010;1,694;5,106;9,005;9,035;15,009;15,033;19,987;20,027;8,501;8,706;20,038;2,654;23,957;OK
3073400591-00-W17-L2- 26 06G017-0000661;545;09:05:06;33,3;OK;OK;OK;OK;0,000;24,058;5,135;2,660;3,251;5,005;1,721;4,984;9,005;9,019;15,014;15,022;20,014;20,038;8,506;8,701;19,913;5,141;2,654;3,251;5,005;1,715;5,079;9,005;8,997;15,014;15,011;20,014;20,022;8,511;8,706;20,054;2,652;23,926;OK
3073400591-00-W17-L2- 26 06G017-0000877;545;09:05:45;33,4;OK;OK;OK;OK;0,000;24,047;5,124;2,671;3,268;4,994;1,710;4,952;8,973;8,964;14,960;14,957;19,938;19,946;8,479;8,679;19,826;5,124;2,660;3,251;4,994;1,715;5,079;8,984;8,997;14,960;14,979;19,932;19,962;8,484;8,679;19,984;2,656;23,925;OK
3073400591-00-W17-L2- 26 06G017-0000652;545;09:05:24;33,5;OK;OK;OK;OK;0,000;24,047;5,119;2,676;3,273;4,978;1,715;4,968;8,973;8,991;14,982;15,006;19,960;19,994;8,479;8,684;19,880;5,108;2,676;3,257;4,972;1,715;5,068;8,978;8,991;14,982;15,000;19,960;19,994;8,479;8,679;20,005;2,643;23,926;OK
3073400591-00-W17-L2- 26 06G017-0000655;545;09:05:03;33,7;OK;OK;OK;OK;0,000;24,058;5,097;2,682;3,289;4,951;1,650;4,946;8,973;9,002;14,982;15,017;19,970;20,011;8,479;8,679;19,880;5,086;2,687;3,268;4,956;1,645;5,046;8,973;8,997;14,987;15,000;19,970;20,011;8,479;8,673;20,016;2,652;23,925;OK
3073400591-00-W17-L2- 26 06G017-0000858;545;09:05:43;33,3;OK;OK;OK;OK;0,000;24,052;5,113;2,676;3,279;4,978;1,639;4,968;8,967;8,991;14,955;14,973;19,927;19,956;8,468;8,663;19,837;5,103;2,649;3,273;4,978;1,650;5,068;8,967;8,991;14,944;14,973;19,922;19,956;8,463;8,663;19,967;2,652;23,925;OK
3073400591-00-W17-L2- 26 06G017-0000671;545;09:05:30;33,3;OK;OK;OK;OK;0,000;24,063;5,113;2,644;3,268;4,989;1,683;4,957;8,989;8,991;14,987;15,000;19,970;19,989;8,484;8,690;19,864;5,119;2,671;3,273;4,989;1,683;5,073;8,989;9,008;14,993;15,006;19,965;19,994;8,490;8,690;20,016;2,668;23,925;OK
3073400591-00-W17-L2- 26 06G017-0000669;545;09:05:13;33,3;OK;OK;OK;OK;0,000;24,058;5,092;2,682;3,268;4,956;1,694;4,930;8,978;8,981;14,971;14,979;19,949;19,967;8,473;8,673;19,859;5,092;2,692;3,289;4,956;1,699;5,046;8,973;8,991;14,966;14,984;19,943;19,978;8,473;8,673;19,989;2,665;23,926;OK
3073400591-00-W17-L2- 26 06G017-0000669;545;09:05:16;1,0;FAIL;NON TESTE;NON TESTE;NON TESTE;-1,000;-1,000;-1,000;-1,000;-1,000;-1,000;-1,000;-1,000;-1,000;-1,000;-1,000;-1,000;-1,000;-1,000;-1,000;-1,000;-1,000;-1,000;-1,000;-1,000;-1,000;-1,000;-1,000;-1,000;-1,000;-1,000;-1,000;-1,000;-1,000;-1,000;-1,000;-1,000;-1,000;-1,000;NOK
3073400591-00-W17-L2- 26 06G017-0000860;545;09:05:53;33,4;OK;OK;OK;OK;0,000;24,052;5,081;2,638;3,268;4,951;1,710;4,935;8,951;8,975;14,944;14,962;19,911;19,946;8,463;8,663;19,815;5,075;2,665;3,251;4,951;1,704;5,035;8,962;8,964;14,938;14,952;19,916;19,940;8,463;8,657;19,956;2,643;23,927;OK
3073400591-00-W17-L2- 26 06G017-0000670;545;09:05:33;33,3;OK;OK;OK;OK;0,001;24,052;5,141;2,703;3,311;5,027;1,699;5,006;9,005;9,019;15,009;15,028;20,014;20,049;8,511;8,706;19,918;5,162;2,682;3,284;5,027;1,704;5,111;9,011;9,024;15,009;15,022;20,008;20,038;8,506;8,706;20,054;2,657;23,926;OK
3073400591-00-W17-L2- 26 06G017-0000874;545;09:05:11;33,4;OK;OK;OK;OK;0,000;24,058;5,119;2,649;3,268;4,989;1,710;4,973;8,984;9,008;14,982;15,000;19,965;19,994;8,484;8,684;19,870;5,119;2,660;3,251;4,989;1,710;5,084;8,984;9,019;14,982;15,006;19,960;19,994;8,484;8,684;20,005;2,661;23,927;OK
3073400591-00-W17-L2- 26 06G017-0000873;545;09:05:51;33,3;OK;OK;OK;OK;0,000;24,058;5,103;2,665;3,257;4,967;1,639;4,941;8,962;8,981;14,966;14,973;19,943;19,973;8,463;8,663;19,859;5,103;2,654;3,284;4,961;1,634;5,052;8,962;8,981;14,966;14,979;19,943;19,973;8,468;8,663;19,989;2,621;23,927;OK
3073400591-00-W17-L2- 26 06G017-0000871;545;09:05:30;33,3;OK;OK;OK;OK;0,000;24,058;5,097;2,687;3,273;4,967;1,699;4,952;8,973;8,997;14,955;14,984;19,927;19,962;8,468;8,673;19,842;5,103;2,649;3,251;4,961;1,694;5,052;8,973;8,997;14,955;14,979;19,927;19,956;8,479;8,673;19,978;2,621;23,926;OK
3073400591-00-W17-L2- 26 06G017-0000861;545;09:05:10;33,4;OK;OK;OK;OK;0,000;24,052;5,130;2,665;3,251;5,005;1,694;4,984;8,989;9,002;14,976;14,995;19,954;19,989;8,495;8,701;19,864;5,146;2,638;3,251;5,005;1,688;5,095;8,995;9,013;14,971;14,995;19,949;19,984;8,495;8,695;19,994;2,659;23,926;OK
3073400591-00-W17-L2- 26 06G017-0000585;545;09:05:50;33,4;OK;OK;OK;OK;0,003;24,047;5,113;2,660;3,279;4,994;1,677;4,979;8,995;9,013;15,004;15,022;20,003;20,038;8,495;8,695;19,918;5,124;2,644;3,268;4,994;1,683;5,084;8,995;9,019;15,004;15,028;20,003;20,032;8,495;8,695;20,049;2,673;23,926;OK
3073400591-00-W17-L2- 26 06G017-0000886;545;09:05:28;33,4;OK;OK;OK;OK;0,000;24,058;5,097;2,682;3,251;4,956;1,683;4,935;8,973;8,986;14,966;14,984;19,949;19,978;8,473;8,673;19,859;5,092;2,644;3,262;4,956;1,688;5,052;8,967;8,997;14,966;14,990;19,943;19,984;8,473;8,668;19,989;2,617;23,927;OK
3073400591-00-W17-L2- 26 06G017-0000541;545;09:05:06;33,4;OK;OK;OK;OK;0,000;24,052;5,141;2,665;3,284;5,010;1,666;5,006;9,011;9,046;15,009;15,049;19,992;20,049;8,511;8,711;19,918;5,146;2,671;3,262;5,010;1,666;5,095;9,011;9,024;15,009;15,022;19,992;20,022;8,511;8,706;20,043;2,632;23,927;OK
3073400591-00-W17-L2- 26 06G017-0000580;545;09:05:50;33,2;OK;OK;OK;OK;0,000;24,058;5,108;2,660;3,273;4,972;1,721;4,963;8,984;9,013;14,976;15,000;19,949;19,984;8,484;8,684;19,864;5,108;2,698;3,273;4,972;1,704;5,052;8,989;8,997;14,976;14,990;19,949;19,973;8,484;8,690;19,994;2,604;23,930;OK
3073400591-00-W17-L2- 26 06G017-0000579;545;09:05:34;33,3;OK;OK;OK;OK;0,000;24,047;5,119;2,660;3,268;4,989;1,710;4,973;8,989;9,002;14,976;15,000;19,960;20,005;8,484;8,684;19,875;5,130;2,671;3,257;4,989;1,710;5,084;8,984;9,013;14,982;15,006;19,965;20,005;8,484;8,684;20,016;2,608;23,929;OK
3073400591-00-W17-L2- 26 06G017-0000876;545;09:05:28;33,3;OK;OK;OK;OK;0,000;24,052;5,113;2,671;3,279;4,989;1,639;4,957;8,984;8,986;14,982;14,984;19,970;20,000;8,484;8,684;19,870;5,119;2,660;3,284;4,994;1,650;5,079;8,984;9,002;14,982;14,995;19,965;20,005;8,484;8,690;20,011;2,639;23,925;OK
3073400591-00-W17-L2- 26 06G017-0000583;545;09:05:42;9,5;OK;OK;OK;OK;0,000;24,058;5,086;2,649;3,251;4,961;1,661;4,306;-1,000;-1,000;-1,000;-1,000;-1,000;-1,000;-1,000;-1,000;-1,000;-1,000;-1,000;-1,000;-1,000;-1,000;-1,000;-1,000;-1,000;-1,000;-1,000;-1,000;-1,000;-1,000;-1,000;-1,000;-1,000;-1,000;NOK
3073400591-00-W17-L2- 26 06G017-0000583;545;09:05:08;9,8;OK;OK;OK;OK;0,000;24,058;5,081;2,660;3,262;4,967;1,666;4,702;-1,000;-1,000;-1,000;-1,000;-1,000;-1,000;-1,000;-1,000;-1,000;-1,000;-1,000;-1,000;-1,000;-1,000;-1,000;-1,000;-1,000;-1,000;-1,000;-1,000;-1,000;-1,000;-1,000;-1,000;-1,000;-1,000;NOK
3073400591-00-W17-L2- 26 06G017-0000582;545;09:05:48;33,3;OK;OK;OK;OK;0,000;24,058;5,141;2,676;3,268;4,994;1,721;4,952;8,984;8,981;14,966;14,968;19,943;19,962;8,490;8,684;19,842;5,130;2,682;3,284;4,994;1,715;5,073;8,984;8,991;14,966;14,973;19,943;19,956;8,490;8,690;19,984;2,649;24,073;OK
3073400591-00-W17-L2- 26 06G017-0000581;545;09:05:07;14,2;OK;OK;OK;OK;0,000;24,052;5,113;2,649;3,268;4,989;1,672;4,963;8,984;8,986;14,993;14,990;19,970;19,984;4,989;-1,000;-1,000;-1,000;-1,000;-1,000;-1,000;-1,000;-1,000;-1,000;-1,000;-1,000;-1,000;-1,000;-1,000;-1,000;-1,000;-1,000;-1,000;-1,000;NOK
3073400591-00-W17-L2- 26 06G017-0000581;545;09:05:44;33,3;OK;OK;OK;OK;0,000;24,058;5,130;2,682;3,289;4,989;1,672;4,984;8,984;9,019;14,987;15,022;19,976;20,005;8,490;8,690;19,891;5,124;2,654;3,279;4,989;1,672;5,084;8,989;9,013;14,987;15,011;19,976;20,005;8,490;8,690;20,016;2,651;23,926;OK
3073400591-00-W17-L2- 26 06G017-0004731;545;09:05:21;33,4;OK;OK;OK;OK;0,000;24,058;5,092;2,676;3,279;4,961;1,721;4,930;8,989;8,986;15,004;15,011;19,992;20,011;8,490;8,690;19,897;5,103;2,676;3,257;4,967;1,715;5,052;8,989;9,008;14,998;15,022;19,992;20,022;8,490;8,690;20,038;2,661;23,925;OK
3073400591-00-W17-L2- 26 06G017-0000578;545;09:05:02;33,2;OK;OK;OK;OK;0,001;24,058;5,108;2,654;3,279;4,978;1,677;4,957;8,962;8,975;14,955;14,973;19,927;19,962;8,468;8,668;19,842;5,108;2,676;3,273;4,978;1,672;5,063;8,967;8,975;14,955;14,962;19,932;19,951;8,463;8,663;19,978;2,638;23,926;OK
3073400591-00-W17-L2- 26 06G017-0000543;545;09:05:22;3,9;OK;OK;OK;OK;0,000;24,047;1,172;-1,000;-1,000;-1,000;-1,000;-1,000;-1,000;-1,000;-1,000;-1,000;-1,000;-1,000;-1,000;-1,000;-1,000;-1,000;-1,000;-1,000;-1,000;-1,000;-1,000;-1,000;-1,000;-1,000;-1,000;-1,000;-1,000;-1,000;-1,000;-1,000;-1,000;-1,000;NOK
3073400591-00-W17-L2- 26 06G017-0000543;545;09:05:00;33,3;OK;OK;OK;OK;0,000;24,052;5,130;2,649;3,251;4,994;1,656;4,995;8,984;9,019;14,971;15,011;19,960;20,011;8,484;8,690;19,880;5,130;2,671;3,251;4,994;1,650;5,084;8,984;9,008;14,976;14,984;19,960;19,984;8,490;8,684;20,011;2,643;23,925;OK
3073400591-00-W17-L2- 26 06G017-0000583;545;09:05:39;33,9;OK;OK;OK;OK;0,000;24,052;5,097;2,682;3,279;4,972;1,661;4,930;8,962;8,948;14,949;14,946;19,932;19,940;8,463;8,663;19,821;5,103;2,660;3,268;4,972;1,666;5,063;8,967;8,981;14,955;14,968;19,932;19,956;8,468;8,663;19,973;2,644;23,925;OK
3073400591-00-W17-L2- 26 06G017-0000588;545;09:05:18;33,4;OK;OK;OK;OK;0,003;24,047;5,124;2,649;3,251;4,989;1,672;4,952;8,978;8,964;14,955;14,952;19,927;19,940;8,473;8,673;19,826;5,130;2,660;3,268;4,989;1,672;5,014;8,978;8,926;14,955;14,919;19,927;19,913;8,479;8,679;19,978;2,651;23,925;OK
3073400591-00-W17-L2- 26 06G017-0000587;545;09:05:03;33,3;OK;OK;OK;OK;0,000;24,047;5,141;2,638;3,246;5,005;1,645;4,990;9,000;9,013;14,993;15,006;19,970;19,994;8,501;8,706;19,870;5,141;2,638;3,257;5,010;1,650;5,090;9,005;9,013;14,993;15,000;19,970;19,994;8,506;8,706;20,011;2,655;23,924;OK
3073400591-00-W17-L2- 26 06G017-0000867;545;09:05:42;33,5;OK;OK;OK;OK;0,000;24,058;5,075;2,676;3,279;4,961;1,699;4,908;8,989;8,964;14,993;14,973;19,976;19,984;8,484;8,690;19,859;5,092;2,644;3,262;4,967;1,699;5,046;8,989;8,997;14,993;15,006;19,981;20,005;8,490;8,690;20,027;2,648;23,925;OK
3073400591-00-W17-L2- 26 06G017-0000586;545;09:05:30;33,3;OK;OK;OK;OK;0,000;24,058;5,081;2,682;3,289;4,951;1,645;4,914;8,962;8,943;14,949;14,935;19,938;19,940;8,468;8,668;19,821;5,086;2,692;3,295;4,961;1,656;5,041;8,967;8,975;14,949;14,968;19,938;19,956;8,463;8,663;19,989;2,629;23,926;OK
3073400591-00-W17-L2- 26 06G017-0000484;545;09:05:08;33,3;OK;OK;OK;OK;0,000;24,047;5,075;2,660;3,257;4,989;1,710;4,897;8,978;8,932;14,976;14,941;19,949;19,940;8,479;8,679;19,821;5,124;2,676;3,262;4,989;1,699;5,079;8,984;9,002;14,971;15,000;19,949;19,978;8,479;8,684;19,994;2,641;23,925;OK
3073400591-00-W17-L2- 26 06G017-0000949;545;09:05:47;33,3;OK;OK;OK;OK;0,000;24,063;5,113;2,682;3,257;4,978;1,645;4,919;8,978;8,948;14,971;14,957;19,949;19,956;8,479;8,679;19,837;5,113;2,649;3,262;4,983;1,645;5,035;8,978;8,953;14,971;14,957;19,954;19,956;8,473;8,684;19,994;2,657;23,925;OK
3073400591-00-W17-L2- 26 06G017-0000956;545;09:05:31;33,4;OK;OK;OK;OK;0,000;24,063;5,146;2,687;3,279;5,016;1,650;4,990;9,011;9,013;14,998;15,006;19,981;20,005;8,511;8,711;19,880;5,151;2,665;3,273;5,021;1,656;5,101;9,011;9,024;14,998;15,011;19,981;20,005;8,506;8,711;20,022;2,652;23,926;OK
3073400591-00-W17-L2- 26 06G017-0000486;545;09:05:14;33,4;OK;OK;OK;OK;0,000;24,058;5,108;2,654;3,284;4,989;1,683;4,957;8,973;8,986;14,966;14,979;19,938;19,967;8,473;8,673;19,842;5,119;2,682;3,289;4,983;1,683;5,068;8,973;8,991;14,960;14,979;19,943;19,978;8,473;8,673;19,989;2,634;23,927;OK
3073400591-00-W17-L2- 26 06G017-0000584;545;09:05:57;33,4;OK;OK;OK;OK;0,000;24,063;5,103;2,654;3,262;4,983;1,666;4,952;8,984;9,002;14,998;15,006;19,987;20,011;8,484;8,690;19,875;5,113;2,654;3,284;4,983;1,666;5,068;8,989;8,997;14,998;15,006;19,987;20,011;8,495;8,684;20,027;2,659;23,926;OK
3073400591-00-W17-L2- 26 06G017-0000996;545;09:05:35;33,3;OK;OK;OK;OK;0,000;24,058;5,097;2,665;3,279;4,956;1,710;4,930;8,957;8,970;14,928;14,952;19,905;19,929;8,457;8,657;19,804;5,086;2,671;3,268;4,956;1,710;5,046;8,957;8,981;14,933;14,952;19,905;19,935;8,457;8,657;19,940;2,638;23,927;OK
3073400591-00-W17-L2- 26 06G017-0000988;545;09:05:13;33,3;OK;OK;OK;OK;0,000;24,047;5,124;2,660;3,284;5,010;1,666;4,925;8,978;8,937;14,982;14,946;19,970;19,935;8,484;8,690;19,826;5,146;2,654;3,289;5,010;1,666;5,073;8,989;8,981;14,982;14,984;19,970;19,984;8,490;8,684;20,016;2,658;23,925;OK
3073400591-00-W17-L2- 26 06G017-0000952;545;10:05:03;33,5;OK;OK;OK;OK;0,000;24,047;5,081;2,660;3,268;4,951;1,699;4,935;8,951;8,964;14,960;14,979;19,954;19,973;8,452;8,652;19,853;5,092;2,649;3,262;4,956;1,699;5,025;8,957;8,959;14,960;14,962;19,949;19,967;8,452;8,652;19,994;2,667;23,926;OK
3073400591-00-W17-L2- 26 06G017-0000869;545;10:05:42;33,2;OK;OK;OK;OK;0,000;24,058;5,124;2,676;3,262;4,983;1,666;4,973;8,989;9,008;14,971;14,995;19,938;19,973;8,495;8,690;19,859;5,119;2,671;3,273;4,983;1,656;5,068;8,984;9,002;14,971;14,979;19,943;19,973;8,490;8,690;19,989;2,667;23,926;OK
3073400591-00-W17-L2- 26 06G017-0000951;545;10:05:25;33,8;OK;OK;OK;OK;0,000;24,047;5,097;2,649;3,268;4,956;1,699;4,952;8,946;8,986;14,944;14,973;19,916;19,956;8,452;8,652;19,832;5,092;2,654;3,279;4,956;1,699;5,041;8,946;8,964;14,938;14,952;19,916;19,940;8,452;8,646;19,962;2,658;23,975;OK
3073400591-00-W17-L2- 26 06G017-0000490;545;10:05:02;33,4;OK;OK;OK;OK;0,000;24,058;5,108;2,687;3,284;4,978;1,688;4,968;8,984;9,013;15,009;15,033;20,008;20,043;8,484;8,690;19,918;5,108;2,676;3,279;4,978;1,688;5,068;8,989;9,008;15,009;15,028;20,008;20,032;8,490;8,684;20,060;2,671;23,925;OK
3073400591-00-W17-L2- 26 06G017-0000953;545;10:05:43;33,3;OK;OK;OK;OK;0,000;24,047;5,151;2,682;3,251;5,010;1,704;5,001;9,016;9,040;15,031;15,055;20,030;20,049;8,517;8,711;19,929;5,146;2,638;3,279;5,016;1,694;5,095;9,016;9,024;15,031;15,044;20,030;20,054;8,517;8,717;20,076;2,682;23,925;OK
3073400591-00-W17-L2- 26 06G017-0000955;545;10:05:21;33,3;OK;OK;OK;OK;0,000;24,047;5,135;2,654;3,268;5,005;1,661;4,984;9,005;9,024;15,009;15,028;20,003;20,038;8,501;8,706;19,913;5,141;2,654;3,273;5,010;1,661;5,084;9,011;9,024;15,009;15,017;20,003;20,027;8,501;8,711;20,043;2,665;23,925;OK
3073400591-00-W17-L2- 26 06G017-0003425;545;10:05:02;33,3;OK;OK;OK;OK;0,000;24,058;5,151;2,682;3,262;5,010;1,639;5,001;9,000;9,024;14,987;15,022;19,965;20,011;8,501;8,701;19,886;5,146;2,682;3,284;5,010;1,639;5,095;9,000;9,019;14,987;15,006;19,970;20,005;8,501;8,695;20,016;2,658;23,926;OK
3073400591-00-W17-L2- 26 06G017-0000491;545;10:05:44;33,4;OK;OK;OK;OK;0,000;24,058;5,113;2,687;3,284;4,989;1,704;4,963;8,989;9,013;15,004;15,022;19,998;20,027;8,495;8,695;19,902;5,119;2,682;3,262;4,989;1,699;5,073;8,995;9,008;14,998;15,022;19,992;20,016;8,495;8,695;20,038;2,673;23,925;OK
3073400591-00-W17-L2- 26 06G017-0000492;545;10:05:22;33,3;OK;OK;OK;OK;0,000;24,058;5,135;2,649;3,257;5,005;1,688;4,973;8,984;8,981;14,966;14,968;19,932;19,951;8,484;8,690;19,826;5,135;2,638;3,251;5,005;1,677;5,073;8,989;8,997;14,960;14,968;19,932;19,951;8,490;8,684;19,978;2,627;24,074;OK
3073400591-00-W17-L2- 26 06G017-0000960;545;10:05:00;33,3;OK;OK;OK;OK;0,002;24,052;5,130;2,665;3,295;5,005;1,677;4,984;9,016;9,024;15,020;15,044;20,014;20,049;8,511;8,711;19,918;5,141;2,698;3,295;5,005;1,677;5,090;9,011;9,024;15,020;15,028;20,014;20,038;8,511;8,711;20,054;2,649;23,926;OK
3073400591-00-W17-L2- 26 06G017-0003422;545;10:05:38;33,3;OK;OK;OK;OK;0,000;24,058;5,119;2,671;3,284;4,989;1,634;4,968;8,984;8,997;14,987;15,011;19,970;20,005;8,484;8,684;19,880;5,119;2,644;3,251;4,983;1,634;5,068;8,984;8,997;14,987;15,000;19,976;20,000;8,479;8,679;20,022;2,669;23,925;OK
3073400591-00-W17-L2- 26 06G017-0000994;545;10:05:17;33,3;OK;OK;OK;OK;0,000;24,063;5,113;2,660;3,268;4,994;1,650;4,979;8,984;9,013;14,987;15,017;19,970;20,011;8,490;8,690;19,886;5,130;2,682;3,284;4,999;1,661;5,084;8,989;9,013;14,987;15,017;19,970;20,005;8,490;8,695;20,016;2,652;23,926;OK
3073400591-00-W17-L2- 26 06G017-0000482;545;10:05:55;33,2;OK;OK;OK;OK;0,000;24,052;5,157;2,687;3,279;5,010;1,666;4,995;9,022;9,040;15,025;15,055;20,030;20,054;8,517;8,711;19,935;5,146;2,649;3,257;5,010;1,666;5,101;9,022;9,040;15,025;15,049;20,025;20,054;8,517;8,717;20,070;2,670;23,925;OK
3073400591-00-W17-L2- 26 06G017-0003428;545;10:05:33;33,3;OK;OK;OK;OK;0,000;24,052;5,119;2,649;3,262;4,989;1,704;4,979;8,995;9,024;15,009;15,044;20,008;20,043;8,495;8,695;19,918;5,119;2,654;3,262;4,983;1,704;5,084;9,000;9,024;15,009;15,038;20,008;20,043;8,490;8,690;20,049;2,660;23,925;OK
3073400591-00-W17-L2- 26 06G017-0003431;545;10:05:11;33,4;OK;OK;OK;OK;0,000;24,052;5,124;2,665;3,268;4,999;1,694;4,984;8,989;9,002;14,982;14,995;19,960;20,000;8,490;8,690;19,870;5,135;2,665;3,268;5,005;1,688;5,101;8,989;9,019;14,976;15,000;19,954;20,000;8,495;8,695;20,005;2,663;23,925;OK
3073400591-00-W17-L2- 26 06G017-0000488;545;10:05:49;33,3;OK;OK;OK;OK;0,000;24,052;5,103;2,687;3,289;4,983;1,688;4,941;8,973;8,970;14,966;14,968;19,949;19,962;8,473;8,673;19,842;5,108;2,654;3,279;4,983;1,677;5,079;8,973;9,008;14,966;15,000;19,954;19,989;8,479;8,679;20,000;2,629;23,925;OK
3073400591-00-W17-L2- 26 06G017-0000991;545;10:05:27;33,3;OK;OK;OK;OK;0,000;24,058;5,119;2,671;3,284;4,994;1,683;4,979;9,000;9,024;15,009;15,038;19,998;20,043;8,501;8,701;19,918;5,124;2,687;3,268;4,994;1,688;5,090;9,000;9,029;15,009;15,038;19,998;20,038;8,501;8,701;20,049;2,690;23,924;OK
3073400591-00-W17-L2- 26 06G017-0003427;545;10:05:16;33,6;OK;OK;OK;OK;0,000;24,052;5,108;2,676;3,273;4,978;1,639;4,963;8,978;8,997;14,993;15,011;19,992;20,022;8,479;8,684;19,902;5,108;2,649;3,257;4,978;1,645;5,063;8,978;8,997;14,998;15,006;19,987;20,016;8,484;8,684;20,032;2,668;23,925;OK
3073400591-00-W17-L2- 26 06G017-0000483;545;10:05:56;33,3;OK;OK;OK;OK;0,000;24,058;5,097;2,682;3,262;4,967;1,715;4,957;8,973;9,002;14,993;15,017;19,992;20,027;8,473;8,679;19,902;5,103;2,660;3,279;4,967;1,721;5,057;8,973;8,991;14,993;15,011;19,987;20,022;8,479;8,679;20,038;2,682;23,925;OK
3073400591-00-W17-L2- 26 06G017-0003572;545;10:05:15;14,1;OK;OK;OK;OK;0,000;24,052;5,119;2,665;3,284;4,983;1,672;4,963;8,978;8,997;14,976;14,990;19,954;19,984;4,989;-1,000;-1,000;-1,000;-1,000;-1,000;-1,000;-1,000;-1,000;-1,000;-1,000;-1,000;-1,000;-1,000;-1,000;-1,000;-1,000;-1,000;-1,000;-1,000;NOK
3073400591-00-W17-L2- 26 06G017-0003572;545;10:05:53;33,3;OK;OK;OK;OK;0,000;24,063;5,119;2,676;3,279;4,989;1,677;4,963;8,984;8,986;14,971;14,979;19,960;19,973;8,484;8,690;19,853;5,124;2,671;3,268;4,989;1,677;5,084;8,984;9,013;14,982;15,006;19,965;19,989;8,484;8,684;20,005;2,659;23,961;OK
3073400591-00-W17-L2- 26 06G017-0003569;545;10:05:32;33,3;OK;OK;OK;OK;0,001;24,058;5,092;2,644;3,246;4,972;1,710;4,941;8,957;8,964;14,949;14,952;19,922;19,940;8,463;8,663;19,821;5,103;2,644;3,279;4,972;1,715;5,046;8,957;8,970;14,944;14,962;19,922;19,951;8,463;8,657;19,973;2,655;23,926;OK
3073400591-00-W17-L2- 26 06G017-0003573;545;10:05:11;33,4;OK;OK;OK;OK;0,000;24,058;5,092;2,660;3,268;4,967;1,645;4,919;8,957;8,953;14,949;14,952;19,922;19,935;8,463;8,663;19,815;5,103;2,682;3,268;4,967;1,634;5,046;8,962;8,970;14,949;14,952;19,916;19,946;8,463;8,663;19,962;2,630;23,927;OK
3073400591-00-W17-L2- 26 06G017-0003424;545;10:05:58;33,3;OK;OK;OK;OK;0,000;24,058;5,108;2,682;3,289;4,978;1,694;4,952;8,978;8,991;14,987;14,995;19,970;19,994;8,479;8,679;19,864;5,113;2,654;3,289;4,983;1,694;5,068;8,973;9,002;14,982;15,006;19,970;19,994;8,479;8,673;20,011;2,656;23,925;OK
3073400591-00-W17-L2- 26 06G017-0000987;545;10:05:36;33,3;OK;OK;OK;OK;0,000;24,058;5,124;2,649;3,273;4,994;1,650;4,979;8,978;8,997;14,971;14,984;19,954;19,978;8,490;8,679;19,853;5,130;2,644;3,251;4,999;1,650;5,084;8,984;8,991;14,966;14,979;19,954;19,978;8,484;8,684;20,005;2,636;23,927;OK
3073400591-00-W17-L2- 26 06G017-0003455;545;10:05:46;3,9;OK;OK;OK;OK;0,000;24,058;1,189;-1,000;-1,000;-1,000;-1,000;-1,000;-1,000;-1,000;-1,000;-1,000;-1,000;-1,000;-1,000;-1,000;-1,000;-1,000;-1,000;-1,000;-1,000;-1,000;-1,000;-1,000;-1,000;-1,000;-1,000;-1,000;-1,000;-1,000;-1,000;-1,000;-1,000;-1,000;NOK
3073400591-00-W17-L2- 26 06G017-0003455;545;10:05:54;3,9;OK;OK;OK;OK;0,000;24,058;1,183;-1,000;-1,000;-1,000;-1,000;-1,000;-1,000;-1,000;-1,000;-1,000;-1,000;-1,000;-1,000;-1,000;-1,000;-1,000;-1,000;-1,000;-1,000;-1,000;-1,000;-1,000;-1,000;-1,000;-1,000;-1,000;-1,000;-1,000;-1,000;-1,000;-1,000;-1,000;NOK
3073400591-00-W17-L2- 26 06G017-0003455;545;10:05:41;33,2;OK;OK;OK;OK;0,000;24,052;5,113;2,644;3,273;4,983;1,677;4,968;8,973;8,991;14,960;14,979;19,943;19,978;8,473;8,673;19,853;5,119;2,676;3,262;4,983;1,677;5,073;8,978;8,997;14,960;14,979;19,943;19,973;8,479;8,673;19,989;2,667;23,927;OK
3073400591-00-W17-L2- 26 06G017-0003429;545;10:05:19;33,3;OK;OK;OK;OK;0,000;24,058;5,103;2,682;3,262;4,972;1,699;4,946;8,967;8,970;14,966;14,973;19,949;19,967;8,473;8,673;19,848;5,108;2,654;3,268;4,978;1,699;5,063;8,973;8,997;14,966;14,995;19,949;19,984;8,468;8,668;19,994;2,652;23,926;OK
3073400591-00-W17-L2- 26 06G017-0003576;545;10:05:58;33,2;OK;OK;OK;OK;0,000;24,058;5,146;2,687;3,289;5,021;1,645;4,984;9,005;9,008;15,020;15,017;20,014;20,027;8,506;8,701;19,908;5,157;2,654;3,295;5,021;1,650;5,111;9,011;9,029;15,020;15,038;20,008;20,043;8,506;8,706;20,060;2,671;23,925;OK
3073400591-00-W17-L2- 26 06G017-0000954;545;10:05:17;14,1;OK;OK;OK;OK;0,000;24,058;5,124;2,676;3,268;4,999;1,650;5,049;9,000;8,948;15,009;14,968;19,998;19,984;4,994;-1,000;-1,000;-1,000;-1,000;-1,000;-1,000;-1,000;-1,000;-1,000;-1,000;-1,000;-1,000;-1,000;-1,000;-1,000;-1,000;-1,000;-1,000;-1,000;NOK
3073400591-00-W17-L2- 26 06G017-0000954;545;10:05:02;33,8;OK;OK;OK;OK;0,000;24,058;5,130;2,671;3,284;4,994;1,645;4,990;9,005;9,035;15,009;15,044;19,998;20,032;8,501;8,701;19,913;5,135;2,687;3,289;4,994;1,650;5,079;9,000;9,019;15,009;15,028;19,998;20,022;8,501;8,695;20,049;2,652;23,925;OK
3073400591-00-W17-L2- 26 06G017-0000489;545;10:05:41;33,3;OK;OK;OK;OK;0,000;24,058;5,119;2,654;3,268;4,989;1,672;4,973;8,973;8,991;14,960;14,973;19,932;19,962;8,479;8,679;19,842;5,124;2,660;3,295;4,994;1,672;5,079;8,973;8,991;14,960;14,968;19,938;19,962;8,479;8,679;19,978;2,639;23,925;OK
3073400591-00-W17-L2- 26 06G017-0003454;545;10:05:23;33,4;OK;OK;OK;OK;0,000;24,052;5,146;2,649;3,257;5,010;1,694;5,001;9,000;9,029;14,993;15,017;19,970;20,016;8,501;8,701;19,886;5,146;2,649;3,257;5,010;1,688;5,106;9,000;9,024;14,987;15,017;19,970;20,000;8,501;8,695;20,016;2,664;23,926;OK
3073400591-00-W17-L2- 26 06G017-0000855;545;10:05:08;33,3;OK;OK;OK;OK;0,000;24,063;5,124;2,644;3,284;4,999;1,688;4,990;8,989;9,013;14,982;15,011;19,965;20,000;8,490;8,690;19,880;5,130;2,654;3,251;4,994;1,688;5,090;8,989;9,013;14,982;15,011;19,960;19,994;8,495;8,690;20,011;2,655;23,950;OK
3073400591-00-W17-L2- 26 06G017-0003565;545;10:05:47;33,3;OK;OK;OK;OK;0,000;24,063;5,113;2,644;3,273;4,994;1,677;4,979;8,989;9,013;14,998;15,022;19,981;20,016;8,490;8,695;19,891;5,119;2,671;3,251;4,989;1,683;4,965;8,995;8,850;14,998;14,843;19,981;19,859;8,495;8,695;20,032;2,568;23,931;OK
3073400591-00-W17-L2- 26 06G017-0003570;545;10:05:25;33,3;OK;OK;OK;OK;0,000;24,058;5,151;2,654;3,273;5,005;1,677;4,979;9,000;9,008;15,004;15,017;19,981;20,016;8,501;8,701;19,886;5,135;2,660;3,262;4,999;1,688;5,095;9,005;9,019;15,004;15,017;19,981;20,005;8,501;8,701;20,032;2,650;23,926;OK
3073400591-00-W17-L2- 26 06G017-0003447;545;10:05:03;33,3;OK;OK;OK;OK;0,000;24,058;5,097;2,682;3,284;4,972;1,715;4,946;8,984;8,997;14,971;14,990;19,949;19,973;8,479;8,679;19,859;5,108;2,649;3,262;4,972;1,726;5,046;8,978;8,991;14,971;14,984;19,943;19,978;8,490;8,684;19,994;2,634;23,926;OK
3073400591-00-W17-L2- 26 06G017-0003445;545;10:05:42;33,3;OK;OK;OK;OK;0,000;24,052;5,141;2,682;3,273;5,005;1,650;4,990;8,995;9,013;14,976;15,006;19,960;19,984;8,490;8,690;19,864;5,135;2,660;3,273;5,005;1,645;5,095;8,989;9,019;14,976;15,006;19,949;19,984;8,490;8,690;19,994;2,648;23,925;OK
3073400591-00-W17-L2- 26 06G017-0003446;545;10:05:30;33,3;OK;OK;OK;OK;0,000;24,052;5,108;2,676;3,295;4,972;1,661;4,946;8,995;8,997;14,998;15,006;19,981;20,005;8,495;8,701;19,880;5,103;2,654;3,279;4,967;1,666;5,073;8,995;9,024;14,998;15,033;19,981;20,016;8,495;8,695;20,032;2,674;23,922;OK
3073400591-00-W17-L2- 26 06G017-0003566;545;10:05:09;33,3;OK;OK;OK;OK;0,000;24,058;5,135;2,682;3,251;4,999;1,672;4,995;9,005;9,029;15,009;15,038;19,998;20,027;8,506;8,711;19,897;5,135;2,660;3,257;5,005;1,677;5,106;9,005;9,040;15,009;15,044;19,992;20,032;8,511;8,706;20,043;2,679;23,925;OK
3073400591-00-W17-L2- 26 06G017-0000857;545;10:05:48;33,3;OK;OK;OK;OK;0,000;24,047;5,119;2,649;3,268;4,999;1,704;4,952;8,995;8,970;14,987;14,962;19,970;19,956;8,490;8,690;19,842;5,135;2,638;3,268;4,999;1,715;5,090;8,989;9,013;14,982;15,006;19,960;19,994;8,495;8,695;20,005;2,655;23,924;OK
3073400591-00-W17-L2- 26 06G017-0003421;545;10:05:27;33,4;OK;OK;OK;OK;0,000;24,058;5,108;2,682;3,273;4,978;1,645;4,968;8,962;8,981;14,944;14,968;19,922;19,956;8,463;8,663;19,832;5,119;2,692;3,284;4,978;1,645;5,073;8,962;8,991;14,938;14,968;19,922;19,951;8,457;8,663;19,962;2,668;23,924;OK
3073400591-00-W17-L2- 26 06G017-0003456;545;10:05:08;33,3;OK;OK;OK;OK;0,000;24,052;5,124;2,665;3,257;4,994;1,672;4,973;8,995;9,008;14,987;15,011;19,970;20,000;8,490;8,690;19,880;5,130;2,660;3,284;4,994;1,672;5,079;8,989;9,002;14,987;14,995;19,965;19,994;8,495;8,690;20,016;2,670;23,923;OK
3073400591-00-W17-L2- 26 06G017-0003567;545;10:05:48;33,3;OK;OK;OK;OK;0,000;24,047;5,119;2,649;3,284;4,983;1,656;4,963;8,973;8,981;14,955;14,973;19,927;19,951;8,468;8,673;19,832;5,108;2,676;3,251;4,978;1,650;5,079;8,967;8,997;14,955;14,990;19,922;19,967;8,473;8,668;19,973;2,627;23,926;OK
3073400591-00-W17-L2- 26 06G017-0003453;545;10:05:29;33,3;OK;OK;OK;OK;0,000;24,058;5,130;2,682;3,257;5,005;1,661;4,990;8,989;9,013;14,987;15,006;19,960;19,994;8,495;8,690;19,875;5,141;2,687;3,273;5,005;1,656;5,106;8,995;9,024;14,982;15,011;19,960;20,005;8,495;8,695;20,005;2,652;23,925;OK
3073400591-00-W17-L2- 26 06G017-0003451;545;10:05:07;33,3;OK;OK;OK;OK;0,000;24,047;5,119;2,644;3,251;4,978;1,710;4,963;8,989;9,013;14,998;15,028;19,992;20,032;8,490;8,690;19,902;5,108;2,671;3,279;4,978;1,710;5,079;8,989;9,019;15,004;15,028;19,998;20,032;8,484;8,684;20,032;2,651;23,925;OK
3073400591-00-W17-L2- 26 06G017-0003450;545;10:05:46;33,3;OK;OK;OK;OK;0,000;24,047;5,103;2,671;3,268;4,983;1,634;4,935;8,978;8,970;14,993;14,979;19,970;19,984;8,484;8,684;19,859;5,119;2,644;3,246;4,983;1,634;5,057;8,978;8,991;14,987;14,995;19,970;19,989;8,484;8,679;20,016;2,656;23,924;OK
3073400591-00-W17-L2- 26 06G017-0000854;545;10:05:25;33,4;OK;OK;OK;OK;0,001;24,052;5,092;2,687;3,273;4,972;1,710;4,957;8,978;8,991;14,987;15,006;19,976;20,005;8,479;8,679;19,886;5,113;2,654;3,295;4,978;1,715;5,073;8,978;9,008;14,987;15,017;19,976;20,011;8,479;8,673;20,022;2,674;24,073;OK
3073400591-00-W17-L2- 26 06G017-0000863;545;10:05:03;33,3;OK;OK;OK;OK;0,000;24,047;5,124;2,649;3,257;4,994;1,656;4,973;8,973;8,981;14,949;14,968;19,932;19,956;8,479;8,679;19,832;5,130;2,654;3,268;4,994;1,656;5,084;8,973;8,997;14,949;14,973;19,927;19,956;8,479;8,679;19,978;2,665;23,924;OK
3073400591-00-W17-L2- 26 06G017-0003571;545;10:05:42;33,3;OK;OK;OK;OK;0,000;24,052;5,119;2,687;3,300;4,989;1,694;4,968;8,984;8,991;14,976;14,984;19,960;19,978;8,484;8,679;19,864;5,130;2,671;3,295;4,983;1,688;5,084;8,984;9,013;14,976;15,006;19,960;20,000;8,490;8,684;20,005;2,644;23,926;OK
3073400591-00-W17-L2- 26 06G017-0003575;545;10:05:21;33,3;OK;OK;OK;OK;0,001;24,058;5,113;2,660;3,262;4,989;1,672;4,963;8,995;9,002;14,987;15,000;19,965;19,994;8,495;8,695;19,880;5,119;2,649;3,257;4,983;1,677;5,079;8,995;9,019;14,993;15,011;19,970;20,005;8,495;8,695;20,016;2,684;23,923;OK
3073400591-00-W17-L2- 26 06G017-0003452;545;10:05:00;33,3;OK;OK;OK;OK;0,000;24,058;5,135;2,649;3,257;4,999;1,710;4,968;9,011;9,008;15,020;15,028;20,014;20,032;8,506;8,706;19,913;5,135;2,671;3,251;4,999;1,704;5,090;9,011;9,035;15,020;15,049;20,014;20,049;8,511;8,706;20,060;2,641;23,924;OK
3073400591-00-W17-L2- 26 06G017-0003423;545;10:05:39;33,3;OK;OK;OK;OK;0,000;24,052;5,097;2,682;3,306;4,978;1,656;4,957;8,978;8,997;14,993;15,011;19,981;20,011;8,479;8,679;19,886;5,113;2,676;3,306;4,978;1,656;5,073;8,978;9,013;14,993;15,022;19,981;20,027;8,479;8,684;20,027;2,682;23,922;OK
3073400591-00-W17-L2- 26 06G017-0003432;545;10:05:22;33,2;OK;OK;OK;OK;0,000;24,058;5,119;2,654;3,268;4,989;1,699;4,990;8,989;9,024;14,998;15,033;19,992;20,032;8,490;8,695;19,902;5,124;2,671;3,279;4,989;1,710;5,079;8,995;9,013;15,004;15,017;19,992;20,022;8,490;8,695;20,032;2,632;23,925;OK
3073400591-00-W17-L2- 26 06G017-0000853;545;10:05:03;33,3;OK;OK;OK;OK;0,001;24,052;5,108;2,671;3,262;4,983;1,710;4,952;8,984;8,981;14,993;14,984;19,992;20,005;8,490;8,690;19,886;5,119;2,665;3,279;4,983;1,715;5,068;8,984;8,997;14,987;14,995;19,992;20,016;8,490;8,684;20,032;2,617;23,926;OK
3073400591-00-W17-L2- 26 06G017-0003448;545;10:05:41;33,3;OK;OK;OK;OK;0,001;24,058;5,135;2,682;3,279;4,994;1,715;4,973;8,995;9,013;14,998;15,022;19,987;20,005;8,495;8,695;19,891;5,130;2,682;3,257;4,999;1,710;5,149;8,995;9,024;14,998;15,028;19,981;20,016;8,495;8,695;20,027;2,650;23,924;OK
3073400591-00-W17-L2- 26 06G017-0003430;545;10:05:23;33,3;OK;OK;OK;OK;0,000;24,058;5,113;2,649;3,257;4,978;1,694;4,952;8,978;8,981;14,966;14,979;19,943;19,973;8,473;8,673;19,848;5,113;2,665;3,273;4,978;1,699;5,063;8,973;8,981;14,966;14,973;19,943;19,962;8,479;8,673;19,989;2,642;23,924;OK
3073400591-00-W17-L2- 26 06G017-0000959;545;10:05:00;33,2;OK;OK;OK;OK;0,000;24,047;5,103;2,649;3,251;4,961;1,661;4,919;8,967;8,959;14,976;14,973;19,965;19,978;8,463;8,663;19,848;5,092;2,665;3,251;4,956;1,661;5,052;8,962;8,991;14,976;15,006;19,960;19,994;8,463;8,663;20,011;2,666;23,923;OK
3073400591-00-W17-L2- 26 06G017-0003568;545;10:05:32;16,7;OK;OK;OK;OK;0,000;24,058;5,103;2,654;3,268;4,967;1,645;4,963;8,984;9,002;14,998;15,028;19,998;20,027;8,479;8,684;19,902;0,391;-1,000;-1,000;-1,000;-1,000;-1,000;-1,000;-1,000;-1,000;-1,000;-1,000;-1,000;-1,000;-1,000;-1,000;-1,000;-1,000;NOK
3073400591-00-W17-L2- 26 06G017-0003568;545;10:05:11;21,8;OK;OK;OK;OK;0,000;24,047;5,108;2,671;3,273;4,972;1,645;4,963;8,978;9,008;14,998;15,017;19,998;20,032;8,484;8,684;19,897;5,108;2,671;3,257;4,972;1,639;4,503;-1,000;-1,000;-1,000;-1,000;-1,000;-1,000;-1,000;-1,000;-1,000;-1,000;-1,000;NOK
3073400591-00-W17-L2- 26 06G017-0000957;545;10:05:14;33,2;OK;OK;OK;OK;0,000;24,058;5,119;2,671;3,284;4,989;1,656;4,952;8,984;8,981;14,987;14,995;19,976;19,978;8,490;8,684;19,864;5,119;2,665;3,284;4,978;1,645;5,073;8,984;9,002;14,987;15,006;19,970;20,000;8,484;8,684;20,022;2,666;23,925;OK
3073400591-00-W17-L2- 26 06G017-0003574;545;10:05:55;33,3;OK;OK;OK;OK;0,000;24,052;5,146;2,649;3,279;5,005;1,645;4,930;9,005;8,970;15,009;14,984;19,992;19,984;8,506;8,701;19,864;5,141;2,665;3,257;5,010;1,645;5,095;9,005;9,024;15,009;15,022;19,992;20,016;8,506;8,711;20,038;2,658;23,924;OK
3073400591-00-W17-L2- 26 06G017-0000487;545;10:05:34;33,4;OK;OK;OK;OK;0,000;24,058;5,141;2,692;3,279;5,010;1,677;4,979;9,022;9,024;15,042;15,044;20,041;20,054;8,522;8,722;19,935;5,141;2,671;3,300;5,010;1,677;5,101;9,022;9,046;15,042;15,060;20,041;20,060;8,522;8,717;20,087;2,660;23,924;OK
3073400591-00-W17-L2- 26 06G017-0003449;545;10:05:42;33,3;OK;OK;OK;OK;0,000;24,063;5,092;2,687;3,262;4,972;1,672;4,963;8,957;8,991;14,949;14,984;19,938;19,973;8,463;8,663;19,848;5,103;2,649;3,273;4,972;1,677;5,063;8,957;8,991;14,949;14,979;19,932;19,967;8,457;8,663;19,978;2,637;23,925;OK
3073400591-00-W17-L2- 26 06G017-0000055;545;10:05:20;33,3;OK;OK;OK;OK;0,000;24,052;5,103;2,665;3,273;4,978;1,688;4,952;8,973;8,981;14,966;14,979;19,954;19,978;8,473;8,668;19,842;5,113;2,671;3,262;4,972;1,683;5,073;8,973;8,997;14,966;14,990;19,949;19,978;8,468;8,668;19,994;2,638;23,924;OK
3073400591-00-W17-L2- 26 06G017-0000054;545;10:05:03;33,3;OK;OK;OK;OK;0,000;24,052;5,070;2,676;3,273;4,945;1,666;4,925;8,951;8,970;14,944;14,962;19,922;19,946;8,457;8,657;19,821;5,081;2,660;3,306;4,945;1,661;5,035;8,957;8,975;14,944;14,962;19,927;19,946;8,457;8,663;19,973;2,630;23,926;OK
3073400591-00-W17-L2- 26 06G017-0000053;545;10:05:49;33,2;OK;OK;OK;OK;0,003;24,052;5,086;2,649;3,251;4,945;1,634;4,930;8,946;8,964;14,938;14,957;19,905;19,946;8,441;8,641;19,821;5,086;2,644;3,284;4,951;1,639;5,041;8,940;8,970;14,933;14,962;19,905;19,946;8,441;8,646;19,956;2,615;23,926;OK
3073400591-00-W17-L2- 26 06G017-0000056;545;10:05:30;33,2;OK;OK;OK;OK;0,000;24,058;5,097;2,649;3,273;4,967;1,715;4,957;8,962;8,986;14,949;14,973;19,927;19,962;8,463;8,663;19,842;5,103;2,676;3,289;4,961;1,710;5,046;8,962;8,981;14,949;14,968;19,932;19,956;8,463;8,663;19,973;2,615;23,926;OK
3073400591-00-W17-L2- 26 06G017-0000049;545;10:05:08;33,3;OK;OK;OK;OK;0,000;24,058;5,092;2,682;3,279;4,967;1,656;4,952;8,962;8,981;14,960;14,973;19,943;19,973;8,463;8,663;19,848;5,103;2,687;3,251;4,967;1,656;5,057;8,967;8,981;14,960;14,979;19,943;19,978;8,468;8,663;19,984;2,599;23,928;OK
3073400591-00-W17-L2- 26 06G017-0003426;545;10:05:47;33,3;OK;OK;OK;OK;0,000;24,052;5,124;2,649;3,279;4,989;1,639;4,968;8,973;9,002;14,960;14,995;19,943;19,978;8,479;8,679;19,848;5,124;2,682;3,289;4,989;1,639;5,073;8,978;9,002;14,960;14,990;19,938;19,973;8,473;8,673;19,984;2,590;23,927;OK
3073400591-00-W17-L2- 26 06G017-0003657;545;10:05:26;33,5;OK;OK;OK;OK;0,000;24,063;5,119;2,671;3,268;4,972;1,677;4,957;8,967;8,986;14,966;14,995;19,954;19,984;8,473;8,673;19,870;5,092;2,633;3,273;4,972;1,677;5,057;8,967;8,997;14,971;14,995;19,954;19,984;8,473;8,673;20,000;2,621;23,927;OK
3073400591-00-W17-L2- 26 06G017-0001196;545;10:05:08;33,2;OK;OK;OK;OK;0,000;24,047;5,081;2,665;3,257;4,961;1,688;4,925;8,962;8,959;14,971;14,962;19,949;19,967;8,463;8,663;19,842;5,097;2,644;3,257;4,967;1,699;5,057;8,962;8,991;14,971;15,000;19,954;19,989;8,468;8,668;20,000;2,625;23,926;OK
3073400591-00-W17-L2- 26 06G017-0001191;545;10:05:46;33,3;OK;OK;OK;OK;0,000;24,052;5,097;2,671;3,268;4,972;1,672;4,952;8,978;9,002;14,976;14,995;19,965;20,000;8,479;8,684;19,880;5,103;2,687;3,262;4,967;1,677;5,068;8,984;9,013;14,976;15,006;19,965;20,000;8,479;8,684;20,016;2,630;23,925;OK
3073400591-00-W17-L2- 26 06G017-0001197;545;10:05:28;33,3;OK;OK;OK;OK;0,000;24,052;5,092;2,692;3,284;4,967;1,704;4,952;8,978;8,986;14,987;15,006;19,987;20,022;8,473;8,673;19,891;5,103;2,665;3,295;4,967;1,710;5,057;8,973;9,002;14,987;15,022;19,987;20,016;8,473;8,673;20,032;2,649;23,925;OK
3073400591-00-W17-L2- 26 06G017-0001190;545;10:05:12;33,2;OK;OK;OK;OK;0,000;24,052;5,103;2,671;3,279;4,978;1,683;4,919;8,967;8,953;14,960;14,946;19,938;19,951;8,473;8,663;19,826;5,113;2,671;3,273;4,978;1,683;5,063;8,967;8,986;14,960;14,979;19,938;19,962;8,468;8,673;19,984;2,614;23,926;OK
3073400591-00-W17-L2- 26 06G017-0001200;545;10:05:57;33,3;OK;OK;OK;OK;0,000;24,052;5,103;2,671;3,268;4,978;1,639;4,935;8,967;8,959;14,966;14,968;19,949;19,967;8,473;8,673;19,842;5,113;2,682;3,251;4,978;1,639;5,068;8,967;8,991;14,960;14,990;19,949;19,978;8,473;8,673;19,984;2,645;23,926;OK
3073400591-00-W17-L2- 26 06G017-0001189;545;10:05:37;33,4;OK;OK;OK;OK;0,000;24,058;5,113;2,687;3,273;4,983;1,677;4,968;8,978;8,986;14,971;14,984;19,954;19,978;8,479;8,679;19,859;5,124;2,654;3,279;4,983;1,672;5,079;8,978;9,008;14,971;14,995;19,949;19,984;8,479;8,679;20,000;2,622;23,924;OK
3073400591-00-W17-L2- 26 06G017-0001113;545;10:05:17;33,3;OK;OK;OK;OK;0,000;24,058;5,070;2,649;3,273;4,961;1,699;4,952;8,946;8,970;14,944;14,968;19,927;19,956;8,452;8,652;19,837;5,097;2,660;3,279;4,961;1,694;5,052;8,951;8,975;14,944;14,973;19,916;19,956;8,457;8,652;19,962;2,646;23,969;OK
3073400591-00-W17-L2- 26 06G017-0001105;545;10:05:45;17,3;OK;OK;OK;OK;0,000;24,063;5,141;2,671;3,273;5,010;1,639;4,990;9,000;9,013;14,987;15,006;19,976;20,000;8,506;8,701;19,880;5,146;-3,387;-1,000;-1,000;-1,000;-1,000;-1,000;-1,000;-1,000;-1,000;-1,000;-1,000;-1,000;-1,000;-1,000;-1,000;-1,000;NOK
3073400591-00-W17-L2- 26 06G017-0001105;545;10:05:28;17,3;OK;OK;OK;OK;0,000;24,058;5,146;2,649;3,251;5,010;1,628;4,984;8,995;9,002;14,976;14,995;19,970;19,994;8,501;8,695;19,859;5,146;0,011;-1,000;-1,000;-1,000;-1,000;-1,000;-1,000;-1,000;-1,000;-1,000;-1,000;-1,000;-1,000;-1,000;-1,000;-1,000;NOK
3073400591-00-W17-L2- 26 06G017-0001111;545;10:05:22;33,3;OK;OK;OK;OK;0,000;24,047;5,135;2,649;3,279;5,010;1,645;4,973;8,978;8,975;14,966;14,968;19,954;19,967;8,484;8,684;19,842;5,146;2,649;3,273;5,010;1,639;5,095;8,978;8,997;14,971;14,979;19,954;19,973;8,479;8,684;20,000;2,641;23,927;OK
3073400591-00-W17-L2- 26 06G017-0001194;545;10:05:01;33,3;OK;OK;OK;OK;0,000;24,052;5,103;2,654;3,262;4,967;1,699;4,957;8,978;8,991;14,987;15,006;19,981;20,011;8,473;8,673;19,886;5,103;2,682;3,262;4,967;1,704;5,063;8,973;8,997;14,987;15,006;19,981;20,005;8,473;8,673;20,022;2,648;23,924;OK
3073400591-00-W17-L2- 26 06G017-0001192;545;10:05:41;33,4;OK;OK;OK;OK;0,002;24,052;5,135;2,654;3,268;5,010;1,715;4,984;8,995;9,002;14,998;15,006;19,987;20,011;8,490;8,695;19,886;5,141;2,644;3,246;5,005;1,710;5,090;8,995;8,997;14,998;15,006;19,981;20,005;8,495;8,690;20,032;2,616;24,073;OK
3073400591-00-W17-L2- 26 06G017-0003649;545;10:05:20;33,3;OK;OK;OK;OK;0,000;24,052;5,086;2,649;3,273;4,956;1,694;4,946;8,962;8,991;14,960;14,984;19,943;19,973;8,468;8,668;19,853;5,092;2,671;3,246;4,956;1,688;5,052;8,967;8,997;14,960;14,984;19,943;19,978;8,468;8,663;19,994;2,612;23,929;OK
;545;10:05:27;2,2;NON TESTE;NON TESTE;NON TESTE;NON TESTE;-1,000;-1,000;-1,000;-1,000;-1,000;-1,000;-1,000;-1,000;-1,000;-1,000;-1,000;-1,000;-1,000;-1,000;-1,000;-1,000;-1,000;-1,000;-1,000;-1,000;-1,000;-1,000;-1,000;-1,000;-1,000;-1,000;-1,000;-1,000;-1,000;-1,000;-1,000;-1,000;-1,000;-1,000;NOK
;545;10:05:31;2,2;NON TESTE;NON TESTE;NON TESTE;NON TESTE;-1,000;-1,000;-1,000;-1,000;-1,000;-1,000;-1,000;-1,000;-1,000;-1,000;-1,000;-1,000;-1,000;-1,000;-1,000;-1,000;-1,000;-1,000;-1,000;-1,000;-1,000;-1,000;-1,000;-1,000;-1,000;-1,000;-1,000;-1,000;-1,000;-1,000;-1,000;-1,000;-1,000;-1,000;NOK
3073400591-00-W17-L2- 26 06G017-0001193;545;11:05:11;33,6;OK;OK;OK;OK;0,000;24,052;5,092;2,654;3,262;4,956;1,650;4,946;8,957;8,981;14,955;14,979;19,932;19,973;8,457;8,657;19,842;5,086;2,654;3,262;4,956;1,650;5,052;8,957;8,986;14,960;14,984;19,938;19,973;8,457;8,657;19,989;2,590;23,928;OK
3073400591-00-W17-L2- 26 06G017-0001108;545;11:05:49;33,3;OK;OK;OK;OK;0,002;24,058;5,108;2,692;3,284;4,967;1,672;4,952;8,978;8,997;14,966;14,984;19,938;19,973;8,473;8,679;19,848;5,103;2,660;3,268;4,967;1,672;5,063;8,973;8,997;14,966;14,984;19,943;19,967;8,479;8,679;19,984;2,620;23,927;OK
3073400591-00-W17-L2- 26 06G017-0003656;545;11:05:29;33,3;OK;OK;OK;OK;0,000;24,052;5,092;2,644;3,273;4,972;1,699;4,957;8,962;8,975;14,955;14,973;19,932;19,967;8,468;8,663;19,842;5,097;2,649;3,262;4,972;1,710;5,057;8,962;8,986;14,955;14,979;19,938;19,967;8,463;8,668;19,984;2,633;23,925;OK
3073400591-00-W17-L2- 26 06G017-0001095;545;11:05:39;3,9;OK;OK;OK;OK;0,000;24,058;1,189;-1,000;-1,000;-1,000;-1,000;-1,000;-1,000;-1,000;-1,000;-1,000;-1,000;-1,000;-1,000;-1,000;-1,000;-1,000;-1,000;-1,000;-1,000;-1,000;-1,000;-1,000;-1,000;-1,000;-1,000;-1,000;-1,000;-1,000;-1,000;-1,000;-1,000;-1,000;NOK
3073400591-00-W17-L2- 26 06G017-0001095;545;11:05:50;33,3;OK;OK;OK;OK;0,000;24,052;5,141;2,654;3,262;4,999;1,688;4,963;8,989;8,991;14,982;14,984;19,954;19,967;8,490;8,695;19,848;5,130;2,654;3,284;4,999;1,683;5,079;8,995;8,997;14,982;14,990;19,954;19,973;8,495;8,690;20,000;2,657;23,924;OK
3073400591-00-W17-L2- 26 06G017-0003652;545;11:05:29;33,4;OK;OK;OK;OK;0,000;24,058;5,124;2,676;3,268;4,999;1,699;4,984;8,995;9,019;15,004;15,022;19,987;20,016;8,495;8,701;19,891;5,135;2,676;3,284;4,994;1,699;5,079;8,995;9,013;14,998;15,011;19,981;20,005;8,495;8,695;20,027;2,624;23,926;OK
3073400591-00-W17-L2- 26 06G017-0000050;545;11:05:08;33,4;OK;OK;OK;OK;0,000;24,063;5,103;2,676;3,279;4,972;1,699;4,952;8,978;8,991;14,993;15,006;19,987;20,011;8,479;8,679;19,891;5,108;2,676;3,279;4,978;1,699;5,068;8,978;9,008;14,987;15,011;19,981;20,016;8,479;8,679;20,032;2,681;23,923;OK
3073400591-00-W17-L2- 26 06G017-0001115;545;11:05:47;33,4;OK;OK;OK;OK;0,003;24,058;5,124;2,638;3,262;4,999;1,699;4,979;9,000;9,013;14,993;15,017;19,981;20,016;8,495;8,695;19,886;5,119;2,660;3,284;4,994;1,699;5,090;8,995;9,019;14,998;15,028;19,981;20,011;8,495;8,695;20,032;2,672;23,924;OK
3073400591-00-W17-L2- 26 06G017-0003653;545;11:05:26;33,6;OK;OK;OK;OK;0,000;24,058;5,135;2,660;3,273;5,005;1,688;4,979;9,011;9,008;15,009;15,011;19,998;20,016;8,506;8,711;19,897;5,146;2,644;3,279;5,005;1,688;5,111;9,011;9,040;15,009;15,038;19,992;20,032;8,511;8,706;20,038;2,680;23,921;OK
3073400591-00-W17-L2- 26 06G017-0003655;545;11:05:04;33,3;OK;OK;OK;OK;0,000;24,058;5,092;2,665;3,262;4,967;1,688;4,963;8,967;8,991;14,966;14,984;19,954;19,989;8,468;8,668;19,859;5,103;2,671;3,268;4,972;1,688;5,063;8,973;8,997;14,971;14,990;19,954;19,989;8,473;8,668;19,994;2,629;23,924;OK
3073400591-00-W17-L2- 26 06G017-0001198;545;11:05:43;33,3;OK;OK;OK;OK;0,000;24,052;5,108;2,649;3,273;4,983;1,704;4,973;8,984;9,008;14,987;15,011;19,987;20,016;8,484;8,684;19,891;5,119;2,676;3,279;4,989;1,699;5,079;8,984;9,008;14,987;15,017;19,976;20,022;8,484;8,684;20,027;2,638;23,922;OK
3073400591-00-W17-L2- 26 06G017-0003654;545;11:05:23;33,3;OK;OK;OK;OK;0,000;24,052;5,130;2,676;3,284;4,989;1,639;4,952;8,984;8,986;14,982;14,990;19,976;19,994;8,484;8,684;19,875;5,119;2,687;3,284;4,989;1,645;5,057;8,984;8,986;14,987;14,990;19,970;19,994;8,490;8,690;20,022;2,679;23,922;OK
3073400591-00-W17-L2- 26 06G017-0000060;545;11:05:04;33,3;OK;OK;OK;OK;0,000;24,058;5,108;2,665;3,279;4,983;1,672;4,979;8,967;8,991;14,949;14,979;19,922;19,956;8,473;8,668;19,832;5,113;2,692;3,300;4,989;1,666;5,073;8,962;8,986;14,955;14,968;19,922;19,946;8,473;8,668;19,967;2,636;23,925;OK
3073400591-00-W17-L2- 26 06G017-0001114;545;11:05:43;33,4;OK;OK;OK;OK;0,003;24,052;5,086;2,671;3,268;4,956;1,666;4,952;8,973;9,002;14,976;15,006;19,965;20,000;8,479;8,679;19,886;5,086;2,665;3,268;4,956;1,666;5,052;8,978;9,002;14,976;15,011;19,965;20,000;8,473;8,679;20,011;2,656;23,926;OK
3073400591-00-W17-L2- 26 06G017-0000051;545;11:05:21;33,3;OK;OK;OK;OK;0,000;24,063;5,108;2,687;3,268;4,983;1,710;4,876;8,973;8,883;14,960;14,870;19,932;19,886;8,473;8,673;19,777;5,113;2,687;3,284;4,983;1,699;5,068;8,973;8,986;14,955;14,979;19,932;19,967;8,468;8,679;19,978;2,685;23,922;OK
3073400591-00-W17-L2- 26 06G017-0001199;545;11:05:59;33,3;OK;OK;OK;OK;0,000;24,058;5,124;2,654;3,284;4,999;1,715;4,963;8,995;8,997;15,004;15,006;19,981;20,011;8,501;8,695;19,875;5,135;2,676;3,284;4,999;1,710;5,073;8,995;9,008;14,993;15,000;19,981;20,005;8,501;8,695;20,027;2,697;23,922;OK
3073400591-00-W17-L2- 26 06G017-0000052;545;11:05:38;33,3;OK;OK;OK;OK;0,000;24,058;5,108;2,649;3,268;4,983;1,661;4,968;8,978;9,002;14,987;15,017;19,981;20,016;8,479;8,679;19,886;5,108;2,682;3,273;4,983;1,661;5,084;8,984;9,019;14,987;15,022;19,981;20,016;8,484;8,679;20,022;2,672;23,924;OK
3073400591-00-W17-L2- 26 06G017-0001112;545;11:05:18;33,3;OK;OK;OK;OK;0,000;24,052;5,103;2,665;3,284;4,972;1,683;4,957;8,978;8,991;14,987;15,000;19,976;20,011;8,479;8,673;19,886;5,113;2,654;3,289;4,978;1,683;5,068;8,978;9,008;14,982;15,011;19,976;20,016;8,479;8,673;20,032;2,685;23,923;OK
3073400591-00-W17-L2- 26 06G017-0001102;545;11:05:56;33,3;OK;OK;OK;OK;0,000;24,058;5,124;2,692;3,284;4,999;1,677;4,935;8,984;8,953;14,955;14,941;19,932;19,935;8,484;8,679;19,815;5,130;2,687;3,289;4,994;1,661;5,101;8,978;9,013;14,955;14,995;19,932;19,973;8,484;8,679;19,973;2,669;23,924;OK
3073400591-00-W17-L2- 26 06G017-0001093;545;11:05:35;33,3;OK;OK;OK;OK;0,000;24,058;5,097;2,660;3,284;4,961;1,694;4,935;8,973;8,970;14,960;14,968;19,943;19,956;8,473;8,673;19,837;5,097;2,654;3,284;4,961;1,704;5,057;8,967;8,997;14,960;14,984;19,949;19,973;8,473;8,673;19,989;2,655;23,924;OK
3073400591-00-W17-L2- 26 06G017-0001106;545;11:05:17;33,4;OK;OK;OK;OK;0,000;24,058;5,113;2,676;3,295;4,989;1,666;4,968;8,984;8,991;14,971;14,990;19,954;19,984;8,479;8,684;19,870;5,119;2,687;3,284;4,989;1,661;5,079;8,978;9,002;14,971;14,990;19,954;19,989;8,484;8,684;20,000;2,648;23,923;OK
3073400591-00-W17-L2- 26 06G017-0003660;545;11:05:07;33,8;OK;OK;OK;OK;0,002;24,052;5,081;2,649;3,279;4,956;1,645;4,925;8,951;8,937;14,933;14,930;19,922;19,935;8,446;8,646;19,810;5,097;2,649;3,251;4,956;1,634;5,041;8,951;8,959;14,938;14,952;19,916;19,946;8,446;8,652;19,967;2,660;23,923;OK
3073400591-00-W17-L2- 26 06G017-0001107;545;11:05:26;14,2;OK;OK;OK;OK;0,000;24,052;5,097;2,682;3,279;4,967;1,721;4,935;8,962;8,959;14,955;14,957;19,938;19,951;4,967;-1,000;-1,000;-1,000;-1,000;-1,000;-1,000;-1,000;-1,000;-1,000;-1,000;-1,000;-1,000;-1,000;-1,000;-1,000;-1,000;-1,000;-1,000;-1,000;NOK
3073400591-00-W17-L2- 26 06G017-0001107;545;11:05:11;33,7;OK;OK;OK;OK;0,000;24,052;5,092;2,676;3,273;4,961;1,710;4,935;8,951;8,959;14,949;14,952;19,927;19,940;8,457;8,657;19,821;5,097;2,682;3,257;4,961;1,721;5,063;8,957;8,981;14,949;14,973;19,927;19,956;8,457;8,657;19,967;2,637;23,928;OK
3073400591-00-W17-L2- 26 06G017-0003659;545;11:05:31;14,1;OK;OK;OK;OK;0,000;24,058;5,108;2,676;3,257;4,967;1,650;4,946;8,978;8,981;14,976;14,979;19,954;19,984;4,978;-1,000;-1,000;-1,000;-1,000;-1,000;-1,000;-1,000;-1,000;-1,000;-1,000;-1,000;-1,000;-1,000;-1,000;-1,000;-1,000;-1,000;-1,000;-1,000;NOK
3073400591-00-W17-L2- 26 06G017-0003659;545;11:05:08;33,9;OK;OK;OK;OK;0,000;24,052;5,097;2,671;3,251;4,967;1,645;4,946;8,973;8,991;14,971;14,984;19,949;19,978;8,473;8,679;19,853;5,103;2,660;3,257;4,967;1,645;5,063;8,973;8,997;14,966;14,990;19,949;19,984;8,479;8,679;20,000;2,636;23,923;OK
3073400591-00-W17-L2- 26 06G017-0001103;545;11:05:21;8,9;OK;OK;OK;OK;0,000;24,052;5,075;2,649;3,262;5,124;0,912;-1,000;-1,000;-1,000;-1,000;-1,000;-1,000;-1,000;-1,000;-1,000;-1,000;-1,000;-1,000;-1,000;-1,000;-1,000;-1,000;-1,000;-1,000;-1,000;-1,000;-1,000;-1,000;-1,000;-1,000;-1,000;-1,000;-1,000;NOK
3073400591-00-W17-L2- 26 06G017-0001103;545;11:05:33;3,9;OK;OK;OK;OK;0,002;24,052;1,183;-1,000;-1,000;-1,000;-1,000;-1,000;-1,000;-1,000;-1,000;-1,000;-1,000;-1,000;-1,000;-1,000;-1,000;-1,000;-1,000;-1,000;-1,000;-1,000;-1,000;-1,000;-1,000;-1,000;-1,000;-1,000;-1,000;-1,000;-1,000;-1,000;-1,000;-1,000;NOK
3073400591-00-W17-L2- 26 06G017-0001103;545;11:05:16;33,4;OK;OK;OK;OK;0,000;24,058;5,119;2,660;3,268;4,978;1,634;4,963;8,995;9,002;15,009;15,028;20,003;20,032;8,490;8,690;19,908;5,113;2,654;3,257;4,983;1,628;5,084;8,989;9,024;15,004;15,033;20,008;20,043;8,490;8,690;20,049;2,697;23,924;OK
3073400591-00-W17-L2- 26 06G017-0001098;545;11:05:55;33,4;OK;OK;OK;OK;0,000;24,052;5,141;2,654;3,251;5,016;1,645;4,979;9,011;9,002;15,009;15,000;19,981;19,994;8,506;8,711;19,875;5,151;2,649;3,262;5,016;1,650;5,106;9,005;9,029;15,004;15,028;19,987;20,016;8,511;8,711;20,022;2,702;23,923;OK
3073400591-00-W17-L2- 26 06G017-0001104;545;11:05:23;21,9;OK;OK;OK;OK;0,002;24,058;5,124;2,649;3,289;4,999;1,704;4,979;8,995;9,008;14,993;15,011;19,981;20,005;8,495;8,690;19,880;5,135;2,682;3,284;4,999;1,710;4,509;-1,000;-1,000;-1,000;-1,000;-1,000;-1,000;-1,000;-1,000;-1,000;-1,000;-1,000;NOK
3073400591-00-W17-L2- 26 06G017-0001104;545;11:05:00;33,3;OK;OK;OK;OK;0,000;24,058;5,119;2,649;3,268;4,994;1,710;4,973;8,989;8,997;14,993;15,000;19,970;19,994;8,490;8,684;19,875;5,130;2,687;3,279;4,994;1,699;5,079;8,989;9,008;14,987;15,006;19,970;19,989;8,490;8,690;20,022;2,682;23,924;OK
3073400591-00-W17-L2- 26 06G017-0001097;545;11:05:39;33,3;OK;OK;OK;OK;0,000;24,052;5,135;2,687;3,284;5,010;1,715;4,979;9,011;9,013;15,025;15,038;20,025;20,043;8,511;8,706;19,924;5,141;2,660;3,268;5,005;1,715;5,095;9,016;9,029;15,031;15,044;20,019;20,049;8,511;8,717;20,065;2,707;23,922;OK
3073400591-00-W17-L2- 26 06G017-0001099;545;11:05:18;33,5;OK;OK;OK;OK;0,003;24,047;5,146;2,671;3,273;4,994;1,634;4,968;8,984;8,997;14,971;14,990;19,949;19,973;8,490;8,684;19,848;5,130;2,682;3,251;4,994;1,628;5,090;8,978;9,008;14,971;15,006;19,954;19,984;8,484;8,684;19,994;2,682;23,923;OK
3073400591-00-W17-L2- 26 06G017-0001100;545;11:05:01;33,3;OK;OK;OK;OK;0,000;24,052;5,130;2,660;3,273;4,999;1,661;4,973;9,000;9,002;14,998;14,995;19,976;19,994;8,501;8,701;19,875;5,141;2,676;3,268;5,005;1,661;5,090;9,000;9,024;14,993;15,017;19,970;20,005;8,501;8,701;20,022;2,664;23,926;OK
3073400591-00-W17-L2- 26 06G017-0001096;545;11:05:40;33,3;OK;OK;OK;OK;0,000;24,058;5,113;2,644;3,279;4,978;1,688;4,952;8,978;8,986;14,982;14,990;19,970;19,994;8,479;8,684;19,875;5,113;2,671;3,262;4,978;1,688;5,079;8,984;9,013;14,987;15,006;19,976;20,011;8,484;8,679;20,011;2,670;23,923;OK
3073400591-00-W17-L2- 26 06G017-0003650;545;11:05:59;33,5;OK;OK;OK;OK;0,000;24,052;5,081;2,682;3,279;4,956;1,672;4,925;8,962;8,964;14,944;14,952;19,922;19,935;8,463;8,668;19,815;5,086;2,676;3,268;4,956;1,677;5,046;8,967;8,981;14,949;14,962;19,916;19,946;8,468;8,663;19,962;2,655;23,924;OK
3073400591-00-W17-L2- 26 06G017-0001109;545;11:05:38;33,4;OK;OK;OK;OK;0,000;24,052;5,081;2,660;3,279;4,961;1,704;4,935;8,962;8,964;14,971;14,979;19,960;19,984;8,463;8,657;19,864;5,097;2,687;3,284;4,956;1,699;5,052;8,967;8,986;14,966;14,990;19,960;19,989;8,463;8,663;20,000;2,670;23,924;OK
3073400591-00-W17-L2- 26 06G017-0001116;545;11:05:17;33,4;OK;OK;OK;OK;0,000;24,047;5,113;2,671;3,268;4,983;1,688;4,973;8,978;9,013;14,982;15,011;19,965;19,994;8,479;8,679;19,870;5,119;2,660;3,279;4,983;1,694;5,068;8,978;9,002;14,976;15,000;19,960;19,994;8,473;8,679;20,011;2,650;23,924;OK
3073400591-00-W17-L2- 26 06G017-0001094;545;11:05:55;33,3;OK;OK;OK;OK;0,000;24,058;5,092;2,665;3,251;4,961;1,699;4,946;8,957;8,975;14,960;14,979;19,943;19,973;8,457;8,663;19,859;5,092;2,676;3,268;4,956;1,688;5,041;8,951;8,964;14,960;14,968;19,949;19,967;8,457;8,657;19,994;2,643;23,925;OK
3073400591-00-W17-L2- 26 06G017-0003658;545;11:05:54;33,3;OK;OK;OK;OK;0,000;24,052;5,130;2,654;3,257;5,005;1,656;4,979;9,000;9,019;14,998;15,017;19,987;20,022;8,501;8,701;19,897;5,135;2,649;3,273;5,005;1,650;5,090;9,000;9,019;14,998;15,017;19,992;20,016;8,501;8,701;20,032;2,641;23,923;OK
3073400591-00-W17-L2- 26 06G017-0003651;545;11:05:32;33,3;OK;OK;OK;OK;0,000;24,052;5,130;2,665;3,268;5,010;1,694;4,990;9,000;9,019;14,998;15,017;19,981;20,011;8,506;8,701;19,886;5,146;2,682;3,268;5,005;1,694;5,095;9,005;9,019;15,004;15,017;19,981;20,011;8,506;8,706;20,032;2,616;23,925;OK
3073400591-00-W17-L2- 26 06G017-0000731;545;11:05:28;33,3;OK;OK;OK;OK;0,000;24,058;5,108;2,633;3,268;4,989;1,656;4,963;8,978;8,981;14,971;14,979;19,943;19,962;8,484;8,684;19,848;5,113;2,638;3,262;4,989;1,661;5,041;8,978;8,959;14,971;14,952;19,943;19,946;8,484;8,679;19,989;2,628;23,925;OK
3073400591-00-W17-L2- 26 06G017-0000038;545;11:05:13;33,3;OK;OK;OK;OK;0,003;24,052;5,124;2,665;3,273;5,005;1,710;4,984;8,978;8,997;14,982;15,006;19,976;20,000;8,484;8,679;19,886;5,130;2,638;3,273;4,999;1,699;5,084;8,984;8,997;14,987;15,000;19,976;19,994;8,479;8,679;20,022;2,670;23,922;OK
3073400591-00-W17-L2- 26 06G017-0000041;545;11:05:51;33,3;OK;OK;OK;OK;0,000;24,052;5,097;2,649;3,257;4,951;1,683;4,935;8,978;8,997;14,987;15,006;19,970;20,000;8,473;8,673;19,880;5,086;2,644;3,268;4,956;1,688;5,041;8,973;8,997;14,987;15,006;19,965;19,994;8,473;8,679;20,011;2,626;23,922;OK
3073400591-00-W17-L2- 26 06G017-0000044;545;11:05:29;33,3;OK;OK;OK;OK;0,000;24,052;5,113;2,644;3,268;4,989;1,666;4,979;8,978;8,997;14,960;14,984;19,932;19,967;8,484;8,684;19,837;5,130;2,682;3,289;4,994;1,672;4,997;8,978;8,905;14,960;14,897;19,927;19,886;8,479;8,684;19,978;2,637;23,926;OK
3073400591-00-W17-L2- 26 06G017-0000485;545;12:05:57;24,3;OK;OK;OK;OK;0,000;24,052;5,119;2,682;3,257;4,994;1,677;4,979;8,995;9,008;15,009;15,022;20,003;20,032;8,495;8,695;19,908;5,130;2,665;3,268;4,994;1,672;5,046;8,995;8,981;15,004;5,241;-1,000;-1,000;-1,000;-1,000;-1,000;-1,000;-1,000;NOK
3073400591-00-W17-L2- 26 06G017-0000485;545;12:05:34;33,4;OK;OK;OK;OK;0,000;24,058;5,130;2,671;3,289;4,994;1,688;4,952;9,000;8,986;15,009;14,995;20,014;20,016;8,501;8,701;19,891;5,135;2,671;3,289;4,994;1,683;5,079;9,000;9,008;15,014;15,022;20,019;20,043;8,501;8,701;20,060;2,662;23,927;OK
3073400591-00-W17-L2- 26 06G017-0000724;545;12:05:25;33,3;OK;OK;OK;OK;0,000;24,063;5,157;2,682;3,284;5,010;1,661;4,984;9,005;9,024;15,009;15,033;19,998;20,032;8,511;8,706;19,908;5,141;2,660;3,284;5,010;1,666;5,063;9,005;8,991;15,014;15,006;20,003;20,011;8,511;8,711;20,049;2,666;23,929;OK
3073400591-00-W17-L2- 26 06G017-0000043;545;12:05:04;33,3;OK;OK;OK;OK;0,001;24,052;5,124;2,676;3,273;5,005;1,721;4,984;8,995;9,008;14,982;15,000;19,965;19,994;8,490;8,695;19,870;5,130;2,671;3,251;4,999;1,715;5,090;8,984;9,013;14,982;15,006;19,965;19,984;8,490;8,690;20,005;2,632;23,929;OK
3073400591-00-W17-L2- 26 06G017-0001101;545;12:05:43;33,4;OK;OK;OK;OK;0,000;24,063;5,092;2,660;3,289;4,961;1,650;4,963;8,946;8,981;14,933;14,957;19,905;19,951;8,452;8,652;19,821;5,097;2,665;3,289;4,967;1,656;5,057;8,951;8,970;14,928;14,957;19,900;19,935;8,446;8,652;19,951;2,617;23,930;OK
3073400591-00-W17-L2- 26 06G017-0000730;545;12:05:03;14,1;OK;OK;OK;OK;0,000;24,058;5,135;2,660;3,251;4,994;1,715;4,990;9,000;9,024;15,004;15,033;20,008;20,043;4,999;-1,000;-1,000;-1,000;-1,000;-1,000;-1,000;-1,000;-1,000;-1,000;-1,000;-1,000;-1,000;-1,000;-1,000;-1,000;-1,000;-1,000;-1,000;-1,000;NOK
3073400591-00-W17-L2- 26 06G017-0000730;545;12:05:40;33,3;OK;OK;OK;OK;0,000;24,063;5,130;2,654;3,262;4,999;1,715;5,001;9,005;9,035;15,009;15,038;20,014;20,049;8,501;8,701;19,924;5,130;2,660;3,279;5,146;1,721;5,095;9,005;9,029;15,014;15,038;20,008;20,049;8,495;8,701;20,054;2,683;23,926;OK
3073400591-00-W17-L2- 26 06G017-0000040;545;12:05:18;33,2;OK;OK;OK;OK;0,000;24,052;5,130;2,654;3,279;4,983;1,666;4,979;8,984;9,002;14,976;15,006;19,960;19,994;8,484;8,684;19,880;5,119;2,676;3,284;4,989;1,672;5,079;8,984;9,002;14,976;14,995;19,965;19,994;8,484;8,684;20,005;2,626;23,928;OK
3073400591-00-W17-L2- 26 06G017-0000047;545;12:05:57;33,3;OK;OK;OK;OK;0,000;24,063;5,124;2,665;3,279;4,994;1,710;4,973;8,984;8,997;14,966;14,990;19,938;19,962;8,479;8,684;19,842;5,124;2,687;3,279;4,989;1,710;5,084;8,984;9,002;14,966;14,990;19,932;19,967;8,479;8,679;19,984;2,641;23,929;OK
3073400591-00-W17-L2- 26 06G017-0000727;545;12:05:38;33,3;OK;OK;OK;OK;0,000;24,058;5,081;2,644;3,273;4,961;1,704;4,930;8,951;8,953;14,938;14,952;19,922;19,946;8,452;8,652;19,821;5,092;2,644;3,246;4,956;1,704;5,046;8,946;8,970;14,944;14,957;19,922;19,951;8,446;8,652;19,973;2,629;23,928;OK
3073400591-00-W17-L2- 26 06G017-0001110;545;12:05:18;33,3;OK;OK;OK;OK;0,000;24,058;5,130;2,644;3,251;4,999;1,661;4,963;9,000;8,986;14,993;14,995;19,970;19,989;8,501;8,701;19,864;5,135;2,649;3,273;4,999;1,661;5,084;8,995;9,013;14,993;15,006;19,976;19,994;8,495;8,701;20,022;2,614;23,927;OK
3073400591-00-W17-L2- 26 06G017-0000046;545;12:05:58;33,3;OK;OK;OK;OK;0,000;24,058;5,103;2,660;3,295;4,978;1,694;4,963;8,978;8,991;14,976;14,995;19,965;20,000;8,479;8,679;19,875;5,113;2,660;3,279;4,978;1,688;5,068;8,978;9,002;14,976;15,000;19,965;20,000;8,479;8,679;20,016;2,612;23,930;OK
3073400591-00-W17-L2- 26 06G017-0000048;545;12:05:38;33,3;OK;OK;OK;OK;0,000;24,063;5,124;2,671;3,279;5,005;1,672;4,963;9,005;8,991;15,020;15,017;20,003;20,032;8,501;8,706;19,902;5,130;2,671;3,268;5,005;1,666;5,073;9,005;8,997;15,009;15,006;20,003;20,016;8,506;8,695;20,054;2,661;23,926;OK
3073400591-00-W17-L2- 26 06G017-0000037;545;12:05:18;33,3;OK;OK;OK;OK;0,000;24,058;5,081;2,644;3,262;4,951;1,650;4,925;8,962;8,953;14,955;14,952;19,927;19,940;8,468;8,668;19,815;5,092;2,676;3,251;4,956;1,650;5,041;8,962;8,981;14,960;14,973;19,932;19,956;8,468;8,668;19,978;2,631;23,928;OK
3073400591-00-W17-L2- 26 06G017-0000725;545;12:05:57;33,4;OK;OK;OK;OK;0,000;24,052;5,081;2,638;3,241;4,956;1,710;4,925;8,951;8,953;14,938;14,941;19,900;19,918;8,457;8,657;19,799;5,086;2,676;3,246;4,956;1,710;5,030;8,951;8,964;14,938;14,941;19,900;19,918;8,457;8,657;19,946;2,653;23,928;OK
3073400591-00-W17-L2- 26 06G017-0000042;545;12:05:36;33,2;OK;OK;OK;OK;0,000;24,052;5,103;2,671;3,262;4,972;1,661;4,952;8,967;8,986;14,976;14,995;19,970;20,005;8,473;8,668;19,880;5,103;2,665;3,246;4,967;1,656;5,063;8,967;8,991;14,982;15,000;19,970;20,005;8,473;8,673;20,027;2,640;23,927;OK
3073400591-00-W17-L2- 26 06G017-0000045;545;12:05:18;33,3;OK;OK;OK;OK;0,000;24,052;5,119;2,654;3,257;4,978;1,645;4,968;8,962;8,981;14,938;14,952;19,911;19,940;8,463;8,663;19,821;5,119;2,665;3,279;4,983;1,645;5,068;8,962;8,970;14,938;14,946;19,916;19,940;8,463;8,668;19,956;2,616;24,075;OK
3073400591-00-W17-L2- 26 06G017-0000057;545;12:05:00;33,3;OK;OK;OK;OK;0,001;24,052;5,113;2,671;3,268;4,978;1,656;4,919;8,957;8,943;14,933;14,924;19,911;19,913;8,463;8,657;19,794;5,108;2,671;3,257;4,978;1,650;5,057;8,957;8,970;14,933;14,946;19,905;19,929;8,463;8,657;19,956;2,617;23,928;OK
3073400591-00-W17-L2- 26 06G017-0000728;545;12:05:41;33,3;OK;OK;OK;OK;0,000;24,047;5,113;2,665;3,257;4,989;1,688;4,930;8,978;8,953;14,971;14,957;19,949;19,956;8,484;8,679;19,826;5,124;2,660;3,273;4,983;1,677;5,079;8,978;8,997;14,966;14,990;19,943;19,973;8,479;8,684;19,989;2,640;23,926;OK
3073400591-00-W17-L2- 26 06G017-0000039;545;12:05:23;33,3;OK;OK;OK;OK;0,000;24,069;5,103;2,687;3,257;4,978;1,683;4,952;8,973;8,975;14,966;14,979;19,976;19,994;8,468;8,673;19,870;5,108;2,660;3,268;4,972;1,677;5,052;8,967;8,975;14,971;14,979;19,976;19,994;8,473;8,673;20,016;2,649;23,927;OK
3073400591-00-W17-L2- 26 06G017-0000721;545;12:05:05;33,4;OK;OK;OK;OK;0,000;24,058;5,108;2,649;3,251;4,994;1,661;4,903;8,984;8,926;14,987;14,930;19,965;19,935;8,484;8,684;19,804;5,124;2,676;3,262;4,989;1,656;5,079;8,984;9,008;14,982;15,006;19,970;19,994;8,490;8,690;20,016;2,662;23,925;OK
3073400591-00-W17-L2- 26 06G017-0000753;545;12:05:45;33,4;OK;OK;OK;OK;0,000;24,052;5,119;2,654;3,279;4,989;1,661;4,935;8,989;8,959;14,993;14,973;19,970;19,973;8,490;8,690;19,848;5,124;2,687;3,262;4,989;1,666;5,073;8,989;9,008;14,987;15,006;19,970;19,994;8,490;8,690;20,016;2,662;23,924;OK
3073400591-00-W17-L2- 26 06G017-0000756;545;12:05:29;33,5;OK;OK;OK;OK;0,000;24,058;5,119;2,687;3,268;4,983;1,704;4,903;8,995;8,926;15,004;14,952;20,003;19,973;8,490;8,690;19,853;5,124;2,676;3,284;4,989;1,699;5,068;8,995;9,008;15,004;15,022;20,003;20,027;8,495;8,695;20,049;2,682;23,925;OK
3073400591-00-W17-L2- 26 06G017-0000732;545;12:05:10;33,3;OK;OK;OK;OK;0,000;24,052;5,108;2,676;3,279;4,983;1,699;4,957;8,984;8,991;14,998;15,000;19,987;20,000;8,490;8,684;19,880;5,124;2,676;3,284;4,983;1,704;5,073;8,989;9,002;14,993;15,011;19,981;20,011;8,484;8,684;20,032;2,665;23,927;OK
3073400591-00-W17-L2- 26 06G017-0000755;545;12:05:52;33,3;OK;OK;OK;OK;0,000;24,052;5,108;2,644;3,284;4,994;1,710;4,963;9,005;9,002;15,014;15,022;20,019;20,032;8,501;8,695;19,908;5,130;2,660;3,262;4,989;1,710;5,084;9,000;9,019;15,014;15,033;20,019;20,043;8,495;8,701;20,060;2,685;23,925;OK
3073400591-00-W17-L2- 26 06G017-0000752;545;12:05:32;33,4;OK;OK;OK;OK;0,000;24,058;5,124;2,654;3,257;4,999;1,704;4,968;8,989;8,997;14,971;14,984;19,949;19,973;8,490;8,690;19,853;5,135;2,649;3,279;4,999;1,704;5,095;8,984;9,013;14,971;14,995;19,943;19,984;8,490;8,690;19,994;2,654;23,927;OK
3073400591-00-W17-L2- 26 06G017-0000726;545;12:05:49;9,4;OK;OK;OK;OK;0,000;24,058;5,103;2,676;3,279;5,016;1,704;4,317;-1,000;-1,000;-1,000;-1,000;-1,000;-1,000;-1,000;-1,000;-1,000;-1,000;-1,000;-1,000;-1,000;-1,000;-1,000;-1,000;-1,000;-1,000;-1,000;-1,000;-1,000;-1,000;-1,000;-1,000;-1,000;-1,000;NOK
3073400591-00-W17-L2- 26 06G017-0000726;545;12:05:06;9,4;OK;OK;OK;OK;0,000;24,052;5,113;2,682;3,268;5,010;1,715;4,371;-1,000;-1,000;-1,000;-1,000;-1,000;-1,000;-1,000;-1,000;-1,000;-1,000;-1,000;-1,000;-1,000;-1,000;-1,000;-1,000;-1,000;-1,000;-1,000;-1,000;-1,000;-1,000;-1,000;-1,000;-1,000;-1,000;NOK
3073400591-00-W17-L2- 26 06G017-0000726;545;12:05:54;33,3;OK;OK;OK;OK;0,000;24,058;5,162;2,665;3,257;5,021;1,715;5,006;8,995;9,019;14,987;15,011;19,970;20,005;8,495;8,695;19,886;5,151;2,660;3,262;5,016;1,715;5,117;9,000;9,029;14,987;15,022;19,970;20,011;8,495;8,695;20,022;2,658;23,926;OK
3073400591-00-W17-L2- 26 06G017-0000719;545;12:05:33;33,3;OK;OK;OK;OK;0,000;24,052;5,075;2,676;3,273;4,972;1,710;4,941;8,984;8,986;14,998;15,006;19,992;20,011;8,484;8,679;19,886;5,103;2,660;3,284;4,972;1,721;5,046;8,978;8,991;14,998;15,006;19,992;20,011;8,484;8,684;20,038;2,647;23,925;OK
3073400591-00-W17-L2- 26 06G017-0000754;545;12:05:12;33,3;OK;OK;OK;OK;0,000;24,052;5,113;2,660;3,279;4,983;1,656;4,963;8,989;9,002;14,998;15,006;19,992;20,022;8,490;8,690;19,891;5,119;2,692;3,295;4,989;1,656;5,073;8,989;9,019;14,993;15,022;19,992;20,027;8,490;8,690;20,043;2,662;23,924;OK
3073400591-00-W17-L2- 26 06G017-0000750;545;12:05:53;33,3;OK;OK;OK;OK;0,000;24,052;5,097;2,644;3,273;4,956;1,672;4,925;8,973;8,970;14,960;14,968;19,938;19,951;8,473;8,673;19,826;5,092;2,665;3,257;4,961;1,672;5,052;8,967;8,997;14,960;14,979;19,932;19,962;8,473;8,673;19,978;2,640;23,926;OK
3073400591-00-W17-L2- 26 06G017-0000746;545;12:05:32;33,4;OK;OK;OK;OK;0,000;24,063;5,124;2,665;3,268;5,005;1,661;4,946;8,984;8,959;14,976;14,962;19,960;19,956;8,479;8,679;19,842;5,135;2,654;3,262;5,005;1,656;5,090;8,978;9,008;14,976;15,006;19,960;19,989;8,479;8,679;20,005;2,635;23,926;OK
3073400591-00-W17-L2- 26 06G017-0000712;545;12:05:12;33,3;OK;OK;OK;OK;0,003;24,052;5,135;2,676;3,284;4,994;1,661;4,963;8,978;8,981;14,960;14,962;19,943;19,956;8,484;8,684;19,837;5,124;2,682;3,273;4,999;1,656;5,090;8,978;9,002;14,960;14,973;19,943;19,973;8,484;8,684;19,984;2,646;23,925;OK
3073400591-00-W17-L2- 26 06G017-0000751;545;12:05:52;33,4;OK;OK;OK;OK;0,001;24,063;5,135;2,671;3,257;5,010;1,688;4,995;9,000;9,013;14,987;15,006;19,965;19,994;8,495;8,695;19,875;5,141;2,649;3,251;5,016;1,683;5,073;8,995;8,986;14,982;14,973;19,965;19,973;8,501;8,695;20,005;2,681;23,925;OK
3073400591-00-W17-L2- 26 06G017-0000729;545;12:05:32;33,2;OK;OK;OK;OK;0,000;24,063;5,130;2,638;3,262;5,005;1,699;4,952;8,995;8,981;14,976;14,979;19,954;19,962;8,490;8,695;19,842;5,135;2,671;3,273;5,010;1,699;5,101;8,989;9,019;14,976;15,006;19,949;19,984;8,495;8,690;19,994;2,654;23,925;OK
3073400591-00-W17-L2- 26 06G017-0000749;545;12:05:15;33,3;OK;OK;OK;OK;0,000;24,058;5,119;2,682;3,289;4,999;1,645;4,952;8,978;8,959;14,949;14,941;19,932;19,935;8,479;8,684;19,815;5,124;2,654;3,257;4,994;1,650;5,084;8,978;8,997;14,955;14,968;19,932;19,956;8,484;8,684;19,978;2,629;23,927;OK
3073400591-00-W17-L2- 26 06G017-0000717;545;12:05:42;18,0;OK;OK;OK;OK;0,000;24,052;5,097;2,671;3,279;4,972;1,677;4,946;8,962;8,970;14,955;14,962;19,927;19,956;8,463;8,668;19,826;5,108;2,649;-3,577;-1,000;-1,000;-1,000;-1,000;-1,000;-1,000;-1,000;-1,000;-1,000;-1,000;-1,000;-1,000;-1,000;-1,000;NOK
3073400591-00-W17-L2- 26 06G017-0000717;545;12:05:04;17,9;OK;OK;OK;OK;0,000;24,058;5,108;2,682;3,279;4,983;1,683;4,946;8,973;8,975;14,955;14,968;19,927;19,956;8,468;8,668;19,826;5,113;2,687;1,699;-1,000;-1,000;-1,000;-1,000;-1,000;-1,000;-1,000;-1,000;-1,000;-1,000;-1,000;-1,000;-1,000;-1,000;NOK
3073400591-00-W17-L2- 26 06G017-0000717;545;12:05:42;17,9;OK;OK;OK;OK;0,000;24,058;5,113;2,649;3,251;4,972;1,672;4,963;8,967;8,991;14,949;14,968;19,916;19,956;8,468;8,668;19,832;5,108;2,676;-3,116;-1,000;-1,000;-1,000;-1,000;-1,000;-1,000;-1,000;-1,000;-1,000;-1,000;-1,000;-1,000;-1,000;-1,000;NOK
3073400591-00-W17-L2- 26 06G017-0000745;545;12:05:23;33,4;OK;OK;OK;OK;0,002;24,058;5,108;2,665;3,279;4,983;1,645;4,963;8,978;8,997;14,987;15,006;19,976;20,005;8,479;8,679;19,880;5,113;2,671;3,284;4,983;1,645;5,068;8,978;9,008;14,982;15,011;19,976;20,005;8,479;8,679;20,027;2,655;23,929;OK
3073400591-00-W17-L2- 26 06G017-0000713;545;12:05:01;33,4;OK;OK;OK;OK;0,000;24,047;5,092;2,660;3,273;4,972;1,688;4,957;8,951;8,975;14,938;14,957;19,911;19,951;8,457;8,657;19,821;5,103;2,665;3,273;4,967;1,694;5,063;8,951;8,975;14,933;14,957;19,911;19,946;8,457;8,663;19,956;2,609;23,927;OK
3073400591-00-W17-L2- 26 06G017-0000715;545;12:05:41;33,5;OK;OK;OK;OK;0,000;24,058;5,081;2,660;3,262;4,956;1,715;4,935;8,973;8,986;14,976;14,995;19,970;19,989;8,479;8,679;19,864;5,092;2,665;3,284;4,956;1,715;5,041;8,978;8,991;14,982;14,995;19,970;19,989;8,479;8,673;20,011;2,665;23,926;OK
3073400591-00-W17-L2- 26 06G017-0000709;545;12:05:20;33,5;OK;OK;OK;OK;0,000;24,058;5,124;2,660;3,279;4,994;1,666;4,984;8,995;9,013;14,993;15,017;19,976;20,005;8,490;8,695;19,886;5,130;2,671;3,262;4,994;1,661;5,090;8,995;9,024;14,998;15,022;19,976;20,005;8,495;8,695;20,027;2,642;23,928;OK
3073400591-00-W17-L2- 26 06G017-0000723;545;12:05:59;33,4;OK;OK;OK;OK;0,000;24,058;5,135;2,644;3,268;4,999;1,666;4,995;8,995;9,029;14,993;15,022;19,976;20,016;8,495;8,695;19,897;5,135;2,644;3,279;4,999;1,672;5,090;8,995;9,019;14,993;15,017;19,970;20,000;8,495;8,695;20,022;2,651;23,928;OK
3073400591-00-W17-L2- 26 06G017-0000722;545;12:05:39;33,5;OK;OK;OK;OK;0,000;24,052;5,108;2,660;3,262;4,978;1,683;4,957;8,967;8,981;14,949;14,973;19,932;19,967;8,468;8,663;19,848;5,108;2,665;3,262;4,972;1,688;5,057;8,962;8,975;14,949;14,973;19,938;19,962;8,468;8,663;19,984;2,625;23,929;OK
3073400591-00-W17-L2- 26 06G017-0000716;545;12:05:18;33,4;OK;OK;OK;OK;0,000;24,058;5,130;2,654;3,246;5,005;1,704;5,001;8,989;9,019;14,982;15,006;19,965;20,000;8,495;8,695;19,880;5,141;2,654;3,268;5,010;1,704;5,090;8,995;9,002;14,982;14,990;19,965;19,978;8,501;8,695;20,011;2,652;23,928;OK
3073400591-00-W17-L2- 26 06G017-0000720;545;12:05:56;33,5;OK;OK;OK;OK;0,000;24,052;5,108;2,644;3,268;4,983;1,694;4,957;8,973;8,981;14,966;14,973;19,943;19,962;8,479;8,679;19,842;5,119;2,660;3,251;4,983;1,694;5,068;8,973;8,986;14,966;14,979;19,943;19,962;8,473;8,679;19,984;2,620;23,928;OK
3073400591-00-W17-L2- 26 06G017-0001082;545;12:05:35;33,5;OK;OK;OK;OK;0,000;24,058;5,119;2,649;3,284;4,994;1,721;4,963;8,995;9,008;15,014;15,011;20,003;20,016;8,501;8,695;19,902;5,130;2,687;3,284;4,994;1,721;5,079;8,995;9,019;15,009;15,033;19,998;20,027;8,495;8,695;20,049;2,647;23,928;OK
3073400591-00-W17-L2- 26 06G017-0000711;545;12:05:13;33,5;OK;OK;OK;OK;0,000;24,058;5,151;2,665;3,273;5,021;1,710;4,990;9,016;9,019;14,998;15,006;19,976;19,994;8,517;8,717;19,875;5,151;2,671;3,262;5,021;1,710;5,095;9,016;9,019;15,004;15,006;19,970;19,989;8,511;8,717;20,022;2,635;23,929;OK
3073400591-00-W17-L2- 26 06G017-0001090;545;12:05:56;33,6;OK;OK;OK;OK;0,000;24,052;5,119;2,649;3,289;4,978;1,645;4,941;9,000;8,997;15,004;15,006;19,992;20,011;8,501;8,701;19,891;5,108;2,687;3,273;4,978;1,645;5,057;8,995;9,013;15,004;15,017;19,987;20,016;8,495;8,701;20,038;2,670;23,927;OK
3073400591-00-W17-L2- 26 06G017-0001088;545;12:05:34;33,5;OK;OK;OK;OK;0,000;24,063;5,135;2,649;3,273;5,005;1,704;4,990;8,989;9,008;14,976;14,990;19,949;19,973;8,490;8,690;19,859;5,141;2,665;3,268;5,005;1,704;5,090;8,984;9,008;14,971;14,990;19,943;19,978;8,490;8,690;19,994;2,657;23,961;OK
3073400591-00-W17-L2- 26 06G017-0001091;545;12:05:14;33,6;OK;OK;OK;OK;0,000;24,047;5,108;2,660;3,262;4,978;1,688;4,946;8,973;8,970;14,976;14,973;19,954;19,967;8,473;8,679;19,853;5,113;2,660;3,262;4,983;1,683;5,063;8,978;8,991;14,971;14,990;19,954;19,978;8,473;8,673;20,000;2,664;23,928;OK
3073400591-00-W17-L2- 26 06G017-0001084;545;12:05:52;33,6;OK;OK;OK;OK;0,001;24,058;5,124;2,682;3,289;4,994;1,656;4,984;9,005;9,024;15,014;15,038;20,008;20,032;8,501;8,701;19,908;5,130;2,698;3,289;4,994;1,650;5,079;9,000;9,013;15,009;15,022;20,003;20,022;8,501;8,701;20,054;2,664;23,927;OK
3073400591-00-W17-L2- 26 06G017-0001085;545;12:05:31;33,7;OK;OK;OK;OK;0,000;24,052;5,092;2,644;3,284;4,956;1,726;4,925;8,973;8,970;14,971;14,973;19,965;19,984;8,473;8,673;19,870;5,092;2,665;3,257;4,956;1,715;5,057;8,967;9,002;14,971;15,006;19,965;20,000;8,473;8,673;20,005;2,675;24,074;OK
3073400591-00-W17-L2- 26 06G017-0001087;545;12:05:22;33,5;OK;OK;OK;OK;0,000;24,052;5,124;2,676;3,284;4,994;1,683;4,957;8,978;8,981;14,955;14,957;19,927;19,940;8,479;8,679;19,821;5,130;2,676;3,279;4,994;1,683;5,079;8,978;8,986;14,960;14,968;19,922;19,946;8,484;8,679;19,967;2,656;23,928;OK
3073400591-00-W17-L2- 26 06G017-0001089;545;12:05:06;33,6;OK;OK;OK;OK;0,000;24,052;5,092;2,676;3,268;4,961;1,634;4,941;8,962;8,981;14,949;14,962;19,938;19,962;8,468;8,668;19,837;5,092;2,671;3,246;4,961;1,623;5,057;8,967;8,991;14,949;14,968;19,932;19,962;8,468;8,673;19,978;2,664;23,928;OK
3073400591-00-W17-L2- 26 06G017-0001083;545;12:05:55;33,4;OK;OK;OK;OK;0,000;24,058;5,103;2,660;3,289;4,978;1,688;4,963;8,984;9,008;14,998;15,028;19,998;20,027;8,484;8,684;19,908;5,113;2,649;3,284;4,978;1,677;5,057;8,984;8,997;15,004;15,017;20,003;20,027;8,484;8,690;20,043;2,669;23,926;OK
3073400591-00-W17-L2- 26 06G017-0001092;545;12:05:33;33,4;OK;OK;OK;OK;0,000;24,047;5,135;2,682;3,284;5,005;1,656;4,984;8,978;8,986;14,966;14,973;19,949;19,973;8,473;8,673;19,848;5,135;2,687;3,279;5,005;1,645;5,101;8,978;9,002;14,966;14,990;19,943;19,978;8,484;8,679;20,000;2,645;23,927;OK
3073400591-00-W17-L2- 26 06G017-0001086;545;12:05:12;33,3;OK;OK;OK;OK;0,000;24,052;5,113;2,676;3,257;4,983;1,639;4,963;8,973;8,997;14,971;14,990;19,943;19,973;8,473;8,673;19,853;5,119;2,665;3,257;4,983;1,628;5,073;8,978;8,997;14,971;14,984;19,949;19,973;8,473;8,673;19,989;2,662;23,927;OK
3073400591-00-W17-L2- 26 06G017-0000416;545;12:05:51;33,4;OK;OK;OK;OK;0,003;24,063;5,092;2,660;3,295;4,967;1,677;4,946;8,967;8,981;14,966;14,984;19,970;19,994;8,463;8,668;19,870;5,103;2,682;3,279;4,961;1,683;5,046;8,962;8,981;14,966;14,990;19,965;19,994;8,468;8,663;20,016;2,658;23,927;OK
3073400591-00-W17-L2- 26 06G017-0001081;545;12:05:29;33,3;OK;OK;OK;OK;0,001;24,052;5,119;2,654;3,268;4,999;1,699;4,973;8,984;8,991;14,987;15,000;19,976;20,005;8,484;8,679;19,886;5,130;2,682;3,257;4,999;1,704;5,090;8,978;9,013;14,982;15,006;19,976;20,016;8,484;8,679;20,016;2,657;23,926;OK
3073400591-00-W17-L2- 26 06G017-0000747;545;12:05:07;33,5;OK;OK;OK;OK;0,000;24,047;5,108;2,660;3,279;4,983;1,661;4,963;8,967;8,986;14,960;14,979;19,932;19,962;8,468;8,673;19,842;5,113;2,649;3,273;4,978;1,650;5,057;8,967;8,975;14,955;14,973;19,927;19,956;8,468;8,668;19,973;2,652;23,926;OK
3073400591-00-W17-L2- 26 06G017-0000419;545;12:05:47;33,5;OK;OK;OK;OK;0,000;24,052;5,146;2,644;3,257;5,016;1,650;5,001;9,011;9,035;15,009;15,028;19,987;20,022;8,511;8,711;19,891;5,146;2,676;3,262;5,016;1,661;5,111;9,005;9,040;15,004;15,033;19,981;20,022;8,506;8,711;20,032;2,680;23,925;OK
3073400591-00-W17-L2- 26 06G017-0000428;545;12:05:30;33,4;OK;OK;OK;OK;0,000;24,052;5,081;2,649;3,273;4,951;1,726;4,952;8,946;8,975;14,933;14,962;19,927;19,956;8,446;8,646;19,832;5,081;2,649;3,262;4,951;1,715;5,046;8,951;8,975;14,933;14,962;19,922;19,956;8,446;8,646;19,967;2,646;23,925;OK
3073400591-00-W17-L2- 26 06G017-0000414;545;12:05:08;33,5;OK;OK;OK;OK;0,000;24,047;5,119;2,676;3,268;4,989;1,650;4,984;8,989;9,008;14,987;15,011;19,965;20,000;8,484;8,690;19,875;5,124;2,687;3,279;4,994;1,639;5,079;8,989;8,997;14,987;14,995;19,960;19,984;8,490;8,690;20,011;2,664;23,925;OK
3073400591-00-W17-L2- 26 06G017-0000410;545;12:05:53;33,4;OK;OK;OK;OK;0,000;24,052;5,146;2,676;3,279;5,005;1,683;4,990;9,011;9,035;15,020;15,055;20,019;20,054;8,506;8,711;19,924;5,135;2,649;3,279;5,005;1,683;5,095;9,005;9,029;15,020;15,044;20,014;20,038;8,511;8,711;20,065;2,675;23,925;OK
3073400591-00-W17-L2- 26 06G017-0000423;545;12:05:32;33,6;OK;OK;OK;OK;0,000;24,052;5,130;2,687;3,289;5,005;1,666;4,973;8,984;8,991;14,976;14,984;19,954;19,978;8,484;8,690;19,853;5,135;2,660;3,289;4,999;1,677;5,095;8,984;9,013;14,971;15,000;19,954;19,989;8,490;8,690;19,994;2,650;23,925;OK
3073400591-00-W17-L2- 26 06G017-0000412;545;13:05:18;33,5;OK;OK;OK;OK;0,000;24,063;5,108;2,676;3,279;4,983;1,715;4,973;8,973;9,002;14,966;14,990;19,943;19,973;8,473;8,673;19,848;5,119;2,654;3,279;4,983;1,721;5,073;8,973;8,997;14,960;14,979;19,943;19,967;8,479;8,673;19,984;2,661;23,925;OK
3073400591-00-W17-L2- 26 06G017-0000431;545;13:05:57;33,5;OK;OK;OK;OK;0,002;24,052;5,124;2,654;3,273;4,989;1,677;4,963;8,984;8,997;14,982;14,990;19,965;19,989;8,484;8,690;19,864;5,119;2,671;3,262;4,989;1,677;5,084;8,984;9,013;14,982;15,000;19,960;19,989;8,484;8,684;20,011;2,653;23,926;OK
3073400591-00-W17-L2- 26 06G017-0000421;545;13:05:37;33,5;OK;OK;OK;OK;0,000;24,058;5,130;2,649;3,284;4,983;1,645;4,973;9,000;9,013;15,014;15,033;20,014;20,038;8,495;8,695;19,918;5,124;2,671;3,289;4,989;1,645;5,057;9,000;8,986;15,020;15,011;20,014;20,022;8,495;8,695;20,065;2,666;23,925;OK
3073400591-00-W17-L2- 26 06G017-0000418;545;13:05:15;33,5;OK;OK;OK;OK;0,000;24,047;5,119;2,638;3,262;4,989;1,661;4,968;8,989;9,002;15,004;15,022;20,014;20,038;8,490;8,690;19,913;5,119;2,660;3,268;4,983;1,661;5,073;8,989;9,013;15,009;15,028;20,008;20,032;8,495;8,690;20,060;2,660;23,925;OK
3073400591-00-W17-L2- 26 06G017-0000429;545;13:05:55;33,4;OK;OK;OK;OK;0,000;24,052;5,103;2,665;3,295;4,983;1,683;4,963;8,989;9,008;15,004;15,028;20,008;20,038;8,490;8,684;19,913;5,119;2,687;3,289;4,983;1,683;5,063;8,989;9,002;15,009;15,028;20,003;20,027;8,484;8,690;20,043;2,659;23,925;OK
3073400591-00-W17-L2- 26 06G017-0000710;545;13:05:34;33,4;OK;OK;OK;OK;0,000;24,052;5,113;2,687;3,289;4,972;1,721;4,930;8,951;8,948;14,949;14,946;19,932;19,946;8,463;8,663;19,821;5,108;2,665;3,262;4,972;1,721;5,068;8,957;8,981;14,944;14,973;19,938;19,962;8,463;8,657;19,984;2,648;23,926;OK
3073400591-00-W17-L2- 26 06G017-0004883;545;13:05:14;33,5;OK;OK;OK;OK;0,000;24,052;5,135;2,687;3,289;5,005;1,656;4,995;9,005;9,029;15,014;15,033;19,998;20,038;8,506;8,701;19,913;5,141;2,682;3,284;4,999;1,666;5,084;9,011;9,008;15,014;15,022;19,998;20,016;8,506;8,706;20,043;2,655;23,925;OK
3073400591-00-W17-L2- 26 06G017-0000430;545;13:05:34;14,1;OK;OK;OK;OK;0,000;24,047;5,124;2,644;3,273;4,994;1,656;4,990;8,995;9,024;14,987;15,017;19,970;20,005;4,994;-1,000;-1,000;-1,000;-1,000;-1,000;-1,000;-1,000;-1,000;-1,000;-1,000;-1,000;-1,000;-1,000;-1,000;-1,000;-1,000;-1,000;-1,000;-1,000;NOK
3073400591-00-W17-L2- 26 06G017-0000430;545;13:05:18;33,7;OK;OK;OK;OK;0,000;24,052;5,124;2,682;3,284;4,994;1,656;4,990;8,989;9,013;14,993;15,017;19,965;20,000;8,495;8,690;19,870;5,130;2,654;3,284;4,994;1,661;5,101;8,989;9,024;14,987;15,017;19,965;20,005;8,495;8,695;20,016;2,669;24,073;OK
3073400591-00-W17-L2- 26 06G017-0000427;545;13:05:57;33,6;OK;OK;OK;OK;0,000;24,052;5,135;2,671;3,289;5,005;1,639;4,984;8,995;9,008;14,982;15,000;19,949;19,984;8,490;8,695;19,864;5,141;2,654;3,262;5,005;1,645;5,095;8,995;9,013;14,982;15,000;19,949;19,984;8,495;8,695;19,994;2,679;23,925;OK
3073400591-00-W17-L2- 26 06G017-0004874;545;13:05:41;33,4;OK;OK;OK;OK;0,000;24,063;5,103;2,665;3,273;4,972;1,699;4,919;8,962;8,937;14,949;14,924;19,916;19,913;8,463;8,663;19,794;5,108;2,676;3,257;4,972;1,704;5,019;8,962;8,926;14,949;14,919;19,916;19,913;8,463;8,663;19,962;2,658;23,926;OK
3073400591-00-W17-L2- 26 06G017-0000424;545;13:05:19;33,4;OK;OK;OK;OK;0,000;24,063;5,130;2,665;3,268;4,989;1,672;4,854;8,984;8,845;14,960;14,843;19,932;19,842;8,484;8,684;19,723;5,124;2,682;3,295;4,989;1,666;5,079;8,978;9,002;14,966;14,984;19,938;19,962;8,484;8,684;19,984;2,616;23,928;OK
3073400591-00-W17-L2- 26 06G017-0000425;545;13:05:58;33,5;OK;OK;OK;OK;0,000;24,063;5,108;2,676;3,300;4,978;1,683;4,963;8,973;8,986;14,976;14,990;19,970;20,005;8,473;8,673;19,875;5,108;2,698;3,289;4,978;1,677;5,068;8,973;8,997;14,971;15,000;19,970;20,005;8,473;8,673;20,016;2,663;23,926;OK
3073400591-00-W17-L2- 26 06G017-0000426;545;13:05:41;33,5;OK;OK;OK;OK;0,000;24,063;5,124;2,676;3,284;4,983;1,677;4,984;8,978;9,008;14,966;14,995;19,938;19,984;8,479;8,679;19,853;5,124;2,676;3,273;4,983;1,672;5,079;8,978;9,002;14,971;14,990;19,938;19,973;8,479;8,679;19,989;2,651;23,925;OK
3073400591-00-W17-L2- 26 06G017-0000422;545;13:05:22;33,6;OK;OK;OK;OK;0,000;24,058;5,113;2,687;3,284;4,989;1,650;4,973;8,984;9,008;14,987;15,011;19,970;20,005;8,484;8,684;19,880;5,119;2,682;3,273;4,989;1,650;5,079;8,989;9,013;14,987;15,011;19,970;20,005;8,484;8,690;20,016;2,649;23,924;OK
3073400591-00-W17-L2- 26 06G017-0000415;545;13:05:05;33,6;OK;OK;OK;OK;0,000;24,058;5,092;2,660;3,262;4,956;1,672;4,935;8,962;8,975;14,976;14,995;19,965;19,994;8,468;8,663;19,864;5,097;2,692;3,262;4,961;1,672;5,046;8,967;8,986;14,976;15,000;19,970;19,994;8,468;8,668;20,016;2,667;23,925;OK
3073400591-00-W17-L2- 26 06G017-0000413;545;13:05:48;33,5;OK;OK;OK;OK;0,000;24,047;5,113;2,682;3,284;4,983;1,645;4,963;8,989;8,991;14,993;15,011;19,981;20,011;8,490;8,690;19,886;5,113;2,649;3,262;4,989;1,628;5,073;8,984;9,008;14,998;15,011;19,987;20,016;8,490;8,690;20,032;2,653;24,073;OK
3073400591-00-W17-L2- 26 06G017-0004879;545;13:05:30;33,5;OK;OK;OK;OK;0,000;24,052;5,141;2,665;3,284;5,010;1,672;4,979;8,989;8,991;14,971;14,979;19,938;19,962;8,490;8,690;19,842;5,135;2,649;3,268;5,005;1,672;5,090;8,989;9,002;14,971;14,979;19,932;19,956;8,490;8,695;19,984;2,649;23,925;OK
3073400591-00-W17-L2- 26 06G017-0000432;545;13:05:10;33,5;OK;OK;OK;OK;0,002;24,052;5,119;2,703;3,289;4,994;1,645;4,984;8,995;9,019;14,998;15,022;19,976;20,011;8,495;8,695;19,891;5,130;2,703;3,311;4,999;1,645;5,090;8,995;9,024;14,998;15,028;19,981;20,016;8,495;8,695;20,022;2,665;23,923;OK
3073400591-00-W17-L2- 26 06G017-0004880;545;13:05:49;33,5;OK;OK;OK;OK;0,000;24,052;5,092;2,654;3,279;4,961;1,683;4,946;8,978;8,997;14,982;15,000;19,970;20,005;8,479;8,684;19,875;5,097;2,682;3,262;4,956;1,683;5,052;8,984;9,002;14,982;15,000;19,970;19,994;8,479;8,684;20,016;2,644;24,073;OK
3073400591-00-W17-L2- 26 06G017-0000409;545;13:05:08;14,2;OK;OK;OK;OK;0,000;24,052;5,119;2,649;3,251;4,989;1,715;4,952;8,973;8,953;14,949;14,935;19,916;19,924;4,989;-1,000;-1,000;-1,000;-1,000;-1,000;-1,000;-1,000;-1,000;-1,000;-1,000;-1,000;-1,000;-1,000;-1,000;-1,000;-1,000;-1,000;-1,000;-1,000;NOK
3073400591-00-W17-L2- 26 06G017-0000409;545;13:05:49;33,5;OK;OK;OK;OK;0,000;24,058;5,108;2,644;3,262;4,989;1,710;4,957;8,967;8,975;14,949;14,952;19,922;19,935;8,473;8,673;19,810;5,119;2,649;3,268;4,983;1,710;5,073;8,967;8,986;14,949;14,962;19,916;19,946;8,473;8,679;19,967;2,636;23,925;OK
3073400591-00-W17-L2- 26 06G017-0004881;545;13:05:29;33,3;OK;OK;OK;OK;0,001;24,058;5,130;2,644;3,279;4,999;1,721;4,984;9,000;9,013;14,987;15,011;19,976;20,000;8,495;8,701;19,880;5,130;2,649;3,268;5,005;1,721;5,095;8,995;9,019;14,993;15,006;19,976;20,000;8,495;8,695;20,022;2,661;23,924;OK
3073400591-00-W17-L2- 26 06G017-0000411;545;13:05:48;14,1;OK;OK;OK;OK;0,000;24,058;5,081;2,644;3,257;4,983;1,694;4,979;8,984;9,013;14,998;15,022;19,992;20,027;4,983;-1,000;-1,000;-1,000;-1,000;-1,000;-1,000;-1,000;-1,000;-1,000;-1,000;-1,000;-1,000;-1,000;-1,000;-1,000;-1,000;-1,000;-1,000;-1,000;NOK
3073400591-00-W17-L2- 26 06G017-0000411;545;13:05:30;33,4;OK;OK;OK;OK;0,000;24,052;5,108;2,660;3,246;4,983;1,694;4,968;8,978;9,013;14,993;15,022;19,992;20,032;8,479;8,684;19,897;5,113;2,671;3,246;4,978;1,688;5,063;8,984;9,002;14,987;15,011;19,987;20,016;8,484;8,679;20,032;2,660;23,923;OK
3073400591-00-W17-L2- 26 06G017-0000420;545;13:05:08;33,3;OK;OK;OK;OK;0,000;24,047;5,097;2,692;3,273;4,956;1,661;4,946;8,967;8,981;14,955;14,973;19,938;19,962;8,468;8,668;19,848;5,092;2,676;3,300;4,961;1,656;5,035;8,967;8,964;14,955;14,957;19,938;19,956;8,473;8,668;19,984;2,647;23,925;OK
3073400591-00-W17-L2- 26 06G017-0004909;545;13:05:50;33,4;OK;OK;OK;OK;0,000;24,058;5,124;2,671;3,273;4,983;1,661;4,973;8,989;9,008;15,009;15,022;19,998;20,027;8,490;8,690;19,902;5,119;2,638;3,268;4,983;1,661;5,057;8,995;8,991;15,004;15,006;19,992;20,011;8,484;8,690;20,038;2,647;23,924;OK
3073400591-00-W17-L2- 26 06G017-0004915;545;13:05:27;14,6;OK;OK;OK;OK;0,000;24,052;5,103;2,644;3,246;4,983;1,704;4,968;8,973;8,991;14,971;14,990;19,949;19,978;4,983;-1,000;-1,000;-1,000;-1,000;-1,000;-1,000;-1,000;-1,000;-1,000;-1,000;-1,000;-1,000;-1,000;-1,000;-1,000;-1,000;-1,000;-1,000;-1,000;NOK
3073400591-00-W17-L2- 26 06G017-0004915;545;13:05:08;33,4;OK;OK;OK;OK;0,000;24,047;5,119;2,671;3,246;4,983;1,704;4,973;8,973;8,997;14,966;14,990;19,949;19,984;8,473;8,673;19,859;5,113;2,671;3,257;4,983;1,710;5,073;8,973;8,997;14,971;14,995;19,949;19,989;8,479;8,673;19,994;2,659;23,926;OK
3073400591-00-W17-L2- 26 06G017-0002601;545;13:05:46;33,4;OK;OK;OK;OK;0,000;24,052;5,124;2,660;3,268;4,994;1,694;4,979;8,989;9,008;14,987;15,006;19,965;20,005;8,490;8,690;19,875;5,130;2,687;3,262;4,994;1,699;5,084;8,989;9,013;14,987;15,006;19,970;20,005;8,490;8,690;20,011;2,640;23,925;OK
3073400591-00-W17-L2- 26 06G017-0002603;545;13:05:25;33,5;OK;OK;OK;OK;0,000;24,052;5,086;2,649;3,251;4,951;1,726;4,832;8,935;8,812;14,906;14,778;19,889;19,788;8,435;8,635;19,669;5,086;2,665;3,241;4,951;1,715;5,035;8,935;8,943;14,906;14,919;19,889;19,918;8,441;8,635;19,940;2,633;23,926;OK
3073400591-00-W17-L2- 26 06G017-0002594;545;13:05:08;33,6;OK;OK;OK;OK;0,003;24,052;5,146;2,682;3,251;5,021;1,672;5,001;9,000;9,008;14,998;15,011;19,992;20,011;8,501;8,701;19,891;5,151;2,682;3,268;5,021;1,683;5,111;9,000;9,019;14,998;15,022;19,992;20,016;8,495;8,701;20,032;2,646;23,926;OK
3073400591-00-W17-L2- 26 06G017-0004916;545;13:05:55;33,4;OK;OK;OK;OK;0,000;24,058;5,135;2,671;3,279;5,010;1,694;5,001;9,005;9,024;15,004;15,017;19,998;20,022;8,506;8,706;19,897;5,146;2,660;3,295;5,016;1,694;5,079;9,005;8,991;14,998;14,990;19,998;20,011;8,511;8,706;20,043;2,652;23,926;OK
3073400591-00-W17-L2- 26 06G017-0002600;545;13:05:41;33,4;OK;OK;OK;OK;0,000;24,047;5,092;2,676;3,251;4,967;1,666;4,935;8,946;8,948;14,928;14,930;19,905;19,924;8,452;8,652;19,804;5,097;2,654;3,262;4,961;1,666;5,052;8,951;8,959;14,928;14,941;19,911;19,935;8,452;8,652;19,951;2,644;23,925;OK
3073400591-00-W17-L2- 26 06G017-0004911;545;13:05:20;33,4;OK;OK;OK;OK;0,000;24,047;5,119;2,671;3,273;4,972;1,666;4,946;8,967;8,975;14,966;14,973;19,960;19,978;8,473;8,673;19,859;5,113;2,660;3,268;4,972;1,677;5,014;8,973;8,953;14,960;14,957;19,965;19,967;8,473;8,673;20,000;2,658;23,925;OK
3073400591-00-W17-L2- 26 06G017-0004910;545;13:05:01;33,4;OK;OK;OK;OK;0,000;24,052;5,135;2,682;3,289;5,005;1,694;4,995;8,984;9,008;14,960;14,984;19,938;19,973;8,484;8,690;19,848;5,135;2,654;3,289;5,005;1,699;5,155;8,989;9,002;14,966;14,979;19,938;19,962;8,490;8,690;19,989;2,652;23,924;OK
3073400591-00-W17-L2- 26 06G017-0000622;545;13:05:40;33,4;OK;OK;OK;OK;0,000;24,047;5,103;2,676;3,257;4,972;1,694;4,952;8,967;8,964;14,955;14,962;19,932;19,951;8,463;8,668;19,826;5,108;2,649;3,257;4,972;1,688;5,052;8,967;8,970;14,955;14,962;19,932;19,951;8,463;8,668;19,978;2,646;23,925;OK
3073400591-00-W17-L2- 26 06G017-0002598;545;13:05:19;33,4;OK;OK;OK;OK;0,001;24,058;5,097;2,676;3,257;4,967;1,672;4,957;8,973;8,991;14,960;14,979;19,932;19,967;8,473;8,679;19,837;5,103;2,687;3,257;4,967;1,677;5,057;8,973;8,986;14,960;14,973;19,938;19,967;8,473;8,673;19,984;2,629;23,926;OK
3073400591-00-W17-L2- 26 06G017-0004876;545;13:05:58;33,5;OK;OK;OK;OK;0,000;24,052;5,108;2,654;3,268;4,983;1,710;4,968;8,984;9,002;14,982;15,000;19,960;19,989;8,479;8,679;19,870;5,113;2,687;3,284;4,983;1,710;5,073;8,978;9,002;14,976;15,006;19,960;19,994;8,479;8,684;20,000;2,643;23,925;OK
3073400591-00-W17-L2- 26 06G017-0002602;545;13:05:36;33,6;OK;OK;OK;OK;0,000;24,047;5,124;2,644;3,268;4,994;1,704;4,984;8,995;9,013;14,987;15,011;19,976;20,000;8,495;8,690;19,886;5,130;2,682;3,273;4,994;1,710;5,079;8,989;9,002;14,987;15,011;19,970;19,994;8,490;8,684;20,016;2,652;23,924;OK
3073400591-00-W17-L2- 26 06G017-0002604;545;13:05:17;33,5;OK;OK;OK;OK;0,000;24,047;5,097;2,654;3,257;4,967;1,650;4,963;8,962;8,981;14,949;14,984;19,938;19,973;8,463;8,663;19,842;5,108;2,638;3,246;4,967;1,650;5,035;8,962;8,953;14,949;14,946;19,932;19,951;8,457;8,663;19,984;2,638;23,925;OK
3073400591-00-W17-L2- 26 06G017-0002861;545;13:05:55;33,4;OK;OK;OK;OK;0,000;24,058;5,135;2,644;3,262;4,999;1,639;4,973;8,989;8,991;14,976;14,984;19,954;19,967;8,484;8,690;19,842;5,135;2,665;3,257;4,999;1,639;5,095;8,989;9,019;14,976;14,995;19,949;19,978;8,490;8,690;19,989;2,618;23,925;OK
3073400591-00-W17-L2- 26 06G017-0002596;545;13:05:33;33,4;OK;OK;OK;OK;0,000;24,047;5,130;2,676;3,273;4,994;1,639;4,968;8,989;9,002;14,998;15,017;19,987;20,016;8,501;8,690;19,891;5,130;2,644;3,262;4,994;1,634;5,090;8,995;9,019;15,004;15,028;19,992;20,027;8,495;8,695;20,032;2,654;23,925;OK
3073400591-00-W17-L2- 26 06G017-0002857;545;13:05:11;33,4;OK;OK;OK;OK;0,002;24,063;5,097;2,682;3,257;4,972;1,683;4,946;8,978;8,981;14,993;15,000;19,987;20,011;8,473;8,673;19,891;5,108;2,687;3,289;4,967;1,683;5,063;8,978;8,991;14,998;15,006;19,981;20,011;8,479;8,673;20,038;2,658;23,924;OK
3073400591-00-W17-L2- 26 06G017-0002865;545;13:05:49;33,5;OK;OK;OK;OK;0,000;24,052;5,135;2,671;3,300;4,999;1,683;4,973;8,995;8,997;14,987;15,000;19,965;19,989;8,490;8,695;19,864;5,135;2,698;3,300;4,999;1,694;5,079;8,989;8,997;14,987;14,995;19,965;19,989;8,495;8,695;20,011;2,636;23,925;OK
3073400591-00-W17-L2- 26 06G017-0002862;545;13:05:15;16,8;OK;OK;OK;OK;0,000;24,058;5,097;2,660;3,284;4,972;1,688;4,957;8,962;8,981;14,960;14,973;19,938;19,962;8,463;8,663;19,842;0,049;-1,000;-1,000;-1,000;-1,000;-1,000;-1,000;-1,000;-1,000;-1,000;-1,000;-1,000;-1,000;-1,000;-1,000;-1,000;-1,000;NOK
3073400591-00-W17-L2- 26 06G017-0002862;545;13:05:56;33,4;OK;OK;OK;OK;0,000;24,052;5,097;2,644;3,268;4,961;1,683;4,946;8,957;8,975;14,955;14,973;19,927;19,956;8,463;8,657;19,837;5,097;2,660;3,257;4,967;1,683;5,052;8,957;8,981;14,955;14,973;19,927;19,956;8,463;8,663;19,973;2,639;23,926;OK
3073400591-00-W17-L2- 26 06G017-0002597;545;13:05:36;33,4;OK;OK;OK;OK;0,000;24,047;5,108;2,654;3,246;4,989;1,639;4,946;8,995;8,986;15,009;15,011;20,008;20,022;8,495;8,695;19,897;5,119;2,638;3,257;4,983;1,639;5,079;8,995;9,013;15,009;15,033;20,008;20,038;8,490;8,690;20,049;2,636;23,924;OK
3073400591-00-W17-L2- 26 06G017-0002863;545;13:05:23;33,4;OK;OK;OK;OK;0,000;24,052;5,081;2,676;3,279;4,956;1,688;4,946;8,951;8,959;14,944;14,957;19,922;19,951;8,452;8,652;19,837;5,092;2,676;3,257;4,951;1,694;5,046;8,946;8,959;14,944;14,957;19,927;19,946;8,452;8,646;19,962;2,637;23,925;OK
3073400591-00-W17-L2- 26 06G017-0002595;545;13:05:03;33,3;OK;OK;OK;OK;0,000;24,058;5,092;2,676;3,262;4,961;1,656;4,946;8,957;8,975;14,949;14,973;19,927;19,962;8,452;8,657;19,837;5,097;2,665;3,273;4,961;1,661;5,052;8,957;8,975;14,955;14,968;19,932;19,951;8,457;8,657;19,973;2,630;23,925;OK
3073400591-00-W17-L2- 26 06G017-0002866;545;13:05:44;33,3;OK;OK;OK;OK;0,001;24,052;5,108;2,671;3,246;4,972;1,710;4,957;8,973;8,981;14,976;14,984;19,960;19,984;8,479;8,679;19,853;5,108;2,665;3,251;4,978;1,710;5,068;8,978;8,991;14,976;14,995;19,954;19,989;8,473;8,673;20,005;2,669;23,923;OK
3073400591-00-W17-L2- 26 06G017-0000205;545;13:05:22;33,4;OK;OK;OK;OK;0,000;24,052;5,097;2,682;3,284;4,983;1,699;4,952;8,989;8,986;14,998;15,000;19,987;20,000;8,490;8,690;19,875;5,113;2,671;3,295;4,983;1,704;5,041;8,984;8,970;14,993;14,984;19,981;19,989;8,484;8,684;20,027;2,641;23,924;OK
3073400591-00-W17-L2- 26 06G017-0002864;545;13:05:02;33,4;OK;OK;OK;OK;0,000;24,047;5,113;2,665;3,268;4,989;1,683;4,968;8,978;8,986;14,966;14,979;19,938;19,962;8,479;8,684;19,842;5,124;2,654;3,289;4,989;1,677;5,068;8,978;8,986;14,971;14,973;19,938;19,962;8,484;8,679;19,989;2,636;23,925;OK
3073400591-00-W17-L2- 26 06G017-0002868;545;13:05:42;33,4;OK;OK;OK;OK;0,000;24,063;5,081;2,698;3,300;4,956;1,699;4,941;8,973;8,986;14,966;14,995;19,949;19,984;8,473;8,673;19,859;5,092;2,692;3,279;4,961;1,699;5,041;8,973;8,986;14,971;14,990;19,943;19,973;8,473;8,673;19,994;2,643;23,924;OK
3073400591-00-W17-L2- 26 06G017-0000624;545;13:05:21;33,5;OK;OK;OK;OK;0,000;24,052;5,130;2,644;3,262;5,005;1,645;4,968;8,989;8,991;14,982;14,984;19,949;19,973;8,495;8,695;19,848;5,130;2,654;3,262;4,999;1,650;5,095;8,995;9,019;14,982;15,011;19,954;19,989;8,495;8,690;20,005;2,623;23,926;OK
3073400591-00-W17-L2- 26 06G017-0000621;545;13:05:30;3,9;OK;OK;OK;OK;0,000;24,063;1,172;-1,000;-1,000;-1,000;-1,000;-1,000;-1,000;-1,000;-1,000;-1,000;-1,000;-1,000;-1,000;-1,000;-1,000;-1,000;-1,000;-1,000;-1,000;-1,000;-1,000;-1,000;-1,000;-1,000;-1,000;-1,000;-1,000;-1,000;-1,000;-1,000;-1,000;-1,000;NOK
3073400591-00-W17-L2- 26 06G017-0000621;545;13:05:36;3,9;OK;OK;OK;OK;0,000;24,052;1,178;-1,000;-1,000;-1,000;-1,000;-1,000;-1,000;-1,000;-1,000;-1,000;-1,000;-1,000;-1,000;-1,000;-1,000;-1,000;-1,000;-1,000;-1,000;-1,000;-1,000;-1,000;-1,000;-1,000;-1,000;-1,000;-1,000;-1,000;-1,000;-1,000;-1,000;-1,000;NOK
3073400591-00-W17-L2- 26 06G017-0000621;545;13:05:42;4,3;OK;OK;OK;OK;0,000;24,058;1,183;-1,000;-1,000;-1,000;-1,000;-1,000;-1,000;-1,000;-1,000;-1,000;-1,000;-1,000;-1,000;-1,000;-1,000;-1,000;-1,000;-1,000;-1,000;-1,000;-1,000;-1,000;-1,000;-1,000;-1,000;-1,000;-1,000;-1,000;-1,000;-1,000;-1,000;-1,000;NOK
3073400591-00-W17-L2- 26 06G017-0000621;545;13:05:54;3,9;OK;OK;OK;OK;0,000;24,047;1,178;-1,000;-1,000;-1,000;-1,000;-1,000;-1,000;-1,000;-1,000;-1,000;-1,000;-1,000;-1,000;-1,000;-1,000;-1,000;-1,000;-1,000;-1,000;-1,000;-1,000;-1,000;-1,000;-1,000;-1,000;-1,000;-1,000;-1,000;-1,000;-1,000;-1,000;-1,000;NOK
3073400591-00-W17-L2- 26 06G017-0000717;545;13:05:33;33,3;OK;OK;OK;OK;0,000;24,047;5,108;2,654;3,262;4,972;1,677;4,963;8,962;8,986;14,949;14,973;19,927;19,956;8,468;8,668;19,832;5,108;2,644;3,279;4,972;1,672;5,073;8,967;8,991;14,949;14,973;19,922;19,956;8,468;8,668;19,973;2,632;23,924;OK
3073400591-00-W17-L2- 26 06G017-0000615;545;13:05:11;33,7;OK;OK;OK;OK;0,000;24,047;5,141;2,682;3,262;5,005;1,694;4,984;9,000;9,008;14,998;15,011;19,981;20,005;8,501;8,695;19,891;5,135;2,654;3,251;4,999;1,699;5,095;9,000;9,013;14,993;15,011;19,987;20,000;8,495;8,695;20,032;2,661;23,924;OK
3073400591-00-W17-L2- 26 06G017-0000616;545;13:05:49;33,4;OK;OK;OK;OK;0,000;24,063;5,113;2,654;3,289;4,989;1,699;4,876;8,995;8,877;14,998;14,876;19,987;19,891;8,490;8,695;19,772;5,124;2,682;3,268;4,989;1,704;5,079;8,989;9,019;14,993;15,017;19,992;20,016;8,490;8,690;20,032;2,628;24,072;OK
3073400591-00-W17-L2- 26 06G017-0000623;545;13:05:19;14,1;OK;OK;OK;OK;0,000;24,063;5,103;2,649;3,246;4,972;1,715;4,957;8,978;8,997;15,004;15,022;20,008;20,032;4,978;-1,000;-1,000;-1,000;-1,000;-1,000;-1,000;-1,000;-1,000;-1,000;-1,000;-1,000;-1,000;-1,000;-1,000;-1,000;-1,000;-1,000;-1,000;-1,000;NOK
3073400591-00-W17-L2- 26 06G017-0000623;545;13:05:08;33,4;OK;OK;OK;OK;0,000;24,052;5,108;2,638;3,273;4,972;1,715;4,968;8,978;9,008;15,004;15,022;20,003;20,038;8,484;8,684;19,908;5,113;2,638;3,246;4,978;1,726;5,063;8,984;8,997;14,998;15,011;19,998;20,027;8,479;8,679;20,049;2,643;23,924;OK
3073400591-00-W17-L2- 26 06G017-0002867;545;13:05:46;33,3;OK;OK;OK;OK;0,000;24,047;5,113;2,665;3,262;4,983;1,650;4,973;8,962;8,986;14,960;14,984;19,943;19,978;8,468;8,668;19,853;5,119;2,654;3,268;4,989;1,639;5,079;8,967;8,991;14,966;14,984;19,938;19,967;8,468;8,663;19,989;2,623;23,925;OK
3073400591-00-W17-L2- 26 06G017-0000620;545;13:05:24;33,3;OK;OK;OK;OK;0,000;24,052;5,124;2,682;3,273;4,989;1,677;4,979;8,989;9,008;14,998;15,017;19,992;20,022;8,495;8,690;19,897;5,124;2,692;3,273;4,989;1,677;5,090;8,989;9,013;14,998;15,017;19,981;20,016;8,495;8,690;20,032;2,635;23,950;OK
3073400591-00-W17-L2- 26 06G017-0000618;545;13:05:04;33,4;OK;OK;OK;OK;0,000;24,052;5,130;2,665;3,268;4,999;1,710;4,990;9,000;9,024;15,004;15,022;19,981;20,022;8,501;8,701;19,897;5,135;2,654;3,273;4,999;1,721;5,101;8,995;9,035;15,004;15,033;19,987;20,016;8,501;8,695;20,038;2,648;23,924;OK
3073400591-00-W17-L2- 26 06G017-0000214;545;13:05:31;16,8;OK;OK;OK;OK;0,000;24,058;5,130;2,654;3,262;4,994;1,715;4,990;8,978;9,008;14,971;14,995;19,943;19,978;8,484;8,684;19,853;0,472;-1,000;-1,000;-1,000;-1,000;-1,000;-1,000;-1,000;-1,000;-1,000;-1,000;-1,000;-1,000;-1,000;-1,000;-1,000;-1,000;NOK
3073400591-00-W17-L2- 26 06G017-0000214;545;13:05:08;33,3;OK;OK;OK;OK;0,000;24,058;5,119;2,687;3,279;4,994;1,710;4,887;8,984;8,905;14,971;14,962;19,943;19,946;8,484;8,684;19,815;5,130;2,649;3,262;4,999;1,715;5,084;8,984;9,002;14,960;14,984;19,938;19,967;8,479;8,684;19,989;2,629;23,924;OK
3073400591-00-W17-L2- 26 06G017-0000215;545;13:05:48;33,3;OK;OK;OK;OK;0,000;24,052;5,135;2,676;3,273;4,999;1,694;4,990;8,995;9,008;14,987;15,000;19,965;19,989;8,501;8,695;19,870;5,141;2,665;3,262;4,999;1,699;5,090;8,995;9,008;14,982;14,995;19,960;19,984;8,501;8,695;20,000;2,653;23,923;OK
3073400591-00-W17-L2- 26 06G017-0000115;545;13:05:26;33,3;OK;OK;OK;OK;0,003;24,042;5,108;2,649;3,284;4,978;1,699;4,968;8,967;8,986;14,949;14,973;19,927;19,962;8,463;8,663;19,832;5,108;2,676;3,262;4,972;1,699;5,041;8,962;8,953;14,944;14,946;19,927;19,946;8,468;8,663;19,978;2,626;23,924;OK
3073400591-00-W17-L2- 26 06G017-0000208;545;13:05:05;33,3;OK;OK;OK;OK;0,000;24,052;5,135;2,654;3,284;5,016;1,656;4,995;9,005;9,013;14,998;15,011;19,998;20,022;8,506;8,706;19,897;5,146;2,671;3,289;5,162;1,661;5,117;9,005;9,035;15,004;15,028;19,998;20,027;8,506;8,706;20,049;2,650;23,923;OK
3073400591-00-W17-L2- 26 06G017-0002858;545;13:05:43;33,3;OK;OK;OK;OK;0,000;24,052;5,130;2,649;3,257;4,989;1,666;4,968;9,000;9,002;15,009;15,022;20,014;20,038;8,501;8,690;19,913;5,130;2,676;3,273;4,989;1,672;5,079;9,000;9,019;15,014;15,038;20,008;20,043;8,495;8,695;20,060;2,641;23,923;OK
3073400591-00-W17-L2- 26 06G017-0000119;545;13:05:26;33,8;OK;OK;OK;OK;0,000;24,047;5,097;2,682;3,268;4,972;1,688;4,849;8,984;8,856;14,998;14,865;19,987;19,886;8,479;8,679;19,772;5,108;2,665;3,251;4,978;1,683;5,068;8,984;9,008;14,998;15,017;19,992;20,022;8,479;8,679;20,038;2,658;23,924;OK
3073400591-00-W17-L2- 26 06G017-0000210;545;13:05:04;33,3;OK;OK;OK;OK;0,000;24,058;5,135;2,649;3,257;5,010;1,694;4,995;9,000;9,024;14,993;15,017;19,981;20,005;8,506;8,701;19,886;5,141;2,671;3,257;5,010;1,694;5,101;9,000;9,029;14,993;15,011;19,976;20,005;8,501;8,706;20,016;2,634;23,923;OK
3073400591-00-W17-L2- 26 06G017-0000613;545;13:05:45;33,3;OK;OK;OK;OK;0,000;24,047;5,097;2,644;3,273;4,956;1,710;4,946;8,978;8,997;14,993;15,006;19,976;20,011;8,479;8,679;19,886;5,092;2,676;3,268;4,956;1,704;5,052;8,984;9,002;14,987;15,011;19,976;20,005;8,479;8,679;20,027;2,654;23,923;OK
3073400591-00-W17-L2- 26 06G017-0000211;545;13:05:23;33,3;OK;OK;OK;OK;0,000;24,047;5,092;2,665;3,279;4,978;1,710;4,968;8,962;8,986;14,949;14,968;19,927;19,951;8,468;8,663;19,837;5,108;2,671;3,284;4,983;1,721;5,079;8,957;8,986;14,949;14,973;19,922;19,951;8,468;8,668;19,973;2,598;23,926;OK
3073400591-00-W17-L2- 26 06G017-0000213;545;13:05:04;33,4;OK;OK;OK;OK;0,000;24,042;5,119;2,644;3,262;4,999;1,656;4,914;8,978;8,926;14,982;14,930;19,960;19,913;8,479;8,684;19,794;5,135;2,627;3,262;4,999;1,666;5,095;8,978;9,008;14,987;15,006;19,960;19,994;8,479;8,679;20,005;2,625;24,072;OK
3073400591-00-W17-L2- 26 06G017-0000207;545;13:05:49;33,4;OK;OK;OK;OK;0,000;24,052;5,141;2,671;3,251;4,999;1,639;4,957;8,989;8,981;14,982;14,979;19,954;19,967;8,490;8,690;19,848;5,135;2,676;3,268;4,999;1,634;5,090;8,989;9,013;14,976;14,995;19,954;19,984;8,490;8,690;20,000;2,660;23,923;OK
3073400591-00-W17-L2- 26 06G017-0000112;545;13:05:49;33,3;OK;OK;OK;OK;0,000;24,047;5,097;2,638;3,251;4,972;1,683;4,963;8,957;8,981;14,949;14,968;19,922;19,951;8,457;8,663;19,826;5,103;2,671;3,257;4,967;1,672;5,052;8,957;8,975;14,949;14,962;19,916;19,940;8,457;8,663;19,967;2,643;23,924;OK
3073400591-00-W17-L2- 26 06G017-0000617;545;13:05:28;33,5;OK;OK;OK;OK;0,002;24,058;5,092;2,682;3,268;4,961;1,726;4,946;8,978;8,997;14,971;14,990;19,943;19,978;8,479;8,679;19,853;5,092;2,682;3,279;4,961;1,715;5,057;8,978;9,002;14,971;14,995;19,943;19,973;8,479;8,673;19,984;2,641;24,072;OK
3073400591-00-W17-L2- 26 06G017-0000614;545;13:05:06;33,3;OK;OK;OK;OK;0,000;24,058;5,124;2,644;3,279;4,989;1,699;4,973;9,000;9,019;15,020;15,033;20,008;20,038;8,501;8,695;19,924;5,119;2,649;3,257;4,983;1,694;5,079;9,000;9,019;15,014;15,033;20,008;20,038;8,495;8,695;20,054;2,655;23,923;OK
3073400591-00-W17-L2- 26 06G017-0002859;545;13:05:46;33,2;OK;OK;OK;OK;0,000;24,052;5,119;2,660;3,257;4,994;1,699;4,963;8,978;8,986;14,976;14,990;19,949;19,978;8,484;8,679;19,853;5,119;2,682;3,289;4,989;1,699;5,079;8,978;9,002;14,976;15,000;19,943;19,984;8,484;8,684;20,000;2,632;23,924;OK
3073400591-00-W17-L2- 26 06G017-0002860;545;13:05:26;33,3;OK;OK;OK;OK;0,000;24,047;5,119;2,660;3,284;4,994;1,694;4,995;8,989;9,013;14,987;15,022;19,981;20,016;8,490;8,690;19,897;5,130;2,649;3,268;4,989;1,694;5,090;8,989;9,013;14,987;15,017;19,987;20,016;8,490;8,690;20,027;2,658;23,923;OK
3073400591-00-W17-L2- 26 06G017-0002599;545;13:05:04;33,3;OK;OK;OK;OK;0,000;24,058;5,130;2,687;3,289;4,999;1,661;4,990;9,000;9,024;15,004;15,033;19,987;20,022;8,495;8,701;19,897;5,135;2,676;3,273;4,999;1,661;5,090;9,000;9,019;14,998;15,017;19,981;20,016;8,501;8,701;20,032;2,661;23,922;OK
3073400591-00-W17-L2- 26 06G017-0000619;545;13:05:45;33,4;OK;OK;OK;OK;0,000;24,058;5,108;2,682;3,262;4,983;1,639;4,984;8,978;9,002;14,960;14,995;19,943;19,984;8,473;8,679;19,853;5,119;2,665;3,279;4,989;1,639;5,079;8,973;8,997;14,966;14,990;19,954;19,978;8,479;8,673;20,000;2,635;23,924;OK
3073400591-00-W17-L2- 26 06G017-0000216;545;13:05:29;33,4;OK;OK;OK;OK;0,000;24,052;5,124;2,649;3,257;4,989;1,710;4,973;8,989;9,002;14,987;15,006;19,976;20,005;8,484;8,684;19,886;5,124;2,687;3,279;4,983;1,715;5,068;8,984;8,997;14,987;15,000;19,987;20,000;8,490;8,684;20,027;2,628;23,923;OK
3073400591-00-W17-L2- 26 06G017-0000116;545;13:05:08;33,4;OK;OK;OK;OK;0,000;24,047;5,103;2,638;3,257;4,983;1,699;4,892;8,989;8,943;15,009;14,962;20,008;19,984;8,495;8,690;19,859;5,119;2,676;3,251;4,983;1,694;5,084;8,989;9,024;15,009;15,038;20,003;20,043;8,495;8,690;20,054;2,646;23,923;OK
3073400591-00-W17-L2- 26 06G017-0004877;545;13:05:47;33,3;OK;OK;OK;OK;0,000;24,063;5,130;2,682;3,289;5,005;1,639;4,946;9,005;8,975;15,004;14,995;19,992;20,000;8,501;8,701;19,880;5,135;2,682;3,289;4,999;1,639;5,095;9,005;9,024;15,009;15,033;19,987;20,022;8,506;8,701;20,038;2,654;23,923;OK
3073400591-00-W17-L2- 26 06G017-0004920;545;13:05:08;14,1;OK;OK;OK;OK;0,001;24,063;5,130;2,638;3,251;5,141;1,683;4,968;9,000;8,997;14,998;15,006;19,981;20,005;4,994;-1,000;-1,000;-1,000;-1,000;-1,000;-1,000;-1,000;-1,000;-1,000;-1,000;-1,000;-1,000;-1,000;-1,000;-1,000;-1,000;-1,000;-1,000;-1,000;NOK
3073400591-00-W17-L2- 26 06G017-0004920;545;13:05:53;33,4;OK;OK;OK;OK;0,001;24,058;5,130;2,676;3,273;4,994;1,683;4,984;9,000;9,013;15,004;15,011;19,987;20,016;8,495;8,701;19,897;5,130;2,654;3,273;4,994;1,672;5,084;9,000;9,013;14,998;15,006;19,981;20,005;8,495;8,701;20,032;2,648;23,922;OK
3073400591-00-W17-L2- 26 06G017-0004884;545;13:05:31;33,5;OK;OK;OK;OK;0,000;24,058;5,130;2,687;3,284;5,010;1,699;4,973;9,005;9,002;15,004;15,017;19,976;20,000;8,506;8,706;19,875;5,141;2,660;3,268;4,999;1,694;5,073;9,005;8,991;15,004;14,995;19,976;19,989;8,506;8,706;20,027;2,661;23,923;OK
3073400591-00-W17-L2- 26 06G017-0004918;545;13:05:18;33,3;OK;OK;OK;OK;0,000;24,063;5,108;2,665;3,251;4,972;1,650;4,957;8,967;8,981;14,966;14,979;19,932;19,967;8,468;8,668;19,842;5,108;2,671;3,273;4,972;1,639;5,063;8,973;8,991;14,966;14,984;19,932;19,962;8,468;8,668;19,978;2,633;23,923;OK
3073400591-00-W17-L2- 26 06G017-0004912;545;13:05:28;5,1;OK;OK;OK;OK;0,000;24,052;5,113;2,671;3,621;-1,000;-1,000;-1,000;-1,000;-1,000;-1,000;-1,000;-1,000;-1,000;-1,000;-1,000;-1,000;-1,000;-1,000;-1,000;-1,000;-1,000;-1,000;-1,000;-1,000;-1,000;-1,000;-1,000;-1,000;-1,000;-1,000;-1,000;-1,000;-1,000;NOK
3073400591-00-W17-L2- 26 06G017-0004912;545;13:05:36;5,1;OK;OK;OK;OK;0,000;24,058;5,103;2,665;0,358;-1,000;-1,000;-1,000;-1,000;-1,000;-1,000;-1,000;-1,000;-1,000;-1,000;-1,000;-1,000;-1,000;-1,000;-1,000;-1,000;-1,000;-1,000;-1,000;-1,000;-1,000;-1,000;-1,000;-1,000;-1,000;-1,000;-1,000;-1,000;-1,000;NOK
3073400591-00-W17-L2- 26 06G017-0004912;545;13:05:44;5,1;OK;OK;OK;OK;0,000;24,058;5,070;2,682;-3,517;-1,000;-1,000;-1,000;-1,000;-1,000;-1,000;-1,000;-1,000;-1,000;-1,000;-1,000;-1,000;-1,000;-1,000;-1,000;-1,000;-1,000;-1,000;-1,000;-1,000;-1,000;-1,000;-1,000;-1,000;-1,000;-1,000;-1,000;-1,000;-1,000;NOK
3073400591-00-W17-L2- 26 06G017-0004912;545;13:05:26;34,2;OK;OK;OK;OK;0,000;24,047;5,103;2,649;3,246;4,967;1,666;4,946;8,951;8,970;14,938;14,952;19,922;19,946;8,457;8,663;19,826;5,097;2,665;3,246;4,967;1,672;5,052;8,957;8,970;14,938;14,952;19,922;19,946;8,457;8,657;19,967;2,635;23,924;OK
3073400591-00-W17-L2- 26 06G017-0004873;545;14:05:06;33,4;OK;OK;OK;OK;0,000;24,047;5,086;2,665;3,279;4,956;1,688;4,952;8,957;8,981;14,960;14,984;19,938;19,984;8,463;8,652;19,853;5,092;2,676;3,246;4,956;1,683;5,041;8,951;8,959;14,949;14,968;19,938;19,967;8,452;8,657;19,989;2,635;23,924;OK
3073400591-00-W17-L2- 26 06G017-0004875;545;14:05:46;33,7;OK;OK;OK;OK;0,000;24,052;5,124;2,649;3,279;4,999;1,666;4,990;8,989;9,013;14,982;15,000;19,960;19,984;8,495;8,695;19,864;5,135;2,687;3,273;4,999;1,666;5,084;8,995;9,002;14,987;14,995;19,949;19,978;8,495;8,690;20,000;2,629;23,923;OK
3073400591-00-W17-L2- 26 06G017-0004919;545;14:05:26;34,6;OK;OK;OK;OK;0,000;24,042;5,141;2,649;3,251;5,005;1,694;4,854;8,978;8,823;14,976;14,832;19,960;19,859;8,484;8,684;19,745;5,135;2,644;3,273;5,005;1,704;5,090;8,984;8,991;14,976;14,984;19,960;19,989;8,484;8,684;20,005;2,636;23,924;OK
3073400591-00-W17-L2- 26 06G017-0004878;545;14:05:05;33,6;OK;OK;OK;OK;0,000;24,058;5,130;2,676;3,262;5,005;1,710;4,990;8,995;9,013;14,987;15,011;19,960;19,994;8,501;8,695;19,864;5,135;2,649;3,289;5,010;1,721;5,101;8,995;9,019;14,987;15,006;19,954;19,994;8,495;8,695;20,005;2,640;23,923;OK
3073400591-00-W17-L2- 26 06G017-0000110;545;14:05:44;33,8;OK;OK;OK;OK;0,000;24,058;5,168;2,671;3,251;5,021;1,672;5,011;9,000;9,024;14,998;15,028;19,992;20,027;8,501;8,706;19,902;5,157;2,638;3,279;5,021;1,677;5,111;9,000;9,024;14,998;15,028;19,987;20,022;8,501;8,701;20,038;2,642;23,923;OK
3073400591-00-W17-L2- 26 06G017-0000118;545;14:05:27;33,9;OK;OK;OK;OK;0,000;24,058;5,097;2,676;3,279;4,972;1,666;4,963;8,962;8,975;14,944;14,968;19,911;19,946;8,457;8,663;19,821;5,103;2,687;3,257;4,972;1,656;5,068;8,957;8,986;14,949;14,973;19,916;19,951;8,463;8,663;19,956;2,612;23,925;OK
3073400591-00-W17-L2- 26 06G017-0004882;545;14:05:06;33,5;OK;OK;OK;OK;0,000;24,052;5,130;2,687;3,300;5,005;1,704;5,001;9,005;9,024;15,004;15,028;19,987;20,016;8,506;8,706;19,897;5,141;2,692;3,279;5,005;1,710;5,084;9,000;9,013;14,998;15,017;19,987;20,011;8,506;8,706;20,027;2,683;23,922;OK
3073400591-00-W17-L2- 26 06G017-0000109;545;14:05:44;33,4;OK;OK;OK;OK;0,000;24,052;5,097;2,649;3,262;4,961;1,672;4,946;8,967;8,981;14,987;15,000;19,987;20,011;8,463;8,663;19,886;5,097;2,671;3,268;4,961;1,677;5,052;8,973;8,981;14,987;14,995;19,981;20,011;8,463;8,668;20,027;2,660;23,923;OK
3073400591-00-W17-L2- 26 06G017-0000111;545;14:05:06;14,2;OK;OK;OK;OK;0,000;24,047;5,103;2,660;3,257;4,978;1,677;4,968;8,973;8,991;14,966;14,990;19,949;19,978;4,978;-1,000;-1,000;-1,000;-1,000;-1,000;-1,000;-1,000;-1,000;-1,000;-1,000;-1,000;-1,000;-1,000;-1,000;-1,000;-1,000;-1,000;-1,000;-1,000;NOK
3073400591-00-W17-L2- 26 06G017-0000111;545;14:05:47;33,4;OK;OK;OK;OK;0,001;24,063;5,113;2,682;3,284;4,983;1,683;4,979;8,973;9,002;14,976;14,995;19,954;19,989;8,479;8,679;19,859;5,119;2,660;3,262;4,989;1,688;5,084;8,978;9,008;14,976;15,000;19,949;19,984;8,484;8,679;19,994;2,622;23,924;OK
3073400591-00-W17-L2- 26 06G017-0004917;545;14:05:25;33,4;OK;OK;OK;OK;0,000;24,063;5,119;2,649;3,268;4,983;1,704;4,973;8,984;9,008;14,993;15,006;19,976;20,000;8,490;8,690;19,886;5,113;2,654;3,284;4,989;1,704;5,073;8,989;8,997;14,987;15,000;19,976;19,989;8,484;8,690;20,016;2,641;23,923;OK
3073400591-00-W17-L2- 26 06G017-0001607;545;14:05:05;33,4;OK;OK;OK;OK;0,000;24,058;5,135;2,671;3,284;4,999;1,683;4,946;9,005;8,981;15,014;15,000;20,008;20,011;8,501;8,706;19,891;5,130;2,654;3,284;4,994;1,683;5,079;9,005;9,008;15,014;15,017;20,008;20,022;8,506;8,701;20,049;2,649;23,923;OK
3073400591-00-W17-L2- 26 06G017-0001144;545;14:05:44;33,8;OK;OK;OK;OK;0,000;24,052;5,108;2,654;3,279;4,983;1,672;4,957;8,989;8,997;15,009;15,022;20,003;20,027;8,490;8,695;19,902;5,113;2,671;3,262;4,983;1,672;5,052;8,989;8,997;15,009;15,011;20,008;20,022;8,490;8,695;20,049;2,639;23,922;OK
3073400591-00-W17-L2- 26 06G017-0000114;545;14:05:24;33,3;OK;OK;OK;OK;0,000;24,052;5,108;2,649;3,251;4,972;1,699;4,957;8,978;8,991;14,971;14,984;19,960;19,984;8,473;8,673;19,864;5,108;2,649;3,257;4,972;1,694;5,068;8,973;9,002;14,971;14,995;19,954;19,989;8,473;8,673;20,005;2,625;23,925;OK
3073400591-00-W17-L2- 26 06G017-0001601;545;14:05:06;33,4;OK;OK;OK;OK;0,000;24,058;5,119;2,671;3,284;4,989;1,666;4,979;8,973;8,986;14,944;14,957;19,916;19,946;8,473;8,679;19,815;5,130;2,682;3,257;4,994;1,661;5,073;8,973;8,986;14,944;14,952;19,916;19,940;8,479;8,679;19,962;2,604;23,926;OK
3073400591-00-W17-L2- 26 06G017-0001598;545;14:05:46;33,5;OK;OK;OK;OK;0,000;24,058;5,092;2,654;3,241;4,983;1,715;4,952;8,957;8,964;14,944;14,952;19,922;19,929;8,463;8,663;19,804;5,097;2,665;3,257;4,983;1,710;5,073;8,962;8,970;14,938;14,957;19,927;19,946;8,463;8,663;19,967;2,623;23,926;OK
3073400591-00-W17-L2- 26 06G017-0001597;545;14:05:07;14,1;OK;OK;OK;OK;0,000;24,047;5,097;2,644;3,251;5,130;1,704;4,946;8,973;8,964;14,966;14,962;19,943;19,951;4,978;-1,000;-1,000;-1,000;-1,000;-1,000;-1,000;-1,000;-1,000;-1,000;-1,000;-1,000;-1,000;-1,000;-1,000;-1,000;-1,000;-1,000;-1,000;-1,000;NOK
3073400591-00-W17-L2- 26 06G017-0001597;545;14:05:01;33,5;OK;OK;OK;OK;0,002;24,052;5,124;2,649;3,284;4,978;1,699;4,957;8,973;8,975;14,960;14,973;19,943;19,967;8,473;8,668;19,842;5,113;2,649;3,273;4,983;1,704;5,073;8,973;8,997;14,960;14,984;19,943;19,973;8,468;8,673;19,989;2,620;24,073;OK
3073400591-00-W17-L2- 26 06G017-0001602;545;14:05:40;33,4;OK;OK;OK;OK;0,002;24,047;5,113;2,665;3,257;4,978;1,645;4,968;8,973;8,986;14,966;14,973;19,938;19,962;8,473;8,673;19,842;5,113;2,671;3,273;4,983;1,650;5,073;8,967;8,991;14,960;14,973;19,938;19,967;8,473;8,673;19,984;2,617;23,927;OK
3073400591-00-W17-L2- 26 06G017-0004913;545;14:05:19;33,4;OK;OK;OK;OK;0,000;24,052;5,141;2,660;3,257;5,016;1,704;5,001;8,984;9,008;14,976;14,995;19,960;19,989;8,484;8,690;19,870;5,146;2,676;3,257;5,016;1,710;5,095;8,984;8,991;14,971;14,984;19,954;19,978;8,490;8,690;20,000;2,609;23,926;OK
3073400591-00-W17-L2- 26 06G017-0001016;545;14:05:58;33,4;OK;OK;OK;OK;0,000;24,058;5,141;2,649;3,262;4,994;1,699;4,979;8,989;9,002;14,971;14,990;19,938;19,973;8,484;8,684;19,848;5,130;2,676;3,273;4,999;1,710;5,073;8,984;8,997;14,971;14,984;19,943;19,967;8,484;8,690;19,989;2,619;23,927;OK
3073400591-00-W17-L2- 26 06G017-0001010;545;14:05:37;33,4;OK;OK;OK;OK;0,000;24,063;5,097;2,649;3,262;4,972;1,650;4,963;8,962;8,981;14,944;14,957;19,916;19,951;8,463;8,657;19,832;5,103;2,649;3,262;4,972;1,661;5,046;8,957;8,959;14,938;14,952;19,922;19,929;8,457;8,657;19,967;2,575;23,928;OK
3073400591-00-W17-L2- 26 06G017-0001592;545;14:05:05;21,9;OK;OK;OK;OK;0,000;24,047;5,124;2,649;3,262;4,983;1,683;4,973;8,989;9,013;15,004;15,022;19,998;20,027;8,490;8,690;19,902;5,119;2,660;3,273;4,983;1,677;4,493;-1,000;-1,000;-1,000;-1,000;-1,000;-1,000;-1,000;-1,000;-1,000;-1,000;-1,000;NOK
3073400591-00-W17-L2- 26 06G017-0001592;545;14:05:46;34,0;OK;OK;OK;OK;0,000;24,063;5,113;2,671;3,279;4,989;1,694;4,979;8,989;9,019;14,998;15,022;19,992;20,032;8,490;8,690;19,902;5,124;2,682;3,273;4,983;1,683;5,057;8,995;8,986;14,998;15,000;19,992;20,011;8,490;8,690;20,049;2,617;23,924;OK
3073400591-00-W17-L2- 26 06G017-0001146;545;14:05:24;33,5;OK;OK;OK;OK;0,000;24,052;5,113;2,660;3,273;4,978;1,656;4,968;8,978;8,997;14,993;15,011;19,987;20,016;8,484;8,679;19,897;5,113;2,649;3,251;4,978;1,661;5,057;8,984;8,986;14,993;14,995;19,987;20,011;8,484;8,679;20,032;2,622;23,924;OK
3073400591-00-W17-L2- 26 06G017-0001011;545;14:05:02;33,3;OK;OK;OK;OK;0,000;24,052;5,103;2,649;3,268;4,972;1,677;4,963;8,962;8,981;14,955;14,973;19,932;19,962;8,463;8,663;19,848;5,108;2,649;3,279;4,972;1,672;5,035;8,962;8,953;14,955;14,952;19,932;19,946;8,463;8,663;19,984;2,613;23,926;OK
3073400591-00-W17-L2- 26 06G017-0004010;545;14:05:24;14,1;OK;OK;OK;OK;0,000;24,052;5,092;2,676;3,251;5,108;1,645;4,941;8,946;8,959;14,944;14,952;19,922;19,940;4,967;-1,000;-1,000;-1,000;-1,000;-1,000;-1,000;-1,000;-1,000;-1,000;-1,000;-1,000;-1,000;-1,000;-1,000;-1,000;-1,000;-1,000;-1,000;-1,000;NOK
3073400591-00-W17-L2- 26 06G017-0004010;545;14:05:39;14,1;OK;OK;OK;OK;0,000;24,052;5,086;2,665;3,262;4,961;1,639;4,930;8,951;8,948;14,938;14,946;19,922;19,946;4,967;-1,000;-1,000;-1,000;-1,000;-1,000;-1,000;-1,000;-1,000;-1,000;-1,000;-1,000;-1,000;-1,000;-1,000;-1,000;-1,000;-1,000;-1,000;-1,000;NOK
3073400591-00-W17-L2- 26 06G017-0004010;545;14:05:26;33,4;OK;OK;OK;OK;0,001;24,058;5,097;2,682;3,257;4,967;1,650;4,963;8,957;8,981;14,949;14,973;19,922;19,956;8,457;8,657;19,832;5,103;2,654;3,279;4,967;1,645;5,057;8,957;8,981;14,944;14,962;19,922;19,951;8,457;8,663;19,967;2,666;23,953;OK
3073400591-00-W17-L2- 26 06G017-0001017;545;14:05:14;33,4;OK;OK;OK;OK;0,002;24,042;5,070;2,671;3,279;4,951;1,683;4,930;8,951;8,959;14,938;14,952;19,905;19,935;8,452;8,657;19,815;5,081;2,682;3,257;4,951;1,688;5,035;8,951;8,970;14,938;14,952;19,916;19,929;8,457;8,652;19,951;2,639;23,926;OK
3073400591-00-W17-L2- 26 06G017-0001588;545;14:05:52;33,3;OK;OK;OK;OK;0,000;24,058;5,130;2,671;3,279;5,010;1,704;4,952;9,005;8,970;14,998;14,973;19,970;19,967;8,501;8,706;19,842;5,146;2,649;3,268;5,010;1,694;5,090;9,005;9,013;14,998;15,006;19,970;19,994;8,506;8,701;20,022;2,630;23,925;OK
3073400591-00-W17-L2- 26 06G017-0001593;545;14:05:30;33,4;OK;OK;OK;OK;0,000;24,058;5,086;2,644;3,284;4,961;1,715;4,957;8,962;8,986;14,966;14,984;19,954;19,989;8,468;8,663;19,864;5,097;2,649;3,268;4,956;1,715;5,046;8,962;8,970;14,966;14,979;19,954;19,978;8,463;8,663;20,000;2,636;23,926;OK
3073400591-00-W17-L2- 26 06G017-0000714;545;14:05:13;33,4;OK;OK;OK;OK;0,000;24,058;5,124;2,649;3,262;4,983;1,645;4,973;8,978;8,991;14,966;14,979;19,949;19,973;8,473;8,679;19,853;5,113;2,671;3,273;4,989;1,650;5,079;8,973;8,991;14,966;14,979;19,943;19,967;8,479;8,679;19,989;2,626;23,926;OK
3073400591-00-W17-L2- 26 06G017-0000748;545;14:05:03;3,9;OK;OK;OK;OK;0,000;24,052;-0,923;-1,000;-1,000;-1,000;-1,000;-1,000;-1,000;-1,000;-1,000;-1,000;-1,000;-1,000;-1,000;-1,000;-1,000;-1,000;-1,000;-1,000;-1,000;-1,000;-1,000;-1,000;-1,000;-1,000;-1,000;-1,000;-1,000;-1,000;-1,000;-1,000;-1,000;-1,000;NOK
3073400591-00-W17-L2- 26 06G017-0000748;545;14:05:12;3,9;OK;OK;OK;OK;0,000;24,052;-0,923;-1,000;-1,000;-1,000;-1,000;-1,000;-1,000;-1,000;-1,000;-1,000;-1,000;-1,000;-1,000;-1,000;-1,000;-1,000;-1,000;-1,000;-1,000;-1,000;-1,000;-1,000;-1,000;-1,000;-1,000;-1,000;-1,000;-1,000;-1,000;-1,000;-1,000;-1,000;NOK
3073400591-00-W17-L2- 26 06G017-0000748;545;14:05:52;33,5;OK;OK;OK;OK;0,002;24,052;5,097;2,665;3,279;4,972;1,710;4,952;8,962;8,975;14,955;14,973;19,943;19,967;8,463;8,663;19,842;5,097;2,682;3,262;4,961;1,704;5,063;8,957;8,991;14,949;14,990;19,938;19,978;8,463;8,657;19,984;2,609;23,925;OK
3073400591-00-W17-L2- 26 06G017-0001148;545;14:05:41;33,3;OK;OK;OK;OK;0,000;24,042;5,119;2,665;3,257;4,983;1,694;4,968;8,967;8,986;14,949;14,973;19,927;19,956;8,468;8,673;19,837;5,119;2,654;3,273;4,989;1,688;5,073;8,967;8,981;14,955;14,962;19,922;19,946;8,468;8,668;19,973;2,597;23,926;OK
3073400591-00-W17-L2- 26 06G017-0001142;545;14:05:31;33,3;OK;OK;OK;OK;0,001;24,058;5,103;2,665;3,279;4,978;1,650;4,968;8,984;9,002;14,987;15,011;19,976;20,011;8,484;8,679;19,891;5,113;2,682;3,273;4,978;1,650;5,063;8,978;8,997;14,993;15,000;19,970;20,005;8,479;8,684;20,022;2,633;23,924;OK
3073400591-00-W29-L2- 25 07G074-0002439;716;16:05:32;32,7;OK;OK;OK;OK;0,000;24,058;5,097;2,676;3,262;4,972;1,656;4,941;8,984;8,986;14,966;14,973;19,938;19,962;8,484;8,679;19,837;5,113;2,671;3,279;4,967;1,650;5,073;8,978;9,019;14,971;15,000;19,938;19,984;8,479;8,684;19,984;2,616;23,932;OK
;716;16:05:11;2,2;NON TESTE;NON TESTE;NON TESTE;NON TESTE;-1,000;-1,000;-1,000;-1,000;-1,000;-1,000;-1,000;-1,000;-1,000;-1,000;-1,000;-1,000;-1,000;-1,000;-1,000;-1,000;-1,000;-1,000;-1,000;-1,000;-1,000;-1,000;-1,000;-1,000;-1,000;-1,000;-1,000;-1,000;-1,000;-1,000;-1,000;-1,000;-1,000;-1,000;NOK
3073400591-00-W39-L2- 25 09G100-0000227;716;16:05:18;1,2;OK;OK;FAIL;NON TESTE;-1,000;-1,000;-1,000;-1,000;-1,000;-1,000;-1,000;-1,000;-1,000;-1,000;-1,000;-1,000;-1,000;-1,000;-1,000;-1,000;-1,000;-1,000;-1,000;-1,000;-1,000;-1,000;-1,000;-1,000;-1,000;-1,000;-1,000;-1,000;-1,000;-1,000;-1,000;-1,000;-1,000;-1,000;NOK
3073400591-00-W05-L3- 25 02G005-0001441;716;16:05:25;1,0;FAIL;NON TESTE;NON TESTE;NON TESTE;-1,000;-1,000;-1,000;-1,000;-1,000;-1,000;-1,000;-1,000;-1,000;-1,000;-1,000;-1,000;-1,000;-1,000;-1,000;-1,000;-1,000;-1,000;-1,000;-1,000;-1,000;-1,000;-1,000;-1,000;-1,000;-1,000;-1,000;-1,000;-1,000;-1,000;-1,000;-1,000;-1,000;-1,000;NOK
;716;16:05:33;2,2;NON TESTE;NON TESTE;NON TESTE;NON TESTE;-1,000;-1,000;-1,000;-1,000;-1,000;-1,000;-1,000;-1,000;-1,000;-1,000;-1,000;-1,000;-1,000;-1,000;-1,000;-1,000;-1,000;-1,000;-1,000;-1,000;-1,000;-1,000;-1,000;-1,000;-1,000;-1,000;-1,000;-1,000;-1,000;-1,000;-1,000;-1,000;-1,000;-1,000;NOK
3073400591-00-W11-L1- 25 02G149-0002884;716;16:05:43;3,9;OK;OK;OK;OK;0,000;24,063;0,011;-1,000;-1,000;-1,000;-1,000;-1,000;-1,000;-1,000;-1,000;-1,000;-1,000;-1,000;-1,000;-1,000;-1,000;-1,000;-1,000;-1,000;-1,000;-1,000;-1,000;-1,000;-1,000;-1,000;-1,000;-1,000;-1,000;-1,000;-1,000;-1,000;-1,000;-1,000;NOK
3073400591-00-W21-L2- 25 06G011-0000153;716;16:05:50;1,3;OK;OK;OK;FAIL;-1,000;-1,000;-1,000;-1,000;-1,000;-1,000;-1,000;-1,000;-1,000;-1,000;-1,000;-1,000;-1,000;-1,000;-1,000;-1,000;-1,000;-1,000;-1,000;-1,000;-1,000;-1,000;-1,000;-1,000;-1,000;-1,000;-1,000;-1,000;-1,000;-1,000;-1,000;-1,000;-1,000;-1,000;NOK
3073400591-00-W17-L2- 26 06G017-0001141;716;16:05:51;32,5;OK;OK;OK;OK;0,000;24,058;5,108;2,654;3,262;4,967;1,666;4,963;8,957;8,986;14,955;14,990;19,938;19,978;8,457;8,657;19,859;5,108;2,665;3,279;4,967;1,677;5,057;8,957;8,981;14,955;14,979;19,938;19,973;8,463;8,663;19,984;2,601;23,933;OK
3073400591-00-W17-L2- 26 06G017-0001014;716;16:05:28;32,5;OK;OK;OK;OK;0,000;24,047;5,108;2,671;3,273;4,978;1,683;4,968;8,978;8,997;14,971;14,990;19,949;19,989;8,479;8,679;19,859;5,113;2,671;3,268;4,978;1,683;5,079;8,978;9,008;14,966;15,000;19,954;19,984;8,479;8,679;19,994;2,622;23,932;OK
3073400591-00-W17-L2- 26 06G017-0001600;716;16:05:11;32,7;OK;OK;OK;OK;0,001;24,058;5,162;2,654;3,251;5,016;1,677;5,006;9,000;9,029;15,009;15,038;20,008;20,038;8,501;8,706;19,913;5,146;2,682;3,273;5,010;1,688;5,106;9,000;9,024;15,009;15,033;20,003;20,032;8,501;8,701;20,049;2,651;23,929;OK
3073400591-00-W17-L2- 26 06G017-0001590;716;16:05:53;32,6;OK;OK;OK;OK;0,000;24,052;5,119;2,676;3,268;4,999;1,639;4,995;8,978;9,008;14,960;14,995;19,943;19,978;8,484;8,684;19,859;5,124;2,671;3,257;4,994;1,634;5,101;8,984;9,008;14,966;14,990;19,938;19,973;8,490;8,684;19,984;2,641;23,930;OK
3073400591-00-W17-L2- 26 06G017-0001147;716;16:05:30;32,6;OK;OK;OK;OK;0,002;24,052;5,157;2,660;3,268;5,016;1,650;4,995;9,022;9,024;15,025;15,033;20,008;20,038;8,517;8,722;19,918;5,157;2,682;3,279;5,016;1,650;5,111;9,016;9,051;15,025;15,049;20,008;20,043;8,517;8,717;20,060;2,669;23,929;OK
3073400591-00-W17-L2- 26 06G017-0001591;716;16:05:14;32,8;OK;OK;OK;OK;0,000;24,063;5,119;2,665;3,289;4,994;1,661;4,946;8,995;8,981;14,998;14,995;19,987;20,000;8,495;8,695;19,880;5,135;2,682;3,284;4,994;1,656;5,095;8,995;9,029;14,998;15,028;19,992;20,027;8,490;8,695;20,038;2,639;23,929;OK
3073400591-00-W17-L2- 26 06G017-0001595;716;16:05:03;32,7;OK;OK;OK;OK;0,000;24,058;5,135;2,644;3,268;5,010;1,694;5,017;9,016;9,051;15,025;15,060;20,019;20,060;8,517;8,722;19,929;5,151;2,676;3,268;5,010;1,694;5,111;9,022;9,057;15,025;15,060;20,019;20,054;8,511;8,722;20,065;2,657;23,928;OK
3073400591-00-W17-L2- 26 06G017-0001149;716;16:05:49;32,7;OK;OK;OK;OK;0,000;24,063;5,097;2,687;3,295;4,967;1,694;4,968;8,973;9,002;14,955;14,979;19,922;19,967;8,473;8,673;19,837;5,103;2,649;3,273;4,972;1,704;5,057;8,973;8,997;14,955;14,973;19,922;19,962;8,473;8,673;19,973;2,627;23,930;OK
3073400591-00-W17-L2- 26 06G017-0004017;716;16:05:26;32,7;OK;OK;OK;OK;0,000;24,063;5,141;2,660;3,284;5,016;1,704;5,011;9,000;9,029;14,982;15,011;19,960;19,994;8,501;8,701;19,870;5,146;2,665;3,279;5,010;1,704;5,117;8,995;9,035;14,976;15,017;19,960;19,994;8,501;8,701;20,000;2,639;23,930;OK
3073400591-00-W17-L2- 26 06G017-0004014;716;16:05:03;32,6;OK;OK;OK;OK;0,003;24,063;5,135;2,687;3,262;4,999;1,672;4,990;9,005;9,029;15,025;15,038;20,019;20,049;8,501;8,706;19,935;5,135;2,660;3,262;4,999;1,672;5,101;9,005;9,035;15,020;15,055;20,019;20,060;8,506;8,711;20,065;2,681;23,928;OK
3073400591-00-W17-L2- 26 06G017-0001589;716;16:05:40;32,7;OK;OK;OK;OK;0,000;24,058;5,162;2,687;3,289;5,016;1,650;5,017;9,022;9,057;15,031;15,060;20,030;20,060;8,528;8,722;19,946;5,151;2,687;3,284;5,016;1,645;5,106;9,027;9,046;15,031;15,049;20,030;20,054;8,522;8,722;20,076;2,665;23,928;OK
3073400591-00-W17-L2- 26 06G017-0001604;716;16:05:17;32,8;OK;OK;OK;OK;0,000;24,052;5,135;2,644;3,262;4,994;1,645;4,990;8,989;9,019;14,982;15,011;19,960;20,000;8,495;8,695;19,870;5,135;2,660;3,268;4,994;1,639;5,101;8,989;9,024;14,982;15,011;19,960;19,994;8,495;8,690;20,011;2,657;23,929;OK
3073400591-00-W17-L2- 26 06G017-0001596;716;16:05:55;32,8;OK;OK;OK;OK;0,000;24,058;5,141;2,654;3,257;4,989;1,704;4,979;8,973;8,986;14,955;14,968;19,927;19,962;8,479;8,679;19,837;5,124;2,644;3,257;4,989;1,715;5,084;8,973;9,002;14,949;14,984;19,932;19,962;8,479;8,679;19,978;2,650;23,928;OK
3073400591-00-W17-L2- 26 06G017-0004013;716;17:05:16;17,1;OK;OK;OK;OK;0,000;24,058;5,108;2,682;3,284;4,978;1,683;4,968;8,984;9,008;14,993;15,011;19,987;20,016;8,484;8,684;19,891;5,113;1,748;-1,000;-1,000;-1,000;-1,000;-1,000;-1,000;-1,000;-1,000;-1,000;-1,000;-1,000;-1,000;-1,000;-1,000;-1,000;NOK
3073400591-00-W17-L2- 26 06G017-0004013;716;17:05:55;32,8;OK;OK;OK;OK;0,000;24,058;5,119;2,682;3,284;4,983;1,688;4,973;8,984;9,013;14,993;15,028;19,981;20,022;8,484;8,684;19,891;5,113;2,649;3,273;4,978;1,683;5,057;8,984;8,991;14,993;15,000;19,981;20,011;8,484;8,684;20,038;2,658;23,928;OK
3073400591-00-W17-L2- 26 06G017-0001143;716;17:05:32;32,6;OK;OK;OK;OK;0,000;24,047;5,113;2,687;3,295;4,967;1,656;4,963;8,973;9,002;14,971;14,990;19,943;19,984;8,479;8,673;19,853;5,097;2,682;3,295;4,967;1,656;5,057;8,973;8,997;14,966;14,984;19,949;19,973;8,479;8,679;19,994;2,655;23,929;OK
3073400591-00-W17-L2- 26 06G017-0004020;716;17:05:08;32,7;OK;OK;OK;OK;0,000;24,058;5,151;2,682;3,279;5,016;1,677;5,006;9,005;9,019;14,993;15,006;19,970;20,000;8,511;8,706;19,870;5,151;2,682;3,279;5,021;1,666;5,117;9,005;9,029;14,993;15,022;19,965;20,000;8,506;8,711;20,011;2,649;23,927;OK
3073400591-00-W17-L2- 26 06G017-0001586;716;17:05:45;32,6;OK;OK;OK;OK;0,000;24,058;5,108;2,660;3,268;4,967;1,683;4,935;8,967;8,970;14,971;14,979;19,954;19,984;8,463;8,663;19,859;5,097;2,676;3,257;4,967;1,683;5,063;8,967;8,997;14,971;15,000;19,954;19,989;8,468;8,668;20,000;2,662;23,928;OK
3073400591-00-W17-L2- 26 06G017-0001013;716;17:05:22;32,8;OK;OK;OK;OK;0,000;24,063;5,141;2,676;3,284;5,010;1,704;4,995;8,995;9,013;14,982;15,000;19,960;19,984;8,495;8,701;19,859;5,141;2,649;3,262;5,010;1,704;5,106;8,995;9,029;14,982;15,011;19,954;19,994;8,501;8,701;20,005;2,652;24,074;OK
3073400591-00-W17-L2- 26 06G017-0001599;716;17:05:59;32,7;OK;OK;OK;OK;0,000;24,058;5,092;2,644;3,273;4,961;1,699;4,935;8,967;8,964;14,971;14,962;19,943;19,962;8,473;8,673;19,837;5,097;2,649;3,257;4,961;1,694;5,052;8,973;8,986;14,960;14,984;19,949;19,973;8,473;8,679;19,989;2,655;23,929;OK
3073400591-00-W17-L2- 26 06G017-0001151;716;17:05:36;32,7;OK;OK;OK;OK;0,000;24,052;5,157;2,654;3,268;5,010;1,672;4,984;8,989;8,997;14,998;15,006;19,987;20,011;8,490;8,684;19,886;5,141;2,654;3,273;5,005;1,672;5,106;8,989;9,013;14,998;15,022;19,987;20,016;8,490;8,684;20,038;2,675;23,927;OK
3073400591-00-W17-L2- 26 06G017-0001020;716;17:05:13;32,8;OK;OK;OK;OK;0,000;24,052;5,086;2,654;3,284;4,956;1,688;4,952;8,957;8,981;14,955;14,979;19,938;19,973;8,457;8,652;19,848;5,092;2,687;3,262;4,956;1,688;5,046;8,951;8,970;14,955;14,968;19,938;19,962;8,452;8,657;19,984;2,661;23,928;OK
3073400591-00-W17-L2- 26 06G017-0001606;716;17:05:49;32,7;OK;OK;OK;OK;0,000;24,052;5,103;2,654;3,257;4,978;1,672;4,968;8,984;8,997;14,987;15,006;19,976;20,005;8,473;8,684;19,886;5,113;2,682;3,273;4,972;1,672;5,063;8,978;8,997;14,987;15,000;19,976;20,005;8,484;8,679;20,022;2,646;23,927;OK
3073400591-00-W17-L2- 26 06G017-0001019;716;17:05:27;32,6;OK;OK;OK;OK;0,000;24,052;5,103;2,676;3,284;4,961;1,688;4,963;8,984;9,019;14,993;15,028;19,987;20,027;8,484;8,679;19,902;5,092;2,649;3,284;4,961;1,688;5,052;8,984;9,008;14,998;15,017;19,987;20,016;8,484;8,684;20,032;2,659;23,928;OK
3073400591-00-W17-L2- 26 06G017-0001594;716;17:05:04;32,6;OK;OK;OK;OK;0,000;24,052;5,113;2,638;3,251;4,972;1,699;4,957;8,967;8,986;14,960;14,984;19,954;19,984;8,468;8,663;19,864;5,108;2,638;3,246;4,967;1,694;5,063;8,967;8,981;14,966;14,979;19,960;19,978;8,468;8,668;20,000;2,651;23,929;OK
3073400591-00-W17-L2- 26 06G017-0001145;716;17:05:12;3,9;OK;OK;OK;OK;0,000;24,063;-0,700;-1,000;-1,000;-1,000;-1,000;-1,000;-1,000;-1,000;-1,000;-1,000;-1,000;-1,000;-1,000;-1,000;-1,000;-1,000;-1,000;-1,000;-1,000;-1,000;-1,000;-1,000;-1,000;-1,000;-1,000;-1,000;-1,000;-1,000;-1,000;-1,000;-1,000;-1,000;NOK
3073400591-00-W17-L2- 26 06G017-0001145;716;17:05:50;32,8;OK;OK;OK;OK;0,000;24,058;5,141;2,687;3,295;4,994;1,656;4,979;8,995;9,013;14,993;15,017;19,981;20,011;8,495;8,690;19,886;5,124;2,671;3,295;4,989;1,650;5,095;8,989;9,024;14,993;15,022;19,981;20,016;8,490;8,690;20,022;2,664;23,928;OK
3073400591-00-W17-L2- 26 06G017-0001603;716;17:05:28;34,0;OK;OK;OK;OK;0,000;24,058;5,130;2,698;3,273;4,983;1,661;4,979;8,984;9,002;14,987;15,006;19,981;20,005;8,484;8,690;19,886;5,119;2,671;3,284;4,989;1,661;5,079;8,989;9,002;14,987;15,006;19,976;20,000;8,484;8,684;20,022;2,663;23,926;OK
3073400591-00-W17-L2- 26 06G017-0001585;716;17:05:06;32,7;OK;OK;OK;OK;0,000;24,047;5,086;2,676;3,284;4,951;1,683;4,930;8,967;8,981;14,966;14,979;19,949;19,978;8,468;8,663;19,853;5,081;2,649;3,268;4,951;1,683;5,030;8,967;8,970;14,966;14,979;19,943;19,973;8,463;8,663;19,994;2,677;23,927;OK
3073400591-00-W17-L2- 26 06G017-0001608;716;17:05:43;32,7;OK;OK;OK;OK;0,000;24,052;5,135;2,654;3,251;4,994;1,661;4,990;8,995;9,024;14,998;15,022;19,976;20,011;8,490;8,695;19,886;5,135;2,638;3,273;4,994;1,661;5,084;9,000;9,013;14,998;15,011;19,981;20,005;8,495;8,695;20,027;2,675;23,927;OK
3073400591-00-W17-L2- 26 06G017-0001587;716;17:05:21;32,7;OK;OK;OK;OK;0,000;24,058;5,146;2,665;3,273;5,010;1,672;4,979;9,000;9,002;14,998;15,006;19,981;19,994;8,501;8,701;19,875;5,141;2,649;3,279;5,005;1,672;5,095;9,000;9,013;14,998;15,006;19,981;20,000;8,501;8,706;20,022;2,672;23,926;OK
3073400591-00-W17-L2- 26 06G017-0001150;716;17:05:58;32,9;OK;OK;OK;OK;0,000;24,052;5,108;2,644;3,235;4,978;1,639;4,957;8,978;8,991;14,971;14,990;19,960;19,989;8,479;8,684;19,859;5,113;2,622;3,230;4,983;1,645;5,063;8,978;8,991;14,971;14,984;19,960;19,984;8,484;8,679;20,005;2,652;23,927;OK
3073400591-00-W17-L2- 26 06G017-0001605;716;17:05:35;32,8;OK;OK;OK;OK;0,000;24,052;5,168;2,654;3,251;5,016;1,656;4,995;9,005;9,008;14,998;14,990;19,965;19,984;8,506;8,711;19,859;5,151;2,671;3,279;5,016;1,650;5,095;9,005;9,019;14,998;15,000;19,965;19,989;8,506;8,706;20,011;2,666;23,926;OK
3073400591-00-W17-L2- 26 06G017-0002737;716;17:05:11;32,5;OK;OK;OK;OK;0,000;24,052;5,103;2,649;3,251;4,978;1,677;4,876;8,967;8,850;14,960;14,838;19,943;19,853;8,473;8,668;19,734;5,108;2,682;3,251;4,978;1,677;5,063;8,967;8,981;14,955;14,973;19,943;19,973;8,468;8,668;19,984;2,641;23,928;OK
3073400591-00-W17-L2- 26 06G017-0000625;716;17:05:49;32,8;OK;OK;OK;OK;0,000;24,063;5,151;2,649;3,246;4,999;1,683;5,001;8,995;9,024;14,982;15,011;19,965;19,994;8,501;8,695;19,870;5,135;2,638;3,251;4,999;1,677;5,084;9,000;8,997;14,987;14,995;19,960;19,978;8,495;8,695;20,016;2,648;23,927;OK
3073400591-00-W17-L2- 26 06G017-0000636;716;17:05:25;32,7;OK;OK;OK;OK;0,000;24,052;5,141;2,671;3,284;5,010;1,661;5,001;8,995;9,013;14,982;15,000;19,943;19,973;8,501;8,701;19,853;5,146;2,660;3,273;5,010;1,661;5,095;8,995;9,013;14,976;14,995;19,943;19,973;8,495;8,701;19,994;2,637;23,928;OK
3073400591-00-W17-L2- 26 06G017-0000629;716;17:05:03;32,5;OK;OK;OK;OK;0,001;24,063;5,113;2,687;3,268;4,989;1,672;4,979;8,978;9,002;14,976;15,000;19,965;20,000;8,479;8,673;19,875;5,119;2,665;3,262;4,983;1,672;5,068;8,973;8,986;14,976;14,990;19,970;19,989;8,479;8,679;20,011;2,639;23,927;OK
3073400591-00-W17-L2- 26 06G017-0002740;716;17:05:41;32,6;OK;OK;OK;OK;0,000;24,058;5,124;2,654;3,262;4,994;1,650;4,990;8,984;9,002;14,966;14,984;19,949;19,973;8,484;8,684;19,848;5,135;2,671;3,262;4,999;1,645;5,090;8,984;9,002;14,966;14,984;19,949;19,967;8,490;8,684;19,989;2,634;23,928;OK
3073400591-00-W17-L2- 26 06G017-0000630;716;17:05:18;32,7;OK;OK;OK;OK;0,000;24,063;5,092;2,692;3,262;4,956;1,694;4,952;8,951;8,970;14,938;14,957;19,922;19,951;8,452;8,652;19,821;5,097;2,687;3,284;4,961;1,694;5,046;8,946;8,964;14,944;14,952;19,911;19,940;8,446;8,652;19,962;2,640;23,928;OK
3073400591-00-W17-L2- 26 06G017-0000633;716;17:05:26;3,8;OK;OK;OK;OK;0,000;24,063;1,194;-1,000;-1,000;-1,000;-1,000;-1,000;-1,000;-1,000;-1,000;-1,000;-1,000;-1,000;-1,000;-1,000;-1,000;-1,000;-1,000;-1,000;-1,000;-1,000;-1,000;-1,000;-1,000;-1,000;-1,000;-1,000;-1,000;-1,000;-1,000;-1,000;-1,000;-1,000;NOK
3073400591-00-W17-L2- 26 06G017-0000633;716;17:05:04;32,7;OK;OK;OK;OK;0,000;24,058;5,097;2,665;3,284;4,989;1,726;4,957;8,984;8,991;14,987;14,995;19,976;20,000;8,490;8,684;19,875;5,124;2,676;3,262;4,983;1,726;5,073;8,984;9,002;14,987;15,000;19,976;20,011;8,484;8,684;20,027;2,639;23,927;OK
3073400591-00-W17-L2- 26 06G017-0002739;716;17:05:41;32,7;OK;OK;OK;OK;0,000;24,058;5,135;2,654;3,279;4,989;1,704;4,968;8,978;8,986;14,971;14,979;19,938;19,967;8,479;8,679;19,848;5,124;2,644;3,257;4,989;1,704;5,041;8,978;8,953;14,971;14,946;19,938;19,940;8,479;8,679;19,984;2,630;23,928;OK
3073400591-00-W17-L2- 26 06G017-0000632;716;17:05:18;32,5;OK;OK;OK;OK;0,001;24,052;5,135;2,654;3,268;4,994;1,694;4,963;9,000;8,991;15,004;15,006;19,998;20,011;8,495;8,701;19,891;5,130;2,676;3,279;4,994;1,683;5,073;9,000;9,002;15,004;15,011;19,998;20,005;8,501;8,695;20,032;2,646;24,072;OK
3073400591-00-W17-L2- 26 06G017-0000631;716;17:05:55;32,7;OK;OK;OK;OK;0,000;24,063;5,130;2,660;3,268;4,999;1,710;4,973;8,984;8,991;14,976;14,990;19,965;19,989;8,490;8,690;19,870;5,130;2,682;3,273;4,994;1,715;5,084;8,984;9,002;14,982;14,995;19,965;19,994;8,490;8,690;20,011;2,657;23,928;OK
3073400591-00-W17-L2- 26 06G017-0000626;716;17:05:32;32,7;OK;OK;OK;OK;0,000;24,058;5,124;2,676;3,273;4,989;1,710;4,984;8,978;9,002;14,966;14,995;19,938;19,967;8,479;8,684;19,842;5,124;2,660;3,279;4,989;1,715;5,084;8,978;9,002;14,960;14,984;19,927;19,962;8,484;8,679;19,984;2,652;23,928;OK
3073400591-00-W17-L2- 26 06G017-0002747;716;17:05:09;32,6;OK;OK;OK;OK;0,000;24,058;5,135;2,676;3,262;5,005;1,661;5,001;8,984;9,008;14,987;15,011;19,976;20,011;8,490;8,690;19,886;5,141;2,682;3,268;5,010;1,656;5,106;8,989;9,024;14,993;15,022;19,976;20,016;8,484;8,690;20,022;2,642;23,927;OK
3073400591-00-W17-L2- 26 06G017-0000634;716;17:05:23;9,3;OK;OK;OK;OK;0,000;24,052;5,092;2,671;3,279;4,989;1,634;4,387;-1,000;-1,000;-1,000;-1,000;-1,000;-1,000;-1,000;-1,000;-1,000;-1,000;-1,000;-1,000;-1,000;-1,000;-1,000;-1,000;-1,000;-1,000;-1,000;-1,000;-1,000;-1,000;-1,000;-1,000;-1,000;-1,000;NOK
3073400591-00-W17-L2- 26 06G017-0000634;716;17:05:06;32,7;OK;OK;OK;OK;0,000;24,052;5,135;2,703;3,300;4,999;1,650;4,990;8,989;9,008;14,982;15,006;19,970;20,005;8,490;8,690;19,875;5,135;2,682;3,279;4,999;1,650;5,101;8,989;9,024;14,976;15,006;19,976;20,005;8,490;8,695;20,016;2,655;23,928;OK
3073400591-00-W17-L2- 26 06G017-0000635;716;17:05:43;32,6;OK;OK;OK;OK;0,000;24,058;5,113;2,671;3,273;4,967;1,694;4,952;8,978;8,997;14,976;14,995;19,960;19,984;8,484;8,684;19,853;5,103;2,676;3,279;4,972;1,688;5,057;8,984;8,997;14,976;14,990;19,960;19,973;8,484;8,684;20,005;2,657;23,928;OK
3073400591-00-W17-L2- 26 06G017-0000627;716;17:05:20;32,6;OK;OK;OK;OK;0,000;24,052;5,103;2,692;3,279;4,972;1,699;4,973;8,962;8,986;14,955;14,979;19,932;19,973;8,468;8,663;19,842;5,108;2,660;3,284;4,978;1,699;5,068;8,957;8,981;14,955;14,973;19,927;19,956;8,463;8,657;19,978;2,644;23,927;OK
3073400591-00-W17-L2- 26 06G017-0001952;716;17:05:58;32,8;OK;OK;OK;OK;0,000;24,063;5,113;2,660;3,268;4,972;1,688;4,957;8,957;8,975;14,944;14,968;19,932;19,956;8,463;8,663;19,832;5,103;2,654;3,273;4,967;1,699;5,063;8,962;8,981;14,944;14,962;19,927;19,951;8,463;8,663;19,973;2,635;23,928;OK
3073400591-00-W17-L2- 26 06G017-0002745;716;17:05:36;32,8;OK;OK;OK;OK;0,003;24,042;5,146;2,649;3,268;4,999;1,710;5,001;8,995;9,029;14,998;15,033;19,981;20,016;8,495;8,695;19,902;5,135;2,649;3,273;4,999;1,704;5,090;8,995;9,024;14,998;15,017;19,981;20,011;8,501;8,695;20,032;2,662;23,926;OK
3073400591-00-W17-L2- 26 06G017-0001950;716;17:05:13;32,5;OK;OK;OK;OK;0,000;24,058;5,151;2,644;3,273;5,005;1,672;5,006;9,005;9,035;15,009;15,033;19,992;20,027;8,506;8,706;19,902;5,146;2,644;3,251;5,005;1,672;5,079;9,005;9,002;15,004;15,006;19,992;20,005;8,506;8,706;20,032;2,658;23,926;OK
3073400591-00-W17-L2- 26 06G017-0000628;716;17:05:50;32,8;OK;OK;OK;OK;0,000;24,063;5,092;2,682;3,268;4,967;1,704;4,957;8,978;9,002;14,982;15,000;19,954;19,989;8,484;8,679;19,870;5,103;2,692;3,284;4,967;1,704;5,041;8,978;8,986;14,976;14,984;19,960;19,973;8,479;8,673;20,005;2,650;23,927;OK
3073400591-00-W17-L2- 26 06G017-0002748;716;17:05:59;3,9;OK;OK;OK;OK;0,000;24,058;-0,700;-1,000;-1,000;-1,000;-1,000;-1,000;-1,000;-1,000;-1,000;-1,000;-1,000;-1,000;-1,000;-1,000;-1,000;-1,000;-1,000;-1,000;-1,000;-1,000;-1,000;-1,000;-1,000;-1,000;-1,000;-1,000;-1,000;-1,000;-1,000;-1,000;-1,000;-1,000;NOK
3073400591-00-W17-L2- 26 06G017-0002748;716;17:05:39;32,7;OK;OK;OK;OK;0,000;24,058;5,124;2,682;3,273;4,994;1,677;4,984;9,000;9,019;15,009;15,028;20,008;20,038;8,501;8,701;19,908;5,135;2,644;3,251;4,999;1,672;5,095;9,000;9,024;15,009;15,038;19,998;20,038;8,495;8,701;20,054;2,662;23,926;OK
3073400591-00-W17-L2- 26 06G017-0000337;716;17:05:16;32,7;OK;OK;OK;OK;0,000;24,058;5,108;2,644;3,257;4,983;1,699;4,990;8,978;9,008;14,971;15,006;19,960;20,000;8,479;8,679;19,875;5,119;2,676;3,284;4,983;1,715;5,057;8,978;8,970;14,971;14,968;19,960;19,973;8,479;8,673;20,011;2,630;23,927;OK
3073400591-00-W17-L2- 26 06G017-0001951;716;17:05:54;32,6;OK;OK;OK;OK;0,000;24,058;5,141;2,682;3,284;5,010;1,645;5,001;8,989;9,008;14,982;15,006;19,970;20,000;8,490;8,690;19,875;5,146;2,644;3,262;5,010;1,645;5,101;8,995;9,008;14,982;15,000;19,970;19,994;8,490;8,684;20,016;2,643;23,927;OK
3073400591-00-W17-L2- 26 06G017-0002742;716;17:05:32;32,7;OK;OK;OK;OK;0,002;24,052;5,151;2,649;3,279;5,010;1,688;5,006;9,011;9,035;15,004;15,038;19,987;20,032;8,511;8,706;19,897;5,146;2,676;3,289;5,005;1,699;5,101;9,011;9,019;15,004;15,017;19,987;20,011;8,506;8,701;20,038;2,666;23,925;OK
3073400591-00-W17-L2- 26 06G017-0002746;716;17:05:10;32,6;OK;OK;OK;OK;0,000;24,052;5,108;2,687;3,284;4,978;1,688;4,957;8,984;8,991;15,004;15,017;20,003;20,032;8,484;8,684;19,908;5,113;2,654;3,257;4,978;1,688;5,057;8,984;8,991;15,004;15,011;20,008;20,027;8,484;8,679;20,054;2,652;23,925;OK
3073400591-00-W17-L2- 26 06G017-0002738;716;17:05:47;32,6;OK;OK;OK;OK;0,000;24,052;5,097;2,649;3,273;4,989;1,699;4,887;8,984;8,926;14,976;14,946;19,954;19,946;8,484;8,684;19,826;5,124;2,660;3,284;4,989;1,694;5,073;8,984;9,008;14,976;15,000;19,954;19,984;8,490;8,684;20,000;2,645;23,926;OK
3073400591-00-W17-L2- 26 06G017-0002741;716;17:05:11;17,5;OK;OK;OK;OK;0,000;24,052;5,086;2,660;3,257;4,956;1,677;4,870;8,951;8,905;14,949;14,924;19,938;19,929;8,452;8,652;19,810;5,092;2,644;-0,353;-1,000;-1,000;-1,000;-1,000;-1,000;-1,000;-1,000;-1,000;-1,000;-1,000;-1,000;-1,000;-1,000;-1,000;NOK
3073400591-00-W17-L2- 26 06G017-0002741;716;17:05:49;32,6;OK;OK;OK;OK;0,000;24,052;5,092;2,660;3,279;4,956;1,666;4,903;8,951;8,921;14,949;14,935;19,932;19,940;8,452;8,652;19,815;5,092;2,676;3,268;4,956;1,672;5,041;8,951;8,964;14,955;14,962;19,932;19,956;8,452;8,652;19,978;2,631;23,926;OK
3073400591-00-W17-L2- 26 06G017-0001152;716;17:05:26;32,7;OK;OK;OK;OK;0,000;24,058;5,075;2,660;3,262;4,956;1,688;4,908;8,967;8,953;14,960;14,952;19,938;19,946;8,468;8,668;19,821;5,086;2,644;3,257;4,951;1,683;5,030;8,967;8,986;14,960;14,973;19,932;19,951;8,463;8,668;19,978;2,638;23,926;OK
3073400591-00-W17-L2- 26 06G017-0002743;716;17:05:04;32,7;OK;OK;OK;OK;0,000;24,058;5,141;2,644;3,251;4,989;1,694;4,968;8,978;8,981;14,966;14,968;19,932;19,946;8,479;8,684;19,826;5,130;2,671;3,257;4,994;1,699;5,073;8,978;8,991;14,966;14,973;19,927;19,962;8,484;8,679;19,984;2,628;23,926;OK
3073400591-00-W17-L2- 26 06G017-0002744;716;17:05:42;32,5;OK;OK;OK;OK;0,000;24,052;5,113;2,654;3,262;4,978;1,688;4,952;8,978;8,975;14,982;14,984;19,965;19,978;8,473;8,673;19,864;5,108;2,644;3,257;4,972;1,694;5,052;8,973;8,981;14,982;14,990;19,960;19,984;8,479;8,679;20,005;2,663;23,925;OK
3073400591-00-W17-L2- 26 06G017-0002289;716;17:05:19;32,7;OK;OK;OK;OK;0,000;24,047;5,103;2,638;3,257;4,956;1,677;4,941;8,951;8,953;14,938;14,946;19,916;19,935;8,452;8,646;19,815;5,092;2,671;3,273;4,961;1,672;5,117;8,946;8,964;14,938;14,952;19,922;19,940;8,457;8,652;19,967;2,610;23,927;OK
3073400591-00-W17-L2- 26 06G017-0002288;716;17:05:56;32,7;OK;OK;OK;OK;0,000;24,052;5,108;2,649;3,279;4,978;1,683;4,941;8,984;8,981;15,004;15,000;19,998;20,011;8,484;8,684;19,891;5,113;2,654;3,251;4,978;1,688;5,063;8,984;9,002;14,998;15,011;19,992;20,016;8,490;8,684;20,038;2,663;23,925;OK
3073400591-00-W17-L2- 26 06G017-0002290;716;17:05:34;32,7;OK;OK;OK;OK;0,000;24,047;5,103;2,676;3,246;4,956;1,645;4,952;8,984;9,008;14,976;15,000;19,960;19,989;8,479;8,679;19,870;5,103;2,654;3,262;4,961;1,645;5,052;8,978;9,002;14,976;15,000;19,960;19,989;8,479;8,684;20,000;2,650;23,924;OK
3073400591-00-W17-L2- 26 06G017-0002282;716;17:05:11;32,7;OK;OK;OK;OK;0,000;24,052;5,157;2,660;3,289;5,021;1,666;4,968;9,016;8,997;15,020;15,011;19,998;20,016;8,522;8,717;19,891;5,157;2,687;3,268;5,027;1,672;5,111;9,022;9,040;15,020;15,038;19,998;20,027;8,522;8,717;20,049;2,679;23,924;OK
3073400591-00-W17-L2- 26 06G017-0002291;716;17:05:47;32,6;OK;OK;OK;OK;0,000;24,047;5,130;2,638;3,241;4,999;1,656;4,973;8,989;8,997;14,982;14,984;19,949;19,973;8,495;8,695;19,853;5,135;2,665;3,251;4,999;1,650;5,101;8,989;9,019;14,982;15,011;19,949;19,989;8,495;8,695;19,994;2,663;23,924;OK
3073400591-00-W17-L2- 26 06G017-0002281;716;17:05:24;32,6;OK;OK;OK;OK;0,000;24,052;5,103;2,654;3,273;4,972;1,645;4,914;8,973;8,943;14,966;14,935;19,949;19,935;8,468;8,673;19,810;5,108;2,692;3,295;4,978;1,650;5,068;8,973;8,997;14,966;14,990;19,949;19,978;8,468;8,668;19,989;2,664;23,924;OK
3073400591-00-W17-L2- 26 06G017-0000341;716;17:05:01;32,7;OK;OK;OK;OK;0,000;24,058;5,124;2,692;3,268;4,994;1,666;4,990;9,000;9,029;15,020;15,038;20,008;20,038;8,506;8,706;19,913;5,135;2,665;3,268;4,994;1,672;5,095;9,005;9,035;15,020;15,044;20,008;20,038;8,501;8,706;20,054;2,672;23,923;OK
3073400591-00-W17-L2- 26 06G017-0000348;716;17:05:38;32,6;OK;OK;OK;OK;0,000;24,058;5,146;2,660;3,284;5,016;1,656;4,995;9,022;9,029;15,025;15,033;20,014;20,043;8,517;8,717;19,913;5,151;2,692;3,289;5,021;1,661;5,106;9,016;9,040;15,025;15,044;20,008;20,043;8,517;8,722;20,060;2,683;23,923;OK
3073400591-00-W17-L2- 26 06G017-0001948;716;17:05:15;32,5;OK;OK;OK;OK;0,000;24,058;5,157;2,665;3,262;5,021;1,704;5,001;9,011;9,024;15,031;15,044;20,025;20,049;8,511;8,711;19,924;5,151;2,698;3,289;5,016;1,699;5,117;9,011;9,040;15,025;15,055;20,025;20,065;8,506;8,711;20,076;2,674;23,925;OK
3073400591-00-W17-L2- 26 06G017-0000344;716;17:05:52;32,9;OK;OK;OK;OK;0,000;24,052;5,151;2,665;3,279;5,016;1,645;5,001;8,995;9,013;14,987;15,006;19,960;19,994;8,501;8,701;19,870;5,146;2,687;3,268;5,010;1,639;5,101;9,000;9,024;14,987;15,011;19,965;19,994;8,506;8,706;20,011;2,642;23,926;OK
3073400591-00-W17-L2- 26 06G017-0000343;716;17:05:29;32,6;OK;OK;OK;OK;0,000;24,052;5,151;2,671;3,251;5,016;1,721;4,984;8,989;9,002;14,982;14,995;19,954;19,978;8,495;8,695;19,864;5,141;2,649;3,284;5,016;1,721;5,101;8,989;9,013;14,976;15,000;19,960;19,984;8,501;8,695;20,000;2,639;23,925;OK
3073400591-00-W17-L2- 26 06G017-0000345;716;17:05:06;32,7;OK;OK;OK;OK;0,000;24,052;5,146;2,633;3,251;4,994;1,704;4,990;8,984;9,008;14,960;14,984;19,932;19,967;8,484;8,684;19,853;5,135;2,644;3,246;4,999;1,704;5,095;8,984;9,019;14,960;14,995;19,938;19,973;8,490;8,684;19,984;2,652;23,925;OK
3073400591-00-W17-L2- 26 06G017-0001954;716;17:05:43;32,6;OK;OK;OK;OK;0,000;24,058;5,141;2,671;3,284;4,999;1,683;4,984;9,000;9,019;14,998;15,017;19,981;20,022;8,501;8,690;19,897;5,135;2,698;3,268;4,994;1,666;5,095;9,000;9,024;15,004;15,028;19,981;20,016;8,501;8,695;20,027;2,631;23,925;OK
3073400591-00-W17-L2- 26 06G017-0002286;716;17:05:20;32,7;OK;OK;OK;OK;0,002;24,063;5,151;2,687;3,268;4,999;1,699;4,973;9,005;9,019;15,009;15,022;19,998;20,022;8,506;8,706;19,897;5,141;2,654;3,268;5,005;1,694;5,095;9,005;9,024;15,009;15,028;19,998;20,027;8,506;8,706;20,043;2,664;23,924;OK
3073400591-00-W17-L2- 26 06G017-0001947;716;17:05:57;32,7;OK;OK;OK;OK;0,000;24,058;5,151;2,654;3,279;5,010;1,656;4,995;9,011;9,029;15,009;15,022;19,987;20,016;8,506;8,711;19,891;5,146;2,660;3,268;5,010;1,661;5,101;9,011;9,035;15,004;15,028;19,981;20,016;8,506;8,706;20,032;2,660;23,923;OK
3073400591-00-W17-L2- 26 06G017-0002292;716;17:05:34;32,5;OK;OK;OK;OK;0,000;24,058;5,119;2,682;3,273;4,994;1,650;4,979;8,984;9,002;14,976;14,995;19,960;19,989;8,479;8,684;19,870;5,119;2,682;3,262;4,994;1,656;5,073;8,978;8,997;14,971;14,995;19,960;19,989;8,479;8,684;20,005;2,650;23,923;OK
3073400591-00-W17-L2- 26 06G017-0002283;716;17:05:48;9,3;OK;OK;OK;OK;0,000;24,052;5,097;2,698;3,300;4,999;1,672;4,360;-1,000;-1,000;-1,000;-1,000;-1,000;-1,000;-1,000;-1,000;-1,000;-1,000;-1,000;-1,000;-1,000;-1,000;-1,000;-1,000;-1,000;-1,000;-1,000;-1,000;-1,000;-1,000;-1,000;-1,000;-1,000;-1,000;NOK
3073400591-00-W17-L2- 26 06G017-0002283;716;17:05:04;9,4;OK;OK;OK;OK;0,000;24,052;5,103;2,687;3,300;5,005;1,666;4,376;-1,000;-1,000;-1,000;-1,000;-1,000;-1,000;-1,000;-1,000;-1,000;-1,000;-1,000;-1,000;-1,000;-1,000;-1,000;-1,000;-1,000;-1,000;-1,000;-1,000;-1,000;-1,000;-1,000;-1,000;-1,000;-1,000;NOK
3073400591-00-W17-L2- 26 06G017-0001956;716;17:05:29;17,5;OK;OK;OK;OK;0,000;24,058;5,097;2,671;3,251;4,972;1,661;4,941;8,967;8,959;14,944;14,952;19,922;19,935;8,468;8,663;19,821;5,108;2,660;0,195;-1,000;-1,000;-1,000;-1,000;-1,000;-1,000;-1,000;-1,000;-1,000;-1,000;-1,000;-1,000;-1,000;-1,000;NOK
3073400591-00-W17-L2- 26 06G017-0001956;716;17:05:14;32,6;OK;OK;OK;OK;0,000;24,058;5,092;2,665;3,251;4,972;1,661;4,887;8,957;8,915;14,938;14,919;19,911;19,913;8,463;8,657;19,799;5,103;2,654;3,268;4,972;1,656;5,052;8,957;8,970;14,944;14,952;19,911;19,935;8,457;8,663;19,951;2,636;24,072;OK
3073400591-00-W17-L2- 26 06G017-0002284;716;17:05:51;32,6;OK;OK;OK;OK;0,000;24,052;5,146;2,654;3,251;5,005;1,628;5,006;8,995;9,019;15,004;15,028;19,992;20,027;8,490;8,695;19,908;5,146;2,682;3,257;5,010;1,628;4,981;8,989;8,839;15,004;14,832;19,998;19,864;8,490;8,690;20,043;2,574;23,928;OK
3073400591-00-W17-L2- 26 06G017-0000338;716;17:05:28;32,7;OK;OK;OK;OK;0,000;24,052;5,113;2,676;3,268;4,989;1,672;4,979;8,984;9,008;14,987;15,011;19,970;20,005;8,490;8,695;19,880;5,124;2,676;3,284;4,989;1,683;5,084;8,989;9,008;14,993;15,006;19,976;20,000;8,490;8,690;20,027;2,649;23,925;OK
3073400591-00-W17-L2- 26 06G017-0001955;716;17:05:05;32,6;OK;OK;OK;OK;0,000;24,063;5,097;2,654;3,284;4,967;1,645;4,952;8,957;8,975;14,955;14,973;19,932;19,962;8,457;8,663;19,842;5,108;2,687;3,268;4,967;1,650;5,052;8,962;8,981;14,949;14,968;19,932;19,962;8,463;8,663;19,978;2,647;23,926;OK
3073400591-00-W17-L2- 26 06G017-0001945;716;17:05:42;32,5;OK;OK;OK;OK;0,000;24,063;5,113;2,692;3,300;4,983;1,677;4,973;8,967;8,997;14,955;14,973;19,932;19,962;8,473;8,668;19,842;5,119;2,665;3,289;4,983;1,677;5,073;8,967;8,991;14,949;14,968;19,927;19,962;8,473;8,673;19,978;2,617;23,925;OK
3073400591-00-W17-L2- 26 06G017-0001949;716;17:05:19;32,5;OK;OK;OK;OK;0,000;24,052;5,086;2,676;3,284;4,961;1,683;4,946;8,951;8,964;14,944;14,957;19,922;19,951;8,452;8,652;19,832;5,097;2,654;3,257;4,961;1,688;5,052;8,951;8,970;14,938;14,957;19,922;19,946;8,452;8,652;19,967;2,622;23,927;OK
3073400591-00-W17-L2- 26 06G017-0000340;716;17:05:57;32,8;OK;OK;OK;OK;0,000;24,052;5,146;2,660;3,273;5,021;1,683;5,006;9,011;9,029;15,009;15,028;19,987;20,016;8,522;8,717;19,897;5,151;2,692;3,268;5,021;1,683;5,111;9,016;9,035;15,009;15,028;19,987;20,016;8,517;8,717;20,038;2,658;23,923;OK
3073400591-00-W17-L2- 26 06G017-0000339;716;17:05:34;32,8;OK;OK;OK;OK;0,000;24,058;5,135;2,682;3,279;4,994;1,732;4,973;8,995;9,002;14,982;15,000;19,965;19,984;8,495;8,695;19,875;5,135;2,665;3,284;5,005;1,732;5,090;8,995;9,008;14,993;14,995;19,960;19,984;8,490;8,695;20,005;2,637;23,924;OK
3073400591-00-W17-L2- 26 06G017-0000346;716;17:05:12;32,7;OK;OK;OK;OK;0,000;24,058;5,086;2,676;3,284;4,967;1,672;4,952;8,957;8,975;14,944;14,962;19,938;19,962;8,463;8,663;19,842;5,103;2,644;3,257;4,967;1,666;5,052;8,957;8,970;14,944;14,957;19,932;19,962;8,463;8,657;19,978;2,625;23,924;OK
3073400591-00-W17-L2- 26 06G017-0002287;716;17:05:49;32,6;OK;OK;OK;OK;0,000;24,052;5,081;2,654;3,246;4,956;1,694;4,941;8,951;8,970;14,949;14,968;19,943;19,973;8,457;8,652;19,853;5,081;2,644;3,246;4,956;1,694;5,041;8,946;8,970;14,955;14,973;19,943;19,978;8,452;8,652;19,989;2,629;23,924;OK
3073400591-00-W17-L2- 26 06G017-0002285;716;17:05:27;32,8;OK;OK;OK;OK;0,000;24,052;5,103;2,676;3,284;4,956;1,650;4,957;8,951;8,981;14,949;14,973;19,922;19,962;8,452;8,652;19,832;5,097;2,671;3,284;4,956;1,656;5,041;8,951;8,970;14,949;14,962;19,922;19,946;8,457;8,652;19,973;2,629;23,925;OK
3073400591-00-W17-L2- 26 06G017-0001953;716;17:05:04;32,5;OK;OK;OK;OK;0,000;24,052;5,075;2,649;3,251;4,945;1,628;4,935;8,951;8,981;14,938;14,962;19,911;19,951;8,457;8,652;19,826;5,081;2,649;3,273;4,951;1,634;5,030;8,951;8,959;14,944;14,952;19,916;19,940;8,457;8,657;19,967;2,618;23,926;OK
3073400591-00-W17-L2- 26 06G017-0000342;716;17:05:41;32,8;OK;OK;OK;OK;0,000;24,058;5,086;2,644;3,284;4,961;1,699;4,935;8,951;8,953;14,949;14,946;19,922;19,946;8,452;8,657;19,826;5,097;2,660;3,257;4,961;1,694;5,052;8,957;8,975;14,944;14,962;19,922;19,951;8,457;8,652;19,962;2,623;23,925;OK
3073400591-00-W17-L2- 26 06G017-0000347;716;17:05:18;32,6;OK;OK;OK;OK;0,000;24,058;5,097;2,649;3,257;4,967;1,694;4,941;8,978;8,991;14,976;14,990;19,965;19,989;8,479;8,679;19,875;5,103;2,665;3,268;4,961;1,704;5,057;8,984;9,002;14,982;15,006;19,976;20,000;8,479;8,684;20,022;2,635;23,924;OK
3073400591-00-W17-L2- 26 06G017-0000793;716;17:05:56;32,7;OK;OK;OK;OK;0,000;24,052;5,086;2,654;3,262;4,961;1,666;4,957;8,946;8,981;14,933;14,968;19,911;19,951;8,452;8,646;19,821;5,097;2,671;3,262;4,961;1,656;5,063;8,946;8,981;14,928;14,957;19,911;19,946;8,452;8,652;19,956;2,652;23,923;OK
3073400591-00-W17-L2- 26 06G017-0004073;716;17:05:36;32,4;OK;OK;OK;OK;0,000;24,058;5,135;2,676;3,273;5,016;1,645;5,006;9,005;9,029;14,987;15,017;19,970;20,000;8,506;8,706;19,880;5,141;2,687;3,257;5,016;1,639;5,095;9,000;9,008;14,987;14,990;19,965;19,978;8,501;8,701;20,016;2,661;23,924;OK
3073400591-00-W17-L2- 26 06G017-0002202;716;17:05:13;32,5;OK;OK;OK;OK;0,000;24,052;5,103;2,665;3,273;4,972;1,645;4,952;8,978;8,991;14,987;15,006;19,987;20,011;8,479;8,679;19,891;5,103;2,654;3,284;4,972;1,645;5,063;8,973;9,013;14,987;15,017;19,987;20,022;8,473;8,679;20,032;2,650;23,923;OK
3073400591-00-W17-L2- 26 06G017-0004196;716;17:05:34;16,5;OK;OK;OK;OK;0,000;24,058;5,119;2,671;3,306;4,989;1,715;4,984;8,984;9,013;14,987;15,006;19,987;20,016;8,490;8,690;19,891;0,364;-1,000;-1,000;-1,000;-1,000;-1,000;-1,000;-1,000;-1,000;-1,000;-1,000;-1,000;-1,000;-1,000;-1,000;-1,000;-1,000;NOK
3073400591-00-W17-L2- 26 06G017-0004196;716;17:05:04;16,5;OK;OK;OK;OK;0,000;24,058;5,124;2,698;3,300;4,989;1,699;4,973;8,978;9,008;14,987;14,995;19,976;20,005;8,484;8,684;19,880;0,385;-1,000;-1,000;-1,000;-1,000;-1,000;-1,000;-1,000;-1,000;-1,000;-1,000;-1,000;-1,000;-1,000;-1,000;-1,000;-1,000;NOK
3073400591-00-W17-L2- 26 06G017-0002203;716;17:05:46;32,8;OK;OK;OK;OK;0,000;24,042;5,113;2,671;3,279;4,961;1,715;4,957;8,973;8,997;14,987;15,011;19,976;20,005;8,468;8,668;19,891;5,103;2,676;3,257;4,961;1,721;5,052;8,967;8,991;14,987;15,006;19,976;20,005;8,468;8,668;20,022;2,664;23,923;OK
3073400591-00-W17-L2- 26 06G017-0004189;716;17:05:22;32,6;OK;OK;OK;OK;0,000;24,058;5,097;2,687;3,268;4,967;1,710;4,957;8,962;8,991;14,960;14,984;19,938;19,978;8,463;8,663;19,848;5,103;2,671;3,284;4,967;1,704;5,057;8,962;8,991;14,960;14,979;19,943;19,973;8,463;8,663;19,989;2,636;23,923;OK
3073400591-00-W17-L2- 26 06G017-0002206;716;17:05:59;32,6;OK;OK;OK;OK;0,000;24,042;5,130;2,682;3,257;4,994;1,677;4,979;9,000;9,024;15,009;15,033;19,998;20,032;8,495;8,701;19,913;5,130;2,665;3,268;4,989;1,677;5,019;9,000;8,959;15,009;14,984;20,008;20,000;8,501;8,701;20,049;2,639;23,927;OK
3073400591-00-W17-L2- 26 06G017-0004079;716;17:05:37;32,6;OK;OK;OK;OK;0,000;24,058;5,113;2,649;3,251;4,967;1,672;4,963;8,967;8,991;14,966;14,990;19,954;19,984;8,468;8,668;19,859;5,108;2,676;3,284;4,967;1,672;5,063;8,967;8,991;14,966;14,990;19,949;19,973;8,468;8,668;19,989;2,648;23,926;OK
3073400591-00-W17-L2- 26 06G017-0004069;716;17:05:15;32,8;OK;OK;OK;OK;0,002;24,058;5,108;2,671;3,262;4,967;1,715;4,963;8,984;9,019;14,987;15,022;19,981;20,016;8,484;8,684;19,891;5,108;2,649;3,279;4,967;1,715;5,063;8,989;9,013;14,993;15,017;19,981;20,022;8,484;8,684;20,027;2,629;23,924;OK
3073400591-00-W17-L2- 26 06G017-0004083;716;17:05:52;32,6;OK;OK;OK;OK;0,000;24,052;5,135;2,665;3,273;5,005;1,677;4,990;8,995;9,013;14,987;15,000;19,970;19,994;8,495;8,701;19,875;5,135;2,665;3,257;5,005;1,683;5,101;8,995;9,029;14,987;15,011;19,965;19,994;8,501;8,701;20,011;2,623;23,925;OK
3073400591-00-W17-L2- 26 06G017-0004086;716;18:05:41;32,6;OK;OK;OK;OK;0,000;24,058;5,081;2,671;3,246;4,972;1,661;4,957;8,957;8,964;14,944;14,946;19,916;19,935;8,457;8,657;19,815;5,086;2,671;3,257;4,972;1,661;5,068;8,962;8,986;14,938;14,968;19,916;19,951;8,457;8,657;19,956;2,599;23,927;OK
3073400591-00-W17-L2- 26 06G017-0002198;716;18:05:08;21,3;OK;OK;OK;OK;0,001;24,047;5,059;2,665;3,262;4,961;1,710;4,957;8,967;8,997;14,982;15,006;19,976;20,011;8,468;8,668;19,891;5,097;2,638;3,251;4,961;1,710;4,449;-1,000;-1,000;-1,000;-1,000;-1,000;-1,000;-1,000;-1,000;-1,000;-1,000;-1,000;NOK
3073400591-00-W17-L2- 26 06G017-0002198;716;18:05:51;32,7;OK;OK;OK;OK;0,000;24,052;5,103;2,687;3,251;4,972;1,710;4,957;8,973;8,991;14,993;15,006;19,976;20,011;8,473;8,673;19,891;5,097;2,682;3,257;4,967;1,704;5,063;8,967;8,997;14,987;15,011;19,976;20,011;8,468;8,679;20,022;2,644;23,926;OK
3073400591-00-W17-L2- 26 06G017-0004197;716;18:05:29;32,7;OK;OK;OK;OK;0,000;24,052;5,146;2,682;3,268;5,010;1,645;5,011;9,000;9,029;14,982;15,017;19,960;20,000;8,501;8,701;19,875;5,141;2,665;3,284;5,016;1,650;5,106;9,005;9,019;14,987;15,006;19,960;19,984;8,501;8,701;20,011;2,640;23,927;OK
3073400591-00-W17-L2- 26 06G017-0004196;716;18:05:06;32,7;OK;OK;OK;OK;0,000;24,058;5,130;2,671;3,284;4,989;1,699;4,984;8,989;9,013;14,987;15,011;19,981;20,016;8,490;8,690;19,891;5,124;2,682;3,311;4,989;1,704;5,079;8,989;9,013;14,987;15,011;19,981;20,011;8,490;8,684;20,032;2,650;23,926;OK
3073400591-00-W17-L2- 26 06G017-0004191;716;18:05:44;33,0;OK;OK;OK;OK;0,000;24,052;5,124;2,649;3,273;4,994;1,683;4,957;8,989;8,981;14,987;14,990;19,970;19,994;8,495;8,695;19,870;5,135;2,649;3,257;4,994;1,694;5,079;8,995;9,013;14,993;15,011;19,970;20,000;8,495;8,690;20,016;2,646;23,926;OK
3073400591-00-W17-L2- 26 06G017-0002283;716;18:05:23;32,6;OK;OK;OK;OK;0,000;24,058;5,146;2,671;3,306;5,005;1,666;4,984;9,000;9,013;14,993;15,000;19,970;19,994;8,501;8,701;19,870;5,141;2,665;3,279;5,005;1,666;5,101;9,000;9,024;14,987;15,017;19,970;20,005;8,501;8,701;20,016;2,650;23,925;OK
3073400591-00-W17-L2- 26 06G017-0004088;716;18:05:01;32,7;OK;OK;OK;OK;0,000;24,052;5,141;2,649;3,251;4,999;1,661;4,995;8,984;9,008;14,966;14,984;19,932;19,973;8,484;8,684;19,848;5,130;2,644;3,268;4,999;1,656;5,084;8,984;9,002;14,960;14,979;19,943;19,962;8,484;8,684;19,994;2,641;23,924;OK
3073400591-00-W17-L2- 26 06G017-0004190;716;18:05:26;21,5;OK;OK;OK;OK;0,000;24,063;5,103;2,692;3,295;4,978;1,677;4,963;8,984;9,008;15,004;15,022;19,998;20,032;8,484;8,684;19,902;5,108;2,687;3,279;4,978;1,672;4,444;-1,000;-1,000;-1,000;-1,000;-1,000;-1,000;-1,000;-1,000;-1,000;-1,000;-1,000;NOK
3073400591-00-W17-L2- 26 06G017-0004190;716;18:05:07;32,5;OK;OK;OK;OK;0,000;24,052;5,103;2,660;3,268;4,978;1,672;4,968;8,984;9,002;14,998;15,017;19,992;20,027;8,479;8,679;19,897;5,108;2,660;3,289;4,978;1,677;5,063;8,978;8,991;14,993;15,006;19,992;20,011;8,479;8,679;20,038;2,652;24,073;OK
3073400591-00-W17-L2- 26 06G017-0004081;716;18:05:45;32,6;OK;OK;OK;OK;0,001;24,052;5,146;2,654;3,268;5,016;1,715;4,979;8,995;8,986;14,993;14,990;19,970;19,989;8,490;8,695;19,875;5,146;2,676;3,273;5,010;1,710;5,101;8,995;9,013;14,987;15,006;19,976;20,000;8,495;8,695;20,016;2,650;23,925;OK
3073400591-00-W17-L2- 26 06G017-0004198;716;18:05:21;32,5;OK;OK;OK;OK;0,001;24,052;5,113;2,671;3,279;5,016;1,704;5,006;9,005;9,029;14,987;15,011;19,965;19,994;8,506;8,711;19,875;5,151;2,676;3,279;5,010;1,704;5,101;9,005;9,024;14,987;15,011;19,954;19,989;8,501;8,706;20,005;2,643;23,924;OK
3073400591-00-W17-L2- 26 06G017-0002208;716;18:05:31;5,0;OK;OK;OK;OK;0,000;24,052;5,113;2,660;-2,671;-1,000;-1,000;-1,000;-1,000;-1,000;-1,000;-1,000;-1,000;-1,000;-1,000;-1,000;-1,000;-1,000;-1,000;-1,000;-1,000;-1,000;-1,000;-1,000;-1,000;-1,000;-1,000;-1,000;-1,000;-1,000;-1,000;-1,000;-1,000;-1,000;NOK
3073400591-00-W17-L2- 26 06G017-0002208;716;18:05:09;32,6;OK;OK;OK;OK;0,000;24,058;5,113;2,682;3,257;4,989;1,715;4,973;9,005;9,029;14,993;15,017;19,970;20,011;8,506;8,706;19,886;5,113;2,682;3,273;4,989;1,715;5,079;9,000;9,024;14,993;15,017;19,981;20,000;8,506;8,701;20,022;2,643;24,073;OK
3073400591-00-W17-L2- 26 06G017-0004072;716;18:05:18;4,4;OK;OK;OK;OK;0,000;24,058;5,130;-3,441;-1,000;-1,000;-1,000;-1,000;-1,000;-1,000;-1,000;-1,000;-1,000;-1,000;-1,000;-1,000;-1,000;-1,000;-1,000;-1,000;-1,000;-1,000;-1,000;-1,000;-1,000;-1,000;-1,000;-1,000;-1,000;-1,000;-1,000;-1,000;-1,000;-1,000;NOK
3073400591-00-W17-L2- 26 06G017-0004072;716;18:05:50;13,8;OK;OK;OK;OK;0,000;24,052;5,130;2,687;3,268;5,151;1,699;5,001;9,000;9,035;15,009;15,044;20,008;20,054;4,999;-1,000;-1,000;-1,000;-1,000;-1,000;-1,000;-1,000;-1,000;-1,000;-1,000;-1,000;-1,000;-1,000;-1,000;-1,000;-1,000;-1,000;-1,000;-1,000;NOK
3073400591-00-W17-L2- 26 06G017-0004072;716;18:05:25;32,5;OK;OK;OK;OK;0,000;24,047;5,130;2,682;3,257;4,999;1,699;5,001;9,000;9,035;15,004;15,044;20,003;20,049;8,495;8,695;19,913;5,130;2,692;3,262;4,999;1,694;5,101;8,995;9,035;15,004;15,038;20,008;20,043;8,501;8,695;20,049;2,684;23,970;OK
3073400591-00-W17-L2- 26 06G017-0004080;716;18:05:03;32,5;OK;OK;OK;OK;0,000;24,058;5,113;2,644;3,268;4,989;1,726;4,990;8,984;9,013;14,982;15,006;19,965;19,994;8,484;8,690;19,875;5,124;2,654;3,257;4,994;1,726;5,084;8,984;9,019;14,982;15,006;19,960;20,000;8,484;8,684;20,011;2,633;23,925;OK
3073400591-00-W17-L2- 26 06G017-0002827;716;18:05:40;32,6;OK;OK;OK;OK;0,000;24,058;5,146;2,660;3,268;5,016;1,694;5,006;9,016;9,040;15,025;15,049;19,998;20,038;8,517;8,717;19,913;5,146;2,660;3,257;5,016;1,694;5,106;9,016;9,040;15,020;15,038;19,998;20,032;8,517;8,717;20,043;2,651;23,923;OK
3073400591-00-W17-L2- 26 06G017-0002204;716;18:05:17;32,5;OK;OK;OK;OK;0,000;24,047;5,075;2,644;3,257;4,951;1,645;4,946;8,957;8,981;14,960;14,984;19,954;19,984;8,452;8,652;19,864;5,086;2,644;3,268;4,951;1,645;5,046;8,957;8,986;14,966;14,990;19,949;19,984;8,452;8,657;19,994;2,642;23,924;OK
3073400591-00-W17-L2- 26 06G017-0004193;716;18:05:54;32,6;OK;OK;OK;OK;0,000;24,069;5,135;2,676;3,268;5,005;1,656;5,006;9,005;9,035;15,004;15,033;19,992;20,032;8,506;8,706;19,902;5,141;2,676;3,284;5,005;1,656;5,101;9,005;9,035;15,004;15,028;19,992;20,027;8,506;8,711;20,038;2,651;23,923;OK
3073400591-00-W17-L2- 26 06G017-0004194;716;18:05:31;32,6;OK;OK;OK;OK;0,000;24,052;5,108;2,660;3,241;4,994;1,710;4,995;8,978;9,008;14,955;14,984;19,927;19,973;8,484;8,684;19,837;5,119;2,633;3,235;4,994;1,721;5,084;8,978;8,991;14,955;14,968;19,927;19,951;8,484;8,679;19,978;2,627;23,924;OK
3073400591-00-W17-L2- 26 06G017-0002205;716;18:05:10;32,7;OK;OK;OK;OK;0,000;24,052;5,135;2,671;3,284;5,005;1,645;4,990;8,989;8,997;14,966;14,979;19,943;19,962;8,495;8,690;19,842;5,141;2,660;3,268;5,010;1,645;5,111;8,995;9,019;14,971;14,995;19,938;19,973;8,495;8,695;19,989;2,629;23,925;OK
3073400591-00-W17-L2- 26 06G017-0002830;716;18:05:48;32,7;OK;OK;OK;OK;0,000;24,058;5,151;2,644;3,257;5,016;1,677;4,957;9,005;8,986;14,993;14,979;19,965;19,978;8,506;8,711;19,853;5,151;2,676;3,279;5,016;1,677;5,111;9,005;9,029;14,993;15,017;19,976;20,000;8,501;8,706;20,016;2,634;23,924;OK
3073400591-00-W17-L2- 26 06G017-0002207;716;18:05:27;33,0;OK;OK;OK;OK;0,000;24,052;5,157;2,649;3,284;5,016;1,639;4,979;9,011;9,008;15,014;15,011;19,998;20,027;8,511;8,711;19,897;5,135;2,644;3,268;5,010;1,656;5,111;9,011;9,035;15,009;15,044;20,003;20,038;8,511;8,711;20,049;2,655;23,925;OK
3073400591-00-W17-L2- 26 06G017-0002831;716;18:05:06;32,6;OK;OK;OK;OK;0,000;24,052;5,146;2,654;3,279;5,010;1,715;5,001;8,995;9,019;14,976;14,995;19,943;19,973;8,495;8,701;19,853;5,141;2,644;3,262;5,005;1,715;5,095;8,995;9,019;14,976;14,995;19,938;19,967;8,495;8,701;19,989;2,634;23,926;OK
3073400591-00-W17-L2- 26 06G017-0002839;716;18:05:45;32,6;OK;OK;OK;OK;0,002;24,058;5,141;2,649;3,257;5,016;1,704;5,011;9,011;9,035;14,998;15,022;19,970;20,011;8,517;8,706;19,886;5,146;2,660;3,257;5,021;1,710;5,117;9,011;9,040;14,998;15,033;19,976;20,011;8,506;8,717;20,016;2,644;23,926;OK
3073400591-00-W17-L2- 26 06G017-0002922;716;18:05:22;32,7;OK;OK;OK;OK;0,000;24,052;5,119;2,676;3,257;4,999;1,639;4,995;8,989;9,013;14,971;15,011;19,949;19,989;8,490;8,684;19,870;5,124;2,671;3,257;4,999;1,639;5,101;8,989;9,019;14,971;15,006;19,949;19,984;8,490;8,690;20,000;2,633;23,925;OK
3073400591-00-W17-L2- 26 06G017-0002923;716;18:05:19;32,5;OK;OK;OK;OK;0,000;24,042;5,119;2,654;3,251;4,972;1,694;4,957;8,978;8,997;14,987;15,011;19,976;20,005;8,473;8,673;19,891;5,097;2,676;3,241;4,967;1,688;5,057;8,978;8,991;14,987;15,006;19,976;20,005;8,473;8,673;20,022;2,656;23,922;OK
3073400591-00-W17-L2- 26 06G017-0002838;716;18:05:05;32,8;OK;OK;OK;OK;0,000;24,058;5,103;2,649;3,268;4,967;1,683;4,941;8,962;8,975;14,966;14,979;19,949;19,978;8,463;8,668;19,859;5,097;2,649;3,284;4,967;1,694;5,057;8,962;8,986;14,960;14,984;19,949;19,978;8,463;8,663;19,994;2,658;23,925;OK
3073400591-00-W17-L2- 26 06G017-0002821;716;18:05:55;32,6;OK;OK;OK;OK;0,000;24,052;5,113;2,682;3,284;4,972;1,645;4,957;8,973;8,986;14,971;15,000;19,965;19,994;8,473;8,673;19,870;5,103;2,654;3,279;4,972;1,656;5,057;8,973;8,991;14,976;14,990;19,960;19,989;8,468;8,679;20,011;2,658;23,922;OK
3073400591-00-W17-L2- 26 06G017-0002840;716;18:05:33;32,6;OK;OK;OK;OK;0,000;24,058;5,124;2,665;3,241;4,994;1,694;4,984;8,989;9,019;14,993;15,017;19,976;20,005;8,495;8,695;19,886;5,130;2,665;3,246;4,994;1,694;5,090;8,989;9,019;14,993;15,011;19,970;20,000;8,490;8,690;20,016;2,651;23,926;OK
3073400591-00-W17-L2- 26 06G017-0002928;716;18:05:20;32,8;OK;OK;OK;OK;0,000;24,047;5,108;2,654;3,251;4,978;1,650;4,952;8,973;8,981;14,971;14,984;19,954;19,973;8,473;8,673;19,853;5,113;2,649;3,262;4,978;1,650;5,063;8,978;8,991;14,976;14,990;19,954;19,978;8,473;8,673;19,994;2,644;23,926;OK
3073400591-00-W17-L2- 26 06G017-0002918;716;18:05:57;32,6;OK;OK;OK;OK;0,000;24,042;5,124;2,644;3,257;4,978;1,672;4,973;8,973;9,002;14,971;14,995;19,949;19,989;8,479;8,679;19,859;5,113;2,682;3,251;4,983;1,677;5,079;8,973;9,002;14,971;15,000;19,954;19,989;8,479;8,673;20,000;2,633;23,926;OK
3073400591-00-W17-L2- 26 06G017-0002917;716;18:05:36;32,6;OK;OK;OK;OK;0,000;24,058;5,108;2,682;3,273;4,972;1,694;4,968;8,957;8,986;14,938;14,968;19,905;19,951;8,463;8,663;19,821;5,108;2,687;3,279;4,972;1,688;5,068;8,957;8,986;14,933;14,962;19,905;19,946;8,463;8,663;19,956;2,625;23,927;OK
3073400591-00-W17-L2- 26 06G017-0002920;716;18:05:18;32,5;OK;OK;OK;OK;0,000;24,047;5,130;2,649;3,273;5,005;1,726;4,935;9,011;8,964;15,020;14,984;20,014;20,000;8,511;8,711;19,886;5,146;2,676;3,251;5,005;1,721;5,106;9,011;9,040;15,020;15,049;20,019;20,049;8,511;8,711;20,065;2,613;23,926;OK
3073400591-00-W17-L2- 26 06G017-0002919;716;18:05:05;32,6;OK;OK;OK;OK;0,000;24,047;5,081;2,682;3,251;4,961;1,634;4,935;8,978;8,986;14,987;15,000;19,976;20,005;8,479;8,679;19,886;5,097;2,665;3,262;4,956;1,639;5,046;8,978;9,002;14,987;15,011;19,976;20,005;8,479;8,679;20,027;2,649;23,925;OK
3073400591-00-W17-L2- 26 06G017-0002927;716;18:05:42;32,7;OK;OK;OK;OK;0,002;24,058;5,103;2,649;3,279;4,967;1,672;4,952;8,967;8,981;14,971;14,984;19,960;19,984;8,468;8,668;19,864;5,103;2,660;3,257;4,961;1,672;5,063;8,962;8,986;14,966;14,990;19,960;19,989;8,463;8,663;20,011;2,646;23,925;OK
3073400591-00-W17-L2- 26 06G017-0002940;716;18:05:19;32,6;OK;OK;OK;OK;0,000;24,047;5,119;2,649;3,268;4,972;1,650;4,968;8,967;8,991;14,960;14,990;19,932;19,973;8,473;8,668;19,848;5,108;2,671;3,262;4,972;1,645;5,068;8,967;8,991;14,960;14,984;19,938;19,967;8,468;8,668;19,989;2,627;23,926;OK
3073400591-00-W17-L2- 26 06G017-0002924;716;18:05:56;32,4;OK;OK;OK;OK;0,000;24,047;5,141;2,676;3,279;4,994;1,666;4,990;8,984;9,013;14,976;15,006;19,954;19,989;8,490;8,690;19,870;5,130;2,649;3,257;4,994;1,666;5,090;8,989;9,019;14,976;15,006;19,954;19,984;8,490;8,690;20,000;2,625;23,926;OK
3073400591-00-W17-L2- 26 06G017-0002932;716;18:05:37;34,8;OK;OK;OK;OK;0,000;24,052;5,135;2,649;3,295;4,989;1,639;4,984;8,989;9,013;14,993;15,011;19,987;20,016;8,495;8,690;19,897;5,124;2,682;3,295;4,994;1,645;5,079;8,989;9,002;14,987;15,006;19,987;20,016;8,495;8,690;20,027;2,650;23,991;OK
3073400591-00-W17-L2- 26 06G017-0002921;716;18:05:14;32,9;OK;OK;OK;OK;0,000;24,058;5,108;2,660;3,279;4,967;1,666;4,957;8,962;8,981;14,966;14,984;19,949;19,984;8,468;8,668;19,853;5,108;2,665;3,273;4,972;1,666;5,063;8,967;8,986;14,966;14,984;19,943;19,967;8,463;8,668;19,989;2,630;23,926;OK
3073400591-00-W17-L2- 26 06G017-0002936;716;18:05:52;32,8;OK;OK;OK;OK;0,000;24,052;5,113;2,649;3,257;4,989;1,672;4,979;8,978;9,008;14,966;14,995;19,954;19,984;8,479;8,673;19,853;5,119;2,687;3,279;4,989;1,677;5,084;8,978;9,013;14,971;15,000;19,954;19,984;8,479;8,684;19,989;2,653;23,942;OK
3073400591-00-W17-L2- 26 06G017-0002933;716;18:05:00;3,9;OK;OK;OK;OK;0,000;24,047;-0,939;-1,000;-1,000;-1,000;-1,000;-1,000;-1,000;-1,000;-1,000;-1,000;-1,000;-1,000;-1,000;-1,000;-1,000;-1,000;-1,000;-1,000;-1,000;-1,000;-1,000;-1,000;-1,000;-1,000;-1,000;-1,000;-1,000;-1,000;-1,000;-1,000;-1,000;-1,000;NOK
3073400591-00-W17-L2- 26 06G017-0002933;716;18:05:37;32,6;OK;OK;OK;OK;0,000;24,058;5,124;2,644;3,241;4,994;1,661;4,990;9,000;9,024;14,998;15,028;19,987;20,022;8,501;8,695;19,902;5,135;2,660;3,279;4,999;1,666;5,101;8,995;9,029;15,004;15,028;19,992;20,027;8,495;8,701;20,038;2,634;23,924;OK
3073400591-00-W17-L2- 26 06G017-0002930;716;18:05:14;32,8;OK;OK;OK;OK;0,000;24,063;5,108;2,676;3,279;4,983;1,704;4,957;8,984;8,997;14,993;15,006;19,992;20,022;8,484;8,684;19,891;5,119;2,665;3,289;4,983;1,694;5,084;8,989;9,024;14,993;15,028;19,987;20,022;8,484;8,695;20,038;2,658;23,923;OK
3073400591-00-W17-L2- 26 06G017-0002935;716;19:05:17;32,6;OK;OK;OK;OK;0,000;24,052;5,124;2,665;3,289;4,989;1,672;4,968;8,973;8,986;14,960;14,973;19,943;19,973;8,479;8,673;19,848;5,119;2,649;3,262;4,989;1,683;5,090;8,973;9,008;14,960;14,990;19,949;19,984;8,473;8,668;19,989;2,648;23,928;OK
3073400591-00-W17-L2- 26 06G017-0002914;716;19:05:31;9,3;OK;OK;OK;OK;0,000;24,058;5,108;2,676;3,268;4,978;1,650;4,398;-1,000;-1,000;-1,000;-1,000;-1,000;-1,000;-1,000;-1,000;-1,000;-1,000;-1,000;-1,000;-1,000;-1,000;-1,000;-1,000;-1,000;-1,000;-1,000;-1,000;-1,000;-1,000;-1,000;-1,000;-1,000;-1,000;NOK
3073400591-00-W17-L2- 26 06G017-0002914;716;19:05:10;32,7;OK;OK;OK;OK;0,000;24,052;5,119;2,660;3,257;4,978;1,650;4,946;8,984;8,970;14,982;14,990;19,970;19,989;8,479;8,679;19,864;5,113;2,671;3,262;4,978;1,639;5,073;8,978;9,008;14,982;15,006;19,965;20,000;8,479;8,679;20,016;2,632;23,928;OK
3073400591-00-W17-L2- 26 06G017-0004385;716;19:05:48;32,8;OK;OK;OK;OK;0,000;24,052;5,135;2,649;3,273;4,994;1,699;4,984;8,989;9,013;14,976;15,000;19,960;19,989;8,490;8,690;19,870;5,130;2,671;3,268;4,994;1,694;5,084;8,989;9,008;14,976;14,990;19,954;19,984;8,490;8,690;20,005;2,645;23,926;OK
3073400591-00-W17-L2- 26 06G017-0004383;716;19:05:26;32,9;OK;OK;OK;OK;0,000;24,052;5,119;2,687;3,279;4,983;1,639;4,973;8,973;8,991;14,955;14,979;19,927;19,956;8,473;8,673;19,837;5,113;2,654;3,257;4,983;1,650;5,079;8,973;8,997;14,955;14,979;19,927;19,956;8,468;8,673;19,973;2,635;23,926;OK
3073400591-00-W17-L2- 26 06G017-0004391;716;19:05:04;33,1;OK;OK;OK;OK;0,000;24,058;5,135;2,676;3,262;4,999;1,721;4,995;8,989;9,019;14,987;15,017;19,960;20,000;8,495;8,695;19,880;5,135;2,687;3,289;5,005;1,715;5,101;8,995;9,024;14,987;15,017;19,960;20,000;8,495;8,690;20,011;2,656;23,924;OK
3073400591-00-W17-L2- 26 06G017-0004381;716;19:05:42;32,7;OK;OK;OK;OK;0,000;24,063;5,135;2,682;3,279;4,999;1,688;4,984;8,984;9,002;14,971;14,990;19,954;19,978;8,484;8,690;19,859;5,130;2,665;3,279;5,146;1,688;5,090;8,984;9,008;14,971;14,990;19,949;19,984;8,490;8,684;20,000;2,651;23,926;OK
3073400591-00-W17-L2- 26 06G017-0004387;716;19:05:19;32,7;OK;OK;OK;OK;0,000;24,058;5,108;2,682;3,284;4,967;1,666;4,973;8,957;8,986;14,933;14,968;19,916;19,951;8,457;8,657;19,832;5,103;2,654;3,268;4,967;1,661;5,068;8,957;8,975;14,933;14,962;19,922;19,946;8,463;8,652;19,967;2,636;23,928;OK
3073400591-00-W17-L2- 26 06G017-0004392;716;19:05:57;32,6;OK;OK;OK;OK;0,000;24,052;5,075;2,671;3,257;4,951;1,699;4,952;8,940;8,975;14,917;14,946;19,878;19,924;8,446;8,646;19,799;5,081;2,665;3,279;4,951;1,704;5,041;8,946;8,959;14,906;14,924;19,884;19,913;8,446;8,641;19,924;2,621;23,929;OK
3073400591-00-W17-L2- 26 06G017-0002810;716;19:05:06;5,1;OK;OK;OK;OK;0,000;24,058;5,113;2,660;-2,747;-1,000;-1,000;-1,000;-1,000;-1,000;-1,000;-1,000;-1,000;-1,000;-1,000;-1,000;-1,000;-1,000;-1,000;-1,000;-1,000;-1,000;-1,000;-1,000;-1,000;-1,000;-1,000;-1,000;-1,000;-1,000;-1,000;-1,000;-1,000;-1,000;NOK
3073400591-00-W17-L2- 26 06G017-0002810;716;19:05:45;32,7;OK;OK;OK;OK;0,000;24,058;5,092;2,665;3,257;4,972;1,715;4,963;8,962;8,986;14,944;14,968;19,927;19,962;8,463;8,663;19,837;5,103;2,660;3,262;4,972;1,710;5,063;8,967;8,986;14,944;14,968;19,922;19,951;8,463;8,663;19,973;2,630;24,075;OK
3073400591-00-W17-L2- 26 06G017-0002812;716;19:05:22;32,8;OK;OK;OK;OK;0,000;24,058;5,086;2,682;3,289;4,961;1,710;4,963;8,962;9,002;14,982;15,017;19,981;20,022;8,463;8,668;19,897;5,097;2,660;3,268;4,961;1,715;5,057;8,962;8,997;14,982;15,006;19,987;20,022;8,468;8,668;20,027;2,631;23,927;OK
3073400591-00-W17-L2- 26 06G017-0004386;716;19:05:00;32,8;OK;OK;OK;OK;0,000;24,047;5,130;2,692;3,289;4,989;1,704;4,968;8,978;8,991;14,966;14,984;19,954;19,978;8,479;8,673;19,853;5,124;2,660;3,289;4,989;1,699;5,079;8,973;9,002;14,971;14,990;19,949;19,978;8,484;8,673;19,994;2,642;23,927;OK
3073400591-00-W17-L2- 26 06G017-0002809;716;19:05:38;32,7;OK;OK;OK;OK;0,000;24,052;5,113;2,660;3,251;4,978;1,656;4,968;8,978;8,997;14,987;15,000;19,976;20,005;8,484;8,679;19,886;5,113;2,654;3,262;4,983;1,656;5,079;8,984;9,008;14,987;15,011;19,976;20,016;8,484;8,684;20,027;2,637;23,927;OK
3073400591-00-W17-L2- 26 06G017-0002931;716;19:05:15;32,7;OK;OK;OK;OK;0,000;24,058;5,141;2,682;3,262;4,999;1,672;4,968;8,995;8,986;14,971;14,968;19,938;19,956;8,490;8,690;19,821;5,135;2,687;3,257;5,010;1,672;5,101;8,989;9,013;14,971;14,995;19,932;19,967;8,495;8,690;19,984;2,647;23,928;OK
3073400591-00-W17-L2- 26 06G017-0002820;716;19:05:25;5,0;OK;OK;OK;OK;0,000;24,047;5,119;2,682;4,239;-1,000;-1,000;-1,000;-1,000;-1,000;-1,000;-1,000;-1,000;-1,000;-1,000;-1,000;-1,000;-1,000;-1,000;-1,000;-1,000;-1,000;-1,000;-1,000;-1,000;-1,000;-1,000;-1,000;-1,000;-1,000;-1,000;-1,000;-1,000;-1,000;NOK
3073400591-00-W17-L2- 26 06G017-0002820;716;19:05:04;32,7;OK;OK;OK;OK;0,000;24,052;5,124;2,654;3,262;4,989;1,688;4,973;8,995;9,008;15,014;15,022;20,003;20,027;8,495;8,695;19,902;5,124;2,660;3,279;4,989;1,694;5,084;9,000;9,019;15,009;15,028;20,003;20,027;8,495;8,695;20,049;2,642;23,926;OK
3073400591-00-W17-L2- 26 06G017-0001537;716;19:05:41;32,8;OK;OK;OK;OK;0,000;24,058;5,097;2,692;3,273;4,956;1,688;4,946;8,946;8,964;14,933;14,952;19,916;19,946;8,446;8,646;19,826;5,092;2,671;3,300;4,956;1,683;5,052;8,946;8,970;14,933;14,952;19,911;19,946;8,441;8,646;19,962;2,636;23,928;OK
3073400591-00-W17-L2- 26 06G017-0002815;716;19:05:22;32,7;OK;OK;OK;OK;0,000;24,047;5,108;2,644;3,257;4,983;1,656;4,973;8,973;9,002;14,971;14,990;19,943;19,973;8,473;8,673;19,853;5,119;2,671;3,273;4,983;1,650;5,079;8,978;9,002;14,966;14,995;19,943;19,978;8,473;8,679;19,989;2,637;23,928;OK
3073400591-00-W17-L2- 26 06G017-0001539;716;19:05:59;32,7;OK;OK;OK;OK;0,000;24,058;5,146;2,654;3,279;5,016;1,699;5,006;8,995;9,013;14,993;15,006;19,965;19,994;8,495;8,695;19,870;5,151;2,682;3,262;5,016;1,699;5,111;8,995;9,019;14,993;15,011;19,965;19,994;8,490;8,690;20,016;2,646;23,927;OK
3073400591-00-W17-L2- 26 06G017-0001547;716;19:05:36;32,7;OK;OK;OK;OK;0,000;24,052;5,151;2,665;3,257;5,010;1,677;5,011;9,000;9,029;14,998;15,022;19,965;20,011;8,506;8,701;19,886;5,146;2,638;3,257;5,016;1,672;5,106;9,005;9,029;14,993;15,011;19,970;19,994;8,506;8,706;20,016;2,647;23,928;OK
3073400591-00-W17-L2- 26 06G017-0002816;716;19:05:13;32,7;OK;OK;OK;OK;0,000;24,058;5,119;2,665;3,284;4,972;1,666;4,968;8,967;8,981;14,944;14,968;19,927;19,967;8,468;8,668;19,837;5,108;2,649;3,279;4,978;1,666;5,057;8,962;8,975;14,949;14,962;19,927;19,956;8,468;8,668;19,978;2,622;23,928;OK
3073400591-00-W17-L2- 26 06G017-0001542;716;19:05:53;32,8;OK;OK;OK;OK;0,000;24,058;5,119;2,665;3,279;4,967;1,715;4,968;8,957;8,991;14,955;14,979;19,927;19,967;8,468;8,657;19,842;5,097;2,671;3,262;4,967;1,726;5,068;8,962;8,991;14,949;14,979;19,927;19,962;8,457;8,663;19,967;2,625;23,928;OK
3073400591-00-W17-L2- 26 06G017-0002817;716;19:05:30;32,8;OK;OK;OK;OK;0,000;24,052;5,108;2,649;3,284;4,983;1,710;4,973;8,967;8,997;14,960;14,979;19,932;19,962;8,473;8,668;19,842;5,113;2,671;3,279;4,978;1,715;5,073;8,967;8,997;14,960;14,984;19,932;19,967;8,473;8,668;19,984;2,614;24,074;OK
3073400591-00-W17-L2- 26 06G017-0004388;716;19:05:07;32,7;OK;OK;OK;OK;0,000;24,063;5,151;2,682;3,257;5,016;1,715;4,995;8,995;9,008;14,998;15,006;19,976;20,005;8,501;8,695;19,886;5,151;2,687;3,273;5,016;1,721;5,117;8,995;9,024;14,998;15,022;19,981;20,005;8,495;8,695;20,022;2,636;23,928;OK
3073400591-00-W17-L2- 26 06G017-0004389;716;19:05:45;32,8;OK;OK;OK;OK;0,000;24,052;5,086;2,682;3,279;4,956;1,666;4,957;8,951;8,986;14,960;14,984;19,943;19,984;8,463;8,652;19,859;5,092;2,649;3,273;4,961;1,672;5,057;8,957;8,986;14,960;14,990;19,949;19,978;8,457;8,657;19,994;2,625;23,927;OK
3073400591-00-W17-L2- 26 06G017-0002811;716;19:05:22;32,8;OK;OK;OK;OK;0,001;24,052;5,130;2,676;3,279;5,005;1,650;4,990;8,995;9,013;14,993;15,011;19,987;20,027;8,495;8,695;19,897;5,135;2,676;3,257;5,005;1,656;5,095;8,995;9,019;14,993;15,017;19,992;20,027;8,495;8,695;20,038;2,638;23,927;OK
3073400591-00-W17-L2- 26 06G017-0004384;716;19:05:02;33,3;OK;OK;OK;OK;0,000;24,063;5,141;2,638;3,246;4,994;1,688;4,990;8,995;9,029;15,009;15,038;19,998;20,043;8,501;8,701;19,918;5,119;2,644;3,251;4,994;1,683;5,095;9,000;9,029;15,004;15,033;19,998;20,032;8,501;8,701;20,054;2,649;24,073;OK
3073400591-00-W17-L2- 26 06G017-0004390;716;19:05:40;32,9;OK;OK;OK;OK;0,000;24,052;5,108;2,671;3,273;4,961;1,677;4,952;8,962;8,986;14,971;14,995;19,960;19,984;8,463;8,657;19,864;5,092;2,654;3,262;4,956;1,683;5,057;8,962;8,991;14,966;14,990;19,954;19,989;8,468;8,668;20,000;2,628;23,928;OK
3073400591-00-W17-L2- 26 06G017-0002819;716;19:05:17;32,8;OK;OK;OK;OK;0,000;24,058;5,146;2,644;3,246;4,999;1,710;5,001;9,005;9,035;15,020;15,055;20,025;20,060;8,506;8,711;19,935;5,141;2,676;3,257;4,999;1,710;5,101;9,005;9,035;15,025;15,055;20,025;20,054;8,506;8,706;20,070;2,642;23,927;OK
3073400591-00-W17-L2- 26 06G017-0003832;716;19:05:54;32,7;OK;OK;OK;OK;0,000;24,052;5,146;2,654;3,279;5,005;1,699;5,006;9,011;9,035;15,025;15,049;20,008;20,049;8,511;8,711;19,924;5,141;2,660;3,279;5,005;1,699;5,106;9,016;9,046;15,025;15,060;20,014;20,049;8,511;8,717;20,060;2,643;23,926;OK
3073400591-00-W17-L2- 26 06G017-0002813;716;19:05:31;32,7;OK;OK;OK;OK;0,000;24,063;5,103;2,649;3,284;4,967;1,704;4,952;8,967;8,997;14,976;15,000;19,960;19,994;8,468;8,663;19,875;5,103;2,665;3,257;4,967;1,699;5,019;8,967;8,970;14,971;14,990;19,965;19,984;8,463;8,663;20,005;2,640;23,927;OK
3073400591-00-W17-L2- 26 06G017-0002814;716;19:05:09;32,8;OK;OK;OK;OK;0,000;24,047;5,141;2,649;3,257;5,005;1,715;5,001;9,011;9,040;15,020;15,044;20,008;20,043;8,517;8,711;19,918;5,141;2,644;3,284;5,010;1,710;5,106;9,011;9,046;15,020;15,049;20,003;20,043;8,511;8,706;20,054;2,652;23,926;OK
3073400591-00-W17-L2- 26 06G017-0004382;716;19:05:46;32,6;OK;OK;OK;OK;0,000;24,052;5,130;2,676;3,273;4,999;1,672;4,995;8,984;9,008;14,971;15,000;19,949;19,989;8,479;8,679;19,864;5,135;2,671;3,251;4,999;1,661;5,095;8,978;9,008;14,976;15,000;19,943;19,978;8,484;8,673;19,994;2,646;23,927;OK
3073400591-00-W17-L2- 26 06G017-0002906;716;19:05:24;32,7;OK;OK;OK;OK;0,000;24,052;5,130;2,649;3,284;5,010;1,639;5,006;9,011;9,024;14,998;15,022;19,981;20,011;8,506;8,706;19,891;5,141;2,692;3,295;5,010;1,650;5,106;9,005;9,035;15,004;15,022;19,976;20,011;8,511;8,706;20,022;2,638;23,927;OK
3073400591-00-W17-L2- 26 06G017-0001546;716;19:05:04;32,6;OK;OK;OK;OK;0,003;24,063;5,141;2,654;3,295;5,005;1,688;5,001;9,005;9,024;15,014;15,033;20,003;20,032;8,501;8,706;19,908;5,141;2,687;3,279;5,005;1,694;5,106;9,005;9,040;15,014;15,038;19,998;20,038;8,506;8,706;20,049;2,648;23,926;OK
3073400591-00-W17-L2- 26 06G017-0001541;716;19:05:43;32,6;OK;OK;OK;OK;0,000;24,047;5,065;2,644;3,268;4,951;1,694;4,946;8,962;8,986;14,960;14,984;19,954;19,989;8,468;8,663;19,864;5,075;2,660;3,268;4,951;1,694;5,052;8,962;8,991;14,966;14,990;19,954;19,989;8,463;8,663;20,000;2,645;23,927;OK
3073400591-00-W17-L2- 26 06G017-0001540;716;19:05:20;32,7;OK;OK;OK;OK;0,000;24,052;5,075;2,644;3,262;4,945;1,661;4,941;8,962;8,981;14,949;14,979;19,932;19,956;8,463;8,657;19,842;5,081;2,654;3,241;4,945;1,666;5,046;8,962;8,986;14,955;14,973;19,927;19,973;8,457;8,657;19,978;2,636;23,927;OK
3073400591-00-W17-L2- 26 06G017-0001544;716;19:05:58;32,7;OK;OK;OK;OK;0,000;24,047;5,108;2,687;3,268;4,983;1,650;4,973;8,967;8,986;14,955;14,979;19,943;19,978;8,468;8,673;19,853;5,108;2,676;3,295;4,983;1,656;5,079;8,967;8,991;14,955;14,979;19,943;19,978;8,468;8,668;19,989;2,636;23,927;OK
3073400591-00-W17-L2- 26 06G017-0001538;716;19:05:35;32,6;OK;OK;OK;OK;0,000;24,052;5,146;2,654;3,273;5,016;1,704;5,017;9,000;9,035;15,014;15,044;20,008;20,049;8,506;8,701;19,924;5,151;2,676;3,246;5,021;1,704;5,111;9,000;9,029;15,014;15,038;20,003;20,038;8,501;8,701;20,054;2,661;23,926;OK
3073400591-00-W17-L2- 26 06G017-0002913;716;19:05:12;32,6;OK;OK;OK;OK;0,000;24,052;5,113;2,676;3,262;4,967;1,704;4,963;8,989;9,008;15,004;15,022;19,992;20,022;8,490;8,695;19,897;5,103;2,649;3,257;4,972;1,704;5,068;8,989;9,024;15,004;15,028;19,987;20,027;8,490;8,690;20,038;2,651;23,926;OK
3073400591-00-W17-L2- 26 06G017-0002907;716;19:05:49;32,5;OK;OK;OK;OK;0,001;24,047;5,108;2,671;3,262;4,972;1,694;4,963;8,984;8,997;14,998;15,017;19,998;20,027;8,479;8,684;19,902;5,113;2,660;3,251;4,978;1,699;5,079;8,984;9,008;14,998;15,028;19,992;20,027;8,479;8,673;20,043;2,665;23,926;OK
3073400591-00-W17-L2- 26 06G017-0002905;716;19:05:26;32,7;OK;OK;OK;OK;0,000;24,063;5,146;2,687;3,284;5,021;1,661;5,011;9,011;9,035;15,020;15,044;20,014;20,038;8,511;8,711;19,918;5,151;2,687;3,279;5,016;1,661;5,117;9,016;9,051;15,014;15,049;20,003;20,049;8,511;8,711;20,054;2,650;23,926;OK
3073400591-00-W17-L2- 26 06G017-0001545;716;19:05:03;32,9;OK;OK;OK;OK;0,000;24,058;5,081;2,633;3,235;4,956;1,683;4,941;8,940;8,959;14,928;14,946;19,905;19,929;8,441;8,641;19,810;5,086;2,654;3,246;4,956;1,683;5,052;8,935;8,964;14,928;14,946;19,905;19,940;8,441;8,641;19,951;2,631;23,927;OK
3073400591-00-W17-L2- 26 06G017-0002938;716;19:05:40;32,8;OK;OK;OK;OK;0,000;24,058;5,103;2,649;3,257;4,978;1,715;4,968;8,989;9,008;14,976;15,000;19,954;19,984;8,484;8,684;19,859;5,113;2,649;3,262;4,978;1,715;5,073;8,989;9,019;14,976;15,006;19,949;19,984;8,490;8,690;20,000;2,648;23,926;OK
3073400591-00-W17-L2- 26 06G017-0002937;716;19:05:17;32,6;OK;OK;OK;OK;0,000;24,052;5,119;2,633;3,235;4,983;1,715;4,984;8,984;9,002;14,971;14,995;19,949;19,978;8,479;8,679;19,870;5,124;2,660;3,235;4,989;1,710;5,079;8,978;9,008;14,971;15,000;19,949;19,978;8,479;8,679;19,989;2,628;23,927;OK
3073400591-00-W17-L2- 26 06G017-0002916;716;19:05:54;32,6;OK;OK;OK;OK;0,000;24,052;5,151;2,649;3,251;5,005;1,715;5,001;9,000;9,024;14,998;15,028;19,987;20,022;8,506;8,701;19,891;5,141;2,633;3,235;5,005;1,710;5,111;9,000;9,035;15,004;15,028;19,987;20,022;8,495;8,706;20,038;2,661;23,926;OK
3073400591-00-W17-L2- 26 06G017-0002915;716;19:05:32;33,9;OK;OK;OK;OK;0,000;24,052;5,113;2,682;3,284;4,983;1,661;4,973;8,973;9,002;14,976;15,000;19,960;19,994;8,479;8,679;19,870;5,119;2,676;3,284;4,983;1,656;5,073;8,978;9,002;14,976;14,995;19,960;19,984;8,479;8,679;20,005;2,636;23,926;OK
3073400591-00-W17-L2- 26 06G017-0002939;716;19:05:58;21,4;OK;OK;OK;OK;0,000;24,052;5,130;2,671;3,251;4,978;1,639;4,984;8,973;9,002;14,971;15,000;19,965;19,994;8,479;8,673;19,875;5,113;2,649;3,262;4,978;1,645;4,520;-1,000;-1,000;-1,000;-1,000;-1,000;-1,000;-1,000;-1,000;-1,000;-1,000;-1,000;NOK
3073400591-00-W17-L2- 26 06G017-0002939;716;19:05:38;32,6;OK;OK;OK;OK;0,000;24,052;5,124;2,654;3,289;4,989;1,645;4,979;8,978;8,997;14,976;14,995;19,960;19,994;8,484;8,684;19,870;5,124;2,644;3,273;4,989;1,650;5,079;8,978;9,002;14,976;14,995;19,965;19,994;8,479;8,684;20,011;2,638;23,926;OK
3073400591-00-W17-L2- 26 06G017-0002925;716;19:05:15;32,7;OK;OK;OK;OK;0,000;24,052;5,130;2,687;3,295;4,999;1,672;4,995;8,978;9,002;14,949;14,979;19,927;19,956;8,484;8,684;19,842;5,135;2,676;3,300;4,999;1,672;5,101;8,973;9,008;14,949;14,973;19,927;19,956;8,484;8,684;19,973;2,635;23,927;OK
3073400591-00-W17-L2- 26 06G017-0002908;716;19:05:52;32,6;OK;OK;OK;OK;0,000;24,052;5,108;2,660;3,284;4,967;1,704;4,963;8,978;8,997;14,966;14,984;19,927;19,956;8,479;8,679;19,837;5,108;2,654;3,268;4,967;1,694;5,063;8,973;9,002;14,960;14,990;19,922;19,956;8,484;8,679;19,973;2,627;23,927;OK
3073400591-00-W17-L2- 26 06G017-0002910;716;19:05:29;32,7;OK;OK;OK;OK;0,000;24,052;5,119;2,654;3,279;4,994;1,688;4,990;8,978;9,002;14,966;15,000;19,965;20,000;8,484;8,679;19,870;5,124;2,665;3,268;4,994;1,683;5,095;8,978;9,013;14,966;15,000;19,960;20,000;8,484;8,679;20,011;2,656;23,924;OK
3073400591-00-W17-L2- 26 06G017-0002929;716;19:05:07;32,7;OK;OK;OK;OK;0,000;24,058;5,146;2,676;3,268;5,005;1,645;5,001;9,005;9,029;15,009;15,028;20,003;20,032;8,506;8,706;19,908;5,141;2,649;3,262;5,005;1,645;5,101;9,005;9,029;15,009;15,033;19,998;20,027;8,501;8,706;20,049;2,677;23,924;OK
3073400591-00-W17-L2- 26 06G017-0002912;716;19:05:45;32,6;OK;OK;OK;OK;0,000;24,058;5,146;2,665;3,268;5,016;1,721;5,011;9,022;9,046;15,014;15,038;19,992;20,038;8,522;8,717;19,908;5,151;2,665;3,262;5,021;1,715;5,106;9,016;9,040;15,020;15,033;20,003;20,027;8,522;8,722;20,049;2,651;23,924;OK
3073400591-00-W17-L2- 26 06G017-0001548;716;19:05:05;13,9;OK;OK;OK;OK;0,000;24,058;5,146;2,660;3,279;4,999;1,645;4,979;8,984;8,997;14,976;14,995;19,943;19,973;4,999;-1,000;-1,000;-1,000;-1,000;-1,000;-1,000;-1,000;-1,000;-1,000;-1,000;-1,000;-1,000;-1,000;-1,000;-1,000;-1,000;-1,000;-1,000;-1,000;NOK
3073400591-00-W17-L2- 26 06G017-0001548;716;19:05:43;32,7;OK;OK;OK;OK;0,000;24,047;5,135;2,682;3,262;4,989;1,639;4,979;8,984;8,997;14,971;14,990;19,943;19,967;8,484;8,684;19,848;5,124;2,682;3,284;4,989;1,639;5,090;8,984;9,002;14,971;14,990;19,938;19,967;8,484;8,684;19,984;2,661;23,926;OK
3073400591-00-W17-L2- 26 06G017-0002909;716;19:05:20;32,5;OK;OK;OK;OK;0,002;24,052;5,097;2,698;3,300;4,967;1,677;4,963;8,967;8,981;14,955;14,979;19,938;19,967;8,463;8,663;19,842;5,103;2,698;3,295;4,967;1,672;5,057;8,962;8,981;14,955;14,973;19,943;19,962;8,463;8,663;19,978;2,647;23,926;OK
3073400591-00-W17-L2- 26 06G017-0002934;716;19:05:58;33,2;OK;OK;OK;OK;0,000;24,047;5,119;2,638;3,273;4,989;1,656;4,984;8,989;9,013;14,987;15,006;19,976;20,005;8,490;8,690;19,880;5,119;2,671;3,279;4,994;1,666;5,084;8,989;9,019;14,987;15,011;19,970;20,000;8,490;8,690;20,022;2,661;23,924;OK
3073400591-00-W17-L2- 26 06G017-0002911;716;19:05:36;32,6;OK;OK;OK;OK;0,000;24,058;5,135;2,654;3,262;4,999;1,710;4,984;8,989;9,008;14,987;15,006;19,976;20,011;8,490;8,690;19,886;5,130;2,687;3,262;4,994;1,721;5,030;8,989;8,937;14,987;14,952;19,976;19,973;8,490;8,695;20,022;2,646;23,924;OK
3073400591-00-W17-L2- 26 06G017-0003095;716;19:05:15;32,9;OK;OK;OK;OK;0,000;24,052;5,119;2,649;3,268;4,999;1,645;4,952;9,005;8,981;15,014;15,011;20,003;20,016;8,506;8,701;19,897;5,130;2,682;3,279;4,999;1,650;5,084;9,000;9,024;15,014;15,028;20,003;20,027;8,501;8,706;20,049;2,644;23,925;OK
3073400591-00-W17-L2- 26 06G017-0003086;716;19:05:53;32,6;OK;OK;OK;OK;0,000;24,063;5,124;2,698;3,295;4,999;1,683;4,979;8,989;8,991;14,971;14,984;19,954;19,978;8,495;8,695;19,859;5,130;2,665;3,289;5,005;1,672;5,084;8,989;9,002;14,976;14,990;19,965;19,984;8,490;8,690;20,005;2,658;23,925;OK
3073400591-00-W17-L2- 26 06G017-0003096;716;19:05:30;32,6;OK;OK;OK;OK;0,000;24,042;5,119;2,671;3,268;5,005;1,710;4,990;9,016;9,024;15,025;15,033;20,014;20,043;8,517;8,711;19,913;5,130;2,649;3,262;5,005;1,704;5,095;9,011;9,035;15,025;15,038;20,014;20,038;8,511;8,711;20,054;2,672;23,923;OK
3073400591-00-W17-L2- 26 06G017-0003093;716;19:05:09;32,7;OK;OK;OK;OK;0,000;24,052;5,124;2,660;3,262;5,005;1,650;4,990;8,984;9,002;14,966;14,984;19,932;19,962;8,490;8,684;19,837;5,135;2,649;3,268;4,999;1,639;5,095;8,989;9,008;14,966;14,984;19,927;19,956;8,484;8,690;19,978;2,658;23,926;OK
3073400591-00-W17-L2- 26 06G017-0003090;716;19:05:46;32,7;OK;OK;OK;OK;0,000;24,047;5,119;2,682;3,251;4,994;1,710;4,979;8,995;9,013;14,998;15,022;19,981;20,022;8,495;8,690;19,891;5,124;2,660;3,257;4,989;1,715;5,084;8,995;9,019;14,998;15,022;19,981;20,016;8,495;8,695;20,027;2,653;23,924;OK
3073400591-00-W17-L2- 26 06G017-0003087;716;19:05:24;32,7;OK;OK;OK;OK;0,000;24,052;5,130;2,676;3,246;4,983;1,650;4,963;8,978;8,981;14,966;14,962;19,932;19,951;8,484;8,679;19,832;5,124;2,682;3,268;4,989;1,661;5,084;8,978;8,997;14,966;14,984;19,938;19,973;8,479;8,679;19,984;2,641;23,925;OK
3073400591-00-W17-L2- 26 06G017-0003109;716;19:05:01;32,7;OK;OK;OK;OK;0,000;24,058;5,146;2,676;3,257;5,005;1,666;4,984;9,005;9,008;15,004;15,017;20,003;20,022;8,506;8,701;19,897;5,146;2,682;3,262;5,005;1,661;5,101;9,011;9,035;15,004;15,033;19,998;20,032;8,506;8,706;20,043;2,673;23,922;OK
3073400591-00-W17-L2- 26 06G017-0003112;716;19:05:38;32,6;OK;OK;OK;OK;0,000;24,052;5,092;2,644;3,257;4,967;1,704;4,957;8,951;8,981;14,944;14,973;19,916;19,951;8,457;8,657;19,826;5,103;2,676;3,268;4,961;1,710;5,063;8,951;8,981;14,938;14,968;19,916;19,946;8,457;8,652;19,967;2,643;23,925;OK
3073400591-00-W17-L2- 26 06G017-0003111;716;19:05:16;32,7;OK;OK;OK;OK;0,000;24,047;5,113;2,660;3,289;4,978;1,683;4,968;8,989;9,013;15,004;15,028;20,008;20,043;8,495;8,690;19,924;5,113;2,665;3,284;4,978;1,688;5,079;8,995;9,024;15,009;15,033;20,008;20,043;8,490;8,690;20,060;2,664;23,923;OK
3073400591-00-W17-L2- 26 06G017-0003094;716;19:05:54;32,7;OK;OK;OK;OK;0,000;24,052;5,081;2,671;3,279;4,951;1,688;4,935;8,962;8,970;14,966;14,973;19,943;19,973;8,457;8,668;19,859;5,086;2,682;3,295;4,945;1,694;5,041;8,957;8,986;14,960;14,984;19,949;19,978;8,463;8,668;19,994;2,647;23,924;OK
3073400591-00-W17-L2- 26 06G017-0003088;716;19:05:31;32,6;OK;OK;OK;OK;0,000;24,052;5,130;2,644;3,257;4,989;1,677;4,979;8,984;8,997;14,982;15,006;19,981;20,016;8,484;8,690;19,880;5,130;2,644;3,257;4,994;1,672;5,095;8,989;9,013;14,982;15,011;19,976;20,011;8,484;8,684;20,022;2,669;23,923;OK
3073400591-00-W17-L2- 26 06G017-0003119;716;19:05:08;32,6;OK;OK;OK;OK;0,000;24,058;5,075;2,660;3,273;4,967;1,726;4,919;8,962;8,943;14,960;14,952;19,943;19,956;8,457;8,663;19,832;5,103;2,671;3,262;4,967;1,715;5,068;8,962;8,997;14,960;14,990;19,949;19,978;8,463;8,663;19,994;2,644;23,923;OK
3073400591-00-W17-L2- 26 06G017-0003098;716;19:05:45;32,7;OK;OK;OK;OK;0,000;24,047;5,119;2,682;3,273;4,978;1,656;4,968;8,984;9,002;14,993;15,011;19,981;20,011;8,484;8,684;19,897;5,108;2,649;3,273;4,978;1,656;5,063;8,984;9,002;14,998;15,011;19,981;20,011;8,484;8,679;20,032;2,659;23,924;OK
3073400591-00-W17-L2- 26 06G017-0003116;716;19:05:23;32,7;OK;OK;OK;OK;0,000;24,058;5,157;2,649;3,262;5,010;1,683;5,001;9,011;9,040;15,025;15,055;20,019;20,054;8,511;8,711;19,929;5,146;2,687;3,251;5,010;1,677;5,106;9,016;9,046;15,025;15,049;20,025;20,060;8,511;8,722;20,070;2,666;23,923;OK
3073400591-00-W17-L2- 26 06G017-0003113;716;19:05:00;32,5;OK;OK;OK;OK;0,000;24,058;5,092;2,644;3,241;4,978;1,699;4,963;8,967;8,970;14,960;14,973;19,943;19,967;8,473;8,663;19,853;5,092;2,660;3,251;4,978;1,699;5,079;8,967;8,991;14,960;14,984;19,949;19,978;8,468;8,673;19,994;2,647;23,924;OK
3073400591-00-W17-L2- 26 06G017-0003115;716;19:05:37;32,7;OK;OK;OK;OK;0,003;24,058;5,130;2,671;3,284;5,005;1,683;4,995;9,000;9,024;14,998;15,022;19,992;20,027;8,506;8,701;19,902;5,141;2,654;3,289;5,005;1,677;5,095;9,000;9,019;14,998;15,022;19,998;20,022;8,506;8,701;20,049;2,647;23,925;OK
3073400591-00-W17-L2- 26 06G017-0003114;716;19:05:43;1,2;OK;OK;FAIL;NON TESTE;-1,000;-1,000;-1,000;-1,000;-1,000;-1,000;-1,000;-1,000;-1,000;-1,000;-1,000;-1,000;-1,000;-1,000;-1,000;-1,000;-1,000;-1,000;-1,000;-1,000;-1,000;-1,000;-1,000;-1,000;-1,000;-1,000;-1,000;-1,000;-1,000;-1,000;-1,000;-1,000;-1,000;-1,000;NOK
3073400591-00-W17-L2- 26 06G017-0003114;716;19:05:19;32,6;OK;OK;OK;OK;0,001;24,042;5,113;2,644;3,251;4,967;1,683;4,963;8,967;8,991;14,976;14,995;19,960;19,994;8,468;8,673;19,870;5,108;2,682;3,284;4,972;1,683;5,068;8,967;9,002;14,976;14,995;19,960;20,000;8,468;8,673;20,016;2,639;23,924;OK
3073400591-00-W17-L2- 26 06G017-0003106;716;19:05:32;8,8;OK;OK;OK;OK;0,000;24,058;5,146;2,660;3,262;5,146;0,592;-1,000;-1,000;-1,000;-1,000;-1,000;-1,000;-1,000;-1,000;-1,000;-1,000;-1,000;-1,000;-1,000;-1,000;-1,000;-1,000;-1,000;-1,000;-1,000;-1,000;-1,000;-1,000;-1,000;-1,000;-1,000;-1,000;-1,000;NOK
3073400591-00-W17-L2- 26 06G017-0003106;716;19:05:11;32,7;OK;OK;OK;OK;0,000;24,052;5,141;2,654;3,284;4,994;1,721;4,968;8,984;8,981;14,966;14,968;19,943;19,956;8,484;8,684;19,837;5,130;2,671;3,284;4,994;1,715;5,090;8,984;9,002;14,966;14,979;19,938;19,967;8,484;8,679;19,989;2,631;23,925;OK
3073400591-00-W17-L2- 26 06G017-0003099;716;19:05:48;32,7;OK;OK;OK;OK;0,000;24,052;5,141;2,676;3,289;4,994;1,650;4,984;8,995;9,008;14,982;15,000;19,965;19,989;8,495;8,695;19,870;5,135;2,671;3,284;4,994;1,650;5,084;8,995;9,008;14,982;15,000;19,965;19,989;8,490;8,695;20,005;2,643;23,924;OK
3073400591-00-W17-L2- 26 06G017-0003102;716;19:05:25;32,6;OK;OK;OK;OK;0,001;24,052;5,124;2,644;3,279;4,994;1,666;4,984;8,984;9,008;14,976;14,995;19,949;19,984;8,484;8,684;19,859;5,130;2,676;3,279;4,989;1,666;5,084;8,978;9,002;14,976;14,995;19,954;19,984;8,484;8,690;19,994;2,657;23,924;OK
3073400591-00-W17-L2- 26 06G017-0003105;716;19:05:34;5,0;OK;OK;OK;OK;0,000;24,052;5,027;2,557;3,197;-1,000;-1,000;-1,000;-1,000;-1,000;-1,000;-1,000;-1,000;-1,000;-1,000;-1,000;-1,000;-1,000;-1,000;-1,000;-1,000;-1,000;-1,000;-1,000;-1,000;-1,000;-1,000;-1,000;-1,000;-1,000;-1,000;-1,000;-1,000;-1,000;NOK
3073400591-00-W17-L2- 26 06G017-0003105;716;19:05:53;13,8;OK;OK;OK;OK;0,000;24,047;5,124;2,649;3,273;4,994;1,721;4,973;8,989;8,991;14,987;14,990;19,965;19,989;4,994;-1,000;-1,000;-1,000;-1,000;-1,000;-1,000;-1,000;-1,000;-1,000;-1,000;-1,000;-1,000;-1,000;-1,000;-1,000;-1,000;-1,000;-1,000;-1,000;NOK
3073400591-00-W17-L2- 26 06G017-0003105;716;19:05:27;32,6;OK;OK;OK;OK;0,000;24,052;5,130;2,687;3,273;4,994;1,715;4,979;8,989;8,997;14,987;15,000;19,976;19,989;8,490;8,684;19,870;5,124;2,660;3,273;4,994;1,726;5,079;8,984;8,991;14,987;14,990;19,965;19,989;8,490;8,690;20,016;2,639;23,924;OK
3073400591-00-W17-L2- 26 06G017-0003100;716;19:05:05;32,7;OK;OK;OK;OK;0,000;24,052;5,119;2,649;3,262;4,989;1,634;4,973;8,978;8,997;14,982;15,000;19,960;19,994;8,484;8,679;19,870;5,119;2,665;3,268;4,989;1,628;5,079;8,978;9,013;14,982;15,006;19,965;19,994;8,479;8,684;20,011;2,664;23,923;OK
3073400591-00-W17-L2- 26 06G017-0003097;716;19:05:43;32,6;OK;OK;OK;OK;0,000;24,058;5,124;2,682;3,284;4,978;1,645;4,973;8,957;8,986;14,938;14,962;19,911;19,946;8,463;8,663;19,821;5,113;2,687;3,257;4,978;1,650;5,063;8,957;8,970;14,933;14,946;19,916;19,940;8,463;8,663;19,962;2,649;23,924;OK
3073400591-00-W17-L2- 26 06G017-0003103;716;19:05:21;32,7;OK;OK;OK;OK;0,000;24,042;5,097;2,682;3,300;4,967;1,710;4,952;8,978;8,986;14,993;15,006;19,987;20,016;8,479;8,679;19,897;5,103;2,665;3,295;4,972;1,721;5,063;8,978;9,002;14,993;15,011;19,981;20,016;8,479;8,679;20,027;2,668;23,923;OK
3073400591-00-W17-L2- 26 06G017-0003117;716;19:05:58;32,7;OK;OK;OK;OK;0,000;24,052;5,146;2,682;3,284;4,999;1,628;4,990;8,984;9,002;14,966;14,984;19,938;19,973;8,490;8,690;19,848;5,135;2,660;3,268;4,999;1,628;5,101;8,978;9,019;14,971;14,995;19,943;19,973;8,490;8,690;19,989;2,649;23,925;OK
3073400591-00-W17-L2- 26 06G017-0003107;716;19:05:35;32,7;OK;OK;OK;OK;0,000;24,058;5,097;2,682;3,284;4,972;1,683;4,946;8,962;8,975;14,949;14,968;19,938;19,967;8,468;8,663;19,837;5,108;2,660;3,262;4,967;1,688;5,068;8,962;8,997;14,955;14,979;19,943;19,973;8,468;8,663;19,984;2,640;23,925;OK
3073400591-00-W17-L2- 26 06G017-0003101;716;19:05:12;32,6;OK;OK;OK;OK;0,001;24,047;5,130;2,649;3,262;4,999;1,645;4,990;9,005;9,024;15,014;15,038;20,008;20,043;8,506;8,706;19,918;5,124;2,654;3,268;4,994;1,650;5,090;9,000;9,029;15,014;15,044;20,003;20,038;8,501;8,706;20,060;2,655;23,923;OK
3073400591-00-W17-L2- 26 06G017-0003104;716;19:05:49;32,8;OK;OK;OK;OK;0,000;24,047;5,119;2,644;3,257;4,999;1,639;4,995;8,989;9,019;14,982;15,006;19,965;20,000;8,490;8,684;19,875;5,135;2,644;3,262;4,999;1,645;5,095;8,989;9,013;14,976;15,006;19,960;19,994;8,490;8,690;20,011;2,644;23,924;OK
3073400591-00-W17-L2- 26 06G017-0003110;716;19:05:27;32,6;OK;OK;OK;OK;0,000;24,058;5,119;2,682;3,279;4,967;1,683;4,963;8,962;8,975;14,955;14,968;19,927;19,956;8,457;8,663;19,837;5,103;2,676;3,268;4,967;1,683;5,063;8,962;8,986;14,949;14,979;19,927;19,956;8,457;8,663;19,973;2,647;23,925;OK
3073400591-00-W17-L2- 26 06G017-0003120;716;19:05:03;32,6;OK;OK;OK;OK;0,000;24,058;5,130;2,682;3,279;4,983;1,699;4,979;9,000;9,024;15,014;15,038;20,003;20,043;8,495;8,690;19,918;5,124;2,644;3,268;4,983;1,704;5,090;9,000;9,035;15,014;15,049;20,003;20,038;8,495;8,695;20,054;2,671;23,923;OK
3073400591-00-W17-L2- 26 06G017-0003118;716;19:05:40;32,6;OK;OK;OK;OK;0,001;24,063;5,130;2,682;3,279;4,999;1,639;4,990;9,011;9,029;15,025;15,044;20,025;20,049;8,506;8,706;19,935;5,135;2,654;3,284;4,999;1,645;5,095;9,011;9,024;15,031;15,044;20,019;20,043;8,511;8,711;20,070;2,665;23,923;OK
3073400591-00-W17-L2- 26 06G017-0003108;716;19:05:18;32,8;OK;OK;OK;OK;0,000;24,052;5,130;2,654;3,251;4,983;1,666;4,973;8,984;8,997;14,982;15,000;19,965;20,000;8,484;8,684;19,875;5,124;2,676;3,273;4,989;1,661;5,084;8,984;9,013;14,982;15,006;19,965;20,000;8,479;8,684;20,011;2,643;23,924;OK
3073400591-00-W17-L2- 26 06G017-0003089;716;19:05:54;32,6;OK;OK;OK;OK;0,000;24,047;5,135;2,687;3,273;4,994;1,710;4,990;9,000;9,019;15,004;15,022;20,003;20,032;8,495;8,695;19,913;5,135;2,671;3,279;4,994;1,710;5,090;8,995;9,024;14,998;15,022;19,998;20,032;8,501;8,701;20,043;2,655;23,923;OK
3073400591-00-W17-L2- 26 06G017-0001214;716;20:05:31;32,7;OK;OK;OK;OK;0,002;24,047;5,092;2,644;3,279;4,951;1,634;4,946;8,973;8,991;14,982;15,006;19,981;20,011;8,473;8,668;19,891;5,086;2,649;3,284;4,951;1,634;5,046;8,973;9,002;14,982;15,006;19,981;20,016;8,473;8,673;20,022;2,686;23,924;OK
3073400591-00-W17-L2- 26 06G017-0001221;716;20:05:10;32,7;OK;OK;OK;OK;0,003;24,058;5,113;2,665;3,257;4,999;1,715;4,984;9,000;9,019;15,014;15,028;20,003;20,032;8,501;8,706;19,908;5,135;2,671;3,257;4,994;1,715;5,090;9,005;9,029;15,009;15,038;20,003;20,032;8,501;8,701;20,049;2,666;23,924;OK
3073400591-00-W17-L2- 26 06G017-0003092;716;20:05:47;32,7;OK;OK;OK;OK;0,000;24,042;5,135;2,671;3,279;4,999;1,639;4,984;9,000;9,019;15,014;15,038;20,003;20,043;8,506;8,706;19,913;5,130;2,649;3,257;4,999;1,634;5,095;9,005;9,029;15,009;15,038;20,008;20,038;8,501;8,706;20,043;2,656;23,923;OK
3073400591-00-W17-L2- 26 06G017-0001217;716;20:05:23;32,5;OK;OK;OK;OK;0,002;24,052;5,130;2,654;3,257;5,005;1,650;4,995;9,000;9,024;15,014;15,033;19,987;20,022;8,501;8,701;19,902;5,135;2,671;3,273;5,005;1,645;5,090;9,005;9,019;15,009;15,022;19,992;20,016;8,501;8,706;20,038;2,647;23,923;OK
3073400591-00-W17-L2- 26 06G017-0001218;716;20:05:00;32,9;OK;OK;OK;OK;0,000;24,052;5,124;2,649;3,273;4,994;1,699;4,984;8,978;9,002;14,982;14,995;19,960;19,994;8,484;8,690;19,870;5,130;2,665;3,284;4,994;1,688;5,090;8,984;9,002;14,976;14,995;19,960;19,994;8,490;8,684;20,016;2,648;23,923;OK
3073400591-00-W17-L2- 26 06G017-0001220;716;20:05:37;32,8;OK;OK;OK;OK;0,000;24,058;5,130;2,660;3,284;5,005;1,704;5,001;8,989;9,019;14,971;15,000;19,949;19,984;8,490;8,690;19,875;5,141;2,654;3,257;4,999;1,704;5,095;8,984;9,013;14,971;14,995;19,949;19,978;8,490;8,690;19,994;2,651;23,923;OK
3073400591-00-W17-L2- 26 06G017-0001215;716;20:05:14;32,7;OK;OK;OK;OK;0,000;24,047;5,103;2,676;3,257;4,967;1,710;4,952;8,978;8,981;14,993;14,995;19,987;20,005;8,479;8,673;19,886;5,108;2,682;3,257;4,972;1,699;5,073;8,978;9,008;14,987;15,022;19,987;20,022;8,479;8,679;20,032;2,647;23,922;OK
3073400591-00-W17-L2- 26 06G017-0001213;716;20:05:51;32,7;OK;OK;OK;OK;0,001;24,052;5,108;2,644;3,251;4,978;1,677;4,973;8,967;8,991;14,960;14,984;19,943;19,978;8,468;8,663;19,853;5,103;2,660;3,262;4,972;1,683;5,073;8,962;8,991;14,960;14,990;19,938;19,978;8,463;8,668;19,989;2,630;23,924;OK
3073400591-00-W17-L2- 26 06G017-0001225;716;20:05:28;32,8;OK;OK;OK;OK;0,000;24,058;5,162;2,665;3,257;5,016;1,661;5,006;8,995;9,013;14,976;14,995;19,949;19,973;8,501;8,701;19,853;5,146;2,687;3,251;5,016;1,656;5,106;8,995;9,008;14,971;14,990;19,938;19,967;8,501;8,701;19,989;2,639;23,924;OK
3073400591-00-W17-L2- 26 06G017-0001222;716;20:05:05;32,7;OK;OK;OK;OK;0,000;24,047;5,092;2,665;3,279;4,945;1,704;4,941;8,962;8,975;14,944;14,968;19,927;19,956;8,463;8,657;19,832;5,081;2,665;3,273;4,951;1,694;5,046;8,957;8,986;14,949;14,968;19,927;19,951;8,463;8,657;19,973;2,649;23,923;OK
3073400591-00-W17-L2- 26 06G017-0003830;716;20:05:42;32,7;OK;OK;OK;OK;0,000;24,052;5,097;2,687;3,284;4,978;1,666;4,957;8,984;8,997;14,998;15,017;19,998;20,022;8,484;8,684;19,897;5,108;2,682;3,262;4,978;1,656;5,068;8,984;9,008;15,004;15,022;19,998;20,032;8,484;8,679;20,049;2,659;23,923;OK
3073400591-00-W17-L2- 26 06G017-0003837;716;20:05:19;32,8;OK;OK;OK;OK;0,000;24,047;5,086;2,649;3,251;4,961;1,661;4,952;8,973;8,991;14,976;14,995;19,960;19,989;8,473;8,679;19,864;5,092;2,654;3,251;4,961;1,661;5,052;8,973;8,991;14,971;14,995;19,960;19,994;8,479;8,673;20,011;2,657;23,922;OK
3073400591-00-W17-L2- 26 06G017-0003839;716;20:05:58;32,8;OK;OK;OK;OK;0,000;24,058;5,119;2,654;3,268;4,989;1,666;4,979;8,995;9,008;15,004;15,022;19,992;20,022;8,490;8,690;19,897;5,130;2,660;3,262;4,994;1,666;5,057;8,995;8,981;15,004;14,995;19,987;20,000;8,490;8,690;20,038;2,656;23,922;OK
3073400591-00-W17-L2- 26 06G017-0001232;716;20:05:35;32,6;OK;OK;OK;OK;0,000;24,052;5,151;2,671;3,279;5,010;1,650;4,995;8,995;9,013;14,998;15,011;19,970;20,005;8,506;8,695;19,886;5,141;2,676;3,279;5,010;1,645;5,101;9,000;9,024;14,987;15,017;19,981;20,005;8,495;8,701;20,022;2,663;23,921;OK
3073400591-00-W17-L2- 26 06G017-0003836;716;20:05:13;32,5;OK;OK;OK;OK;0,000;24,052;5,151;2,687;3,262;5,010;1,677;5,001;9,011;9,035;15,009;15,033;19,987;20,027;8,506;8,711;19,891;5,146;2,660;3,268;5,010;1,677;5,101;9,005;9,029;15,004;15,028;19,987;20,016;8,506;8,706;20,038;2,660;23,922;OK
3073400591-00-W17-L2- 26 06G017-0001236;716;20:05:50;32,8;OK;OK;OK;OK;0,000;24,047;5,135;2,671;3,289;5,010;1,710;5,006;9,000;9,029;15,009;15,033;19,998;20,038;8,501;8,695;19,913;5,151;2,654;3,257;5,010;1,704;5,117;9,000;9,035;15,009;15,044;20,008;20,038;8,501;8,695;20,049;2,670;23,921;OK
3073400591-00-W17-L2- 26 06G017-0001233;716;20:05:26;32,5;OK;OK;OK;OK;0,000;24,052;5,113;2,644;3,257;4,999;1,645;5,006;8,995;9,024;14,987;15,011;19,965;19,994;8,501;8,695;19,870;5,124;2,676;3,273;5,005;1,634;5,106;9,000;9,024;14,987;15,017;19,954;19,994;8,501;8,695;20,011;2,656;23,922;OK
3073400591-00-W17-L2- 26 06G017-0001228;716;20:05:40;9,4;OK;OK;OK;OK;0,000;24,052;5,124;2,687;3,284;4,994;1,721;4,751;-1,000;-1,000;-1,000;-1,000;-1,000;-1,000;-1,000;-1,000;-1,000;-1,000;-1,000;-1,000;-1,000;-1,000;-1,000;-1,000;-1,000;-1,000;-1,000;-1,000;-1,000;-1,000;-1,000;-1,000;-1,000;-1,000;NOK
3073400591-00-W17-L2- 26 06G017-0001228;716;20:05:19;32,7;OK;OK;OK;OK;0,000;24,052;5,135;2,660;3,284;4,999;1,721;4,762;8,984;8,780;14,976;14,783;19,960;19,832;8,490;8,684;19,718;5,130;2,692;3,295;4,999;1,721;5,095;8,989;9,019;14,976;15,000;19,960;19,994;8,490;8,684;20,005;2,649;23,923;OK
3073400591-00-W17-L2- 26 06G017-0001224;716;20:05:56;32,7;OK;OK;OK;OK;0,000;24,058;5,130;2,703;3,295;4,994;1,677;4,995;9,000;9,024;15,009;15,028;19,998;20,032;8,501;8,701;19,908;5,135;2,660;3,273;4,999;1,677;5,106;9,005;9,035;15,004;15,038;19,992;20,032;8,501;8,701;20,043;2,657;23,922;OK
3073400591-00-W17-L2- 26 06G017-0003831;716;20:05:33;32,5;OK;OK;OK;OK;0,001;24,047;5,097;2,660;3,262;4,956;1,656;4,946;8,957;8,991;14,949;14,979;19,922;19,962;8,457;8,663;19,837;5,086;2,649;3,251;4,951;1,661;5,052;8,962;8,991;14,949;14,979;19,927;19,962;8,457;8,663;19,978;2,666;23,924;OK
3073400591-00-W17-L2- 26 06G017-0003838;716;20:05:10;32,7;OK;OK;OK;OK;0,000;24,058;5,113;2,644;3,251;4,972;1,656;4,963;8,957;8,986;14,944;14,962;19,916;19,946;8,457;8,657;19,832;5,108;2,638;3,262;4,967;1,650;5,068;8,962;8,981;14,944;14,968;19,916;19,956;8,457;8,657;19,962;2,655;23,974;OK
3073400591-00-W17-L2- 26 06G017-0001219;716;20:05:47;33,0;OK;OK;OK;OK;0,000;24,058;5,135;2,644;3,257;5,010;1,656;5,006;9,011;9,040;15,025;15,055;20,014;20,049;8,517;8,717;19,924;5,141;2,660;3,262;5,010;1,656;5,101;9,016;9,029;15,025;15,038;20,019;20,043;8,517;8,717;20,054;2,657;23,922;OK
3073400591-00-W17-L2- 26 06G017-0003833;716;20:05:26;32,6;OK;OK;OK;OK;0,001;24,047;5,141;2,644;3,257;5,016;1,677;5,011;9,000;9,029;14,982;15,011;19,965;20,000;8,506;8,706;19,870;5,146;2,665;3,257;5,016;1,666;5,111;9,000;9,029;14,987;15,011;19,960;19,994;8,506;8,706;20,011;2,622;23,924;OK
3073400591-00-W17-L2- 26 06G017-0001226;716;20:05:03;32,6;OK;OK;OK;OK;0,000;24,052;5,108;2,698;3,284;4,978;1,677;4,957;8,973;8,970;14,966;14,973;19,954;19,973;8,473;8,673;19,853;5,113;2,660;3,284;4,978;1,677;5,063;8,967;8,975;14,966;14,968;19,954;19,967;8,473;8,679;20,000;2,638;23,923;OK
3073400591-00-W17-L2- 26 06G017-0001229;716;20:05:40;32,6;OK;OK;OK;OK;0,000;24,058;5,135;2,660;3,251;4,994;1,688;4,990;8,995;9,029;15,009;15,028;19,998;20,032;8,501;8,701;19,913;5,130;2,676;3,279;4,999;1,688;5,084;9,000;9,019;15,009;15,022;19,998;20,022;8,501;8,701;20,043;2,664;23,922;OK
3073400591-00-W17-L2- 26 06G017-0001216;716;20:05:17;32,6;OK;OK;OK;OK;0,000;24,047;5,130;2,638;3,257;4,983;1,704;4,984;8,978;9,019;14,998;15,028;19,992;20,027;8,484;8,684;19,902;5,119;2,638;3,262;4,983;1,710;5,084;8,989;9,013;14,993;15,028;19,992;20,022;8,484;8,684;20,038;2,664;23,922;OK
3073400591-00-W17-L2- 26 06G017-0001235;716;20:05:54;32,7;OK;OK;OK;OK;0,000;24,042;5,103;2,654;3,241;4,978;1,683;4,968;8,989;9,008;15,014;15,028;20,014;20,038;8,490;8,684;19,918;5,097;2,660;3,241;4,972;1,677;5,068;8,989;9,019;15,009;15,033;20,003;20,032;8,484;8,690;20,054;2,678;23,920;OK
3073400591-00-W17-L2- 26 06G017-0003829;716;20:05:31;32,8;OK;OK;OK;OK;0,000;24,063;5,141;2,665;3,279;5,016;1,683;4,995;9,011;9,019;15,014;15,028;20,008;20,027;8,517;8,717;19,902;5,146;2,649;3,251;5,016;1,683;5,111;9,016;9,035;15,014;15,038;20,008;20,032;8,511;8,722;20,054;2,655;23,922;OK
3073400591-00-W17-L2- 26 06G017-0001234;716;20:05:08;32,6;OK;OK;OK;OK;0,000;24,052;5,135;2,665;3,289;4,994;1,715;4,990;8,995;9,024;15,014;15,038;20,008;20,049;8,501;8,695;19,918;5,124;2,671;3,262;4,989;1,715;5,090;8,989;9,019;15,009;15,038;20,008;20,043;8,495;8,701;20,054;2,676;23,922;OK
3073400591-00-W17-L2- 26 06G017-0001543;716;20:05:29;17,0;OK;OK;OK;OK;0,000;24,052;5,141;2,682;3,284;5,005;1,650;4,984;8,978;8,997;14,976;14,990;19,960;19,984;8,484;8,679;19,859;5,135;4,560;-1,000;-1,000;-1,000;-1,000;-1,000;-1,000;-1,000;-1,000;-1,000;-1,000;-1,000;-1,000;-1,000;-1,000;-1,000;NOK
3073400591-00-W17-L2- 26 06G017-0001543;716;20:05:07;32,6;OK;OK;OK;OK;0,000;24,058;5,130;2,671;3,284;4,999;1,645;5,001;8,978;9,002;14,976;14,995;19,960;19,984;8,479;8,684;19,859;5,141;2,665;3,262;4,999;1,645;5,095;8,978;8,997;14,976;14,995;19,954;19,984;8,479;8,684;20,000;2,648;23,922;OK
3073400591-00-W17-L2- 26 06G017-0003834;716;20:05:29;17,6;OK;OK;OK;OK;0,000;24,052;5,146;2,644;3,268;5,016;1,661;5,011;9,011;9,040;15,014;15,038;19,998;20,032;8,511;8,711;19,908;5,151;2,676;4,191;-1,000;-1,000;-1,000;-1,000;-1,000;-1,000;-1,000;-1,000;-1,000;-1,000;-1,000;-1,000;-1,000;-1,000;NOK
3073400591-00-W17-L2- 26 06G017-0003834;716;20:05:07;32,5;OK;OK;OK;OK;0,000;24,052;5,135;2,671;3,257;5,005;1,656;5,006;9,005;9,029;15,004;15,038;19,987;20,027;8,511;8,706;19,908;5,146;2,676;3,246;5,010;1,656;5,101;9,005;9,024;15,009;15,022;19,987;20,022;8,506;8,711;20,032;2,675;23,921;OK
3073400591-00-W17-L2- 26 06G017-0001230;716;20:05:44;32,5;OK;OK;OK;OK;0,000;24,052;5,103;2,687;3,289;4,972;1,650;4,968;8,967;8,997;14,971;14,995;19,949;19,984;8,468;8,668;19,859;5,103;2,676;3,284;4,967;1,656;5,057;8,973;8,981;14,966;14,990;19,949;19,973;8,468;8,668;19,994;2,639;23,923;OK
3073400591-00-W17-L2- 26 06G017-0001227;716;20:05:22;32,7;OK;OK;OK;OK;0,000;24,047;5,130;2,671;3,268;4,983;1,656;4,979;8,984;9,013;14,987;15,011;19,976;20,016;8,479;8,679;19,891;5,119;2,649;3,257;4,983;1,645;5,079;8,984;9,002;14,987;15,000;19,976;20,005;8,484;8,679;20,022;2,651;23,923;OK
3073400591-00-W17-L2- 26 06G017-0001223;716;20:05:58;32,7;OK;OK;OK;OK;0,000;24,058;5,119;2,687;3,295;4,983;1,666;4,957;8,973;8,970;14,955;14,968;19,932;19,956;8,473;8,673;19,826;5,113;2,682;3,279;4,983;1,661;5,079;8,973;8,997;14,955;14,979;19,938;19,973;8,473;8,668;19,984;2,635;23,923;OK
3073400591-00-W17-L2- 26 06G017-0003085;716;20:05:35;32,6;OK;OK;OK;OK;0,000;24,047;5,097;2,660;3,279;4,967;1,715;4,968;8,962;8,986;14,960;14,990;19,954;19,989;8,463;8,668;19,864;5,103;2,649;3,257;4,967;1,710;5,057;8,962;8,981;14,966;14,979;19,960;19,978;8,463;8,663;20,000;2,637;23,923;OK
3073400591-00-W17-L2- 26 06G017-0003835;716;20:05:19;32,7;OK;OK;OK;OK;0,001;24,052;5,151;2,692;3,284;5,005;1,656;5,001;8,978;8,991;14,971;14,990;19,954;19,989;8,479;8,684;19,864;5,141;2,687;3,295;5,005;1,656;5,101;8,984;9,002;14,966;14,995;19,960;19,989;8,484;8,679;20,005;2,627;23,922;OK
3073400591-00-W17-L2- 26 06G017-0001231;716;20:05:56;32,6;OK;OK;OK;OK;0,000;24,052;5,146;2,660;3,284;5,010;1,683;5,006;9,000;9,013;14,976;14,995;19,949;19,984;8,495;8,701;19,864;5,146;2,687;3,284;5,016;1,677;5,111;8,995;9,019;14,976;15,000;19,949;19,978;8,501;8,701;19,994;2,638;23,922;OK
3073400591-00-W17-L2- 26 06G017-0003840;716;20:05:33;32,6;OK;OK;OK;OK;0,000;24,063;5,119;2,660;3,273;4,989;1,677;4,979;9,000;9,024;15,014;15,044;20,008;20,054;8,501;8,701;19,924;5,124;2,671;3,295;4,983;1,672;5,084;9,000;9,029;15,020;15,038;20,019;20,049;8,495;8,695;20,065;2,658;23,923;OK
3073400591-00-W17-L2- 26 06G017-0002486;716;20:05:10;32,7;OK;OK;OK;OK;0,001;24,052;5,157;2,654;3,262;5,016;1,726;4,930;9,000;8,948;15,014;14,979;20,014;20,000;8,495;8,701;19,880;5,146;2,660;3,273;5,010;1,721;5,101;9,005;9,019;15,014;15,033;20,008;20,038;8,501;8,701;20,060;2,632;23,924;OK
3073400591-00-W17-L2- 26 06G017-0002485;716;20:05:46;32,6;OK;OK;OK;OK;0,000;24,052;5,119;2,665;3,262;4,978;1,694;4,963;8,973;8,986;14,971;14,984;19,938;19,973;8,473;8,673;19,848;5,108;2,665;3,262;4,978;1,688;5,073;8,967;8,991;14,966;14,984;19,938;19,967;8,473;8,673;19,984;2,628;23,923;OK
3073400591-00-W17-L2- 26 06G017-0003991;716;20:05:23;32,6;OK;OK;OK;OK;0,000;24,058;5,151;2,692;3,284;5,016;1,721;5,001;9,000;9,019;15,020;15,033;20,019;20,049;8,501;8,701;19,924;5,157;2,665;3,279;5,016;1,715;5,122;9,005;9,035;15,014;15,044;20,019;20,049;8,501;8,701;20,060;2,654;23,922;OK
3073400591-00-W17-L2- 26 06G017-0003990;716;20:05:00;32,6;OK;OK;OK;OK;0,000;24,058;5,065;2,671;3,246;4,972;1,656;4,963;8,951;8,975;14,933;14,946;19,911;19,929;8,457;8,657;19,810;5,108;2,654;3,268;4,978;1,645;5,068;8,951;8,975;14,928;14,952;19,905;19,929;8,463;8,652;19,951;2,616;23,924;OK
3073400591-00-W17-L2- 26 06G017-0004219;716;20:05:37;32,7;OK;OK;OK;OK;0,000;24,052;5,141;2,671;3,284;5,010;1,661;4,995;9,005;9,008;14,993;15,006;19,981;20,005;8,506;8,706;19,875;5,146;2,654;3,268;5,016;1,661;5,106;9,005;9,029;14,993;15,017;19,976;20,011;8,506;8,706;20,027;2,645;24,077;OK
3073400591-00-W17-L2- 26 06G017-0003989;716;20:05:12;32,4;OK;OK;OK;OK;0,000;24,047;5,119;2,649;3,257;4,983;1,666;4,979;8,973;8,997;14,960;14,984;19,938;19,973;8,479;8,673;19,853;5,119;2,682;3,257;4,983;1,661;5,068;8,973;8,986;14,960;14,968;19,943;19,962;8,479;8,679;19,989;2,642;23,923;OK
3073400591-00-W17-L2- 26 06G017-0004222;716;20:05:49;32,5;OK;OK;OK;OK;0,002;24,047;5,119;2,649;3,262;4,989;1,672;4,990;8,989;9,013;14,987;15,006;19,965;20,000;8,495;8,690;19,875;5,130;2,682;3,284;4,989;1,666;5,084;8,989;9,013;14,982;15,006;19,960;19,994;8,490;8,695;20,005;2,641;23,923;OK
3073400591-00-W17-L2- 26 06G017-0002491;716;20:05:27;32,6;OK;OK;OK;OK;0,000;24,058;5,151;2,649;3,268;5,016;1,650;5,006;8,995;9,019;14,998;15,022;19,992;20,027;8,490;8,695;19,897;5,151;2,649;3,284;5,021;1,650;5,111;9,000;9,024;14,998;15,022;19,987;20,016;8,490;8,695;20,038;2,636;23,922;OK
3073400591-00-W17-L2- 26 06G017-0003992;716;20:05:04;32,7;OK;OK;OK;OK;0,000;24,052;5,119;2,671;3,246;4,989;1,650;4,984;8,984;9,008;14,982;15,006;19,965;19,994;8,495;8,684;19,875;5,130;2,644;3,262;4,994;1,645;5,090;8,984;9,013;14,982;15,011;19,965;19,994;8,484;8,690;20,011;2,659;23,922;OK
3073400591-00-W17-L2- 26 06G017-0002492;716;20:05:41;32,7;OK;OK;OK;OK;0,000;24,052;5,081;2,676;3,273;4,945;1,666;4,941;8,951;8,970;14,949;14,968;19,932;19,967;8,452;8,657;19,842;5,075;2,660;3,279;4,945;1,672;5,035;8,951;8,964;14,944;14,962;19,932;19,951;8,452;8,652;19,978;2,630;23,924;OK
3073400591-00-W17-L2- 26 06G017-0004214;716;20:05:19;32,6;OK;OK;OK;OK;0,000;24,058;5,097;2,654;3,251;4,961;1,656;4,946;8,978;8,991;14,976;14,995;19,970;19,994;8,479;8,679;19,870;5,092;2,649;3,279;4,961;1,645;5,052;8,984;8,997;14,982;14,995;19,965;19,989;8,473;8,684;20,005;2,667;23,923;OK
3073400591-00-W17-L2- 26 06G017-0002496;716;20:05:56;32,7;OK;OK;OK;OK;0,000;24,052;5,113;2,649;3,273;4,989;1,639;4,984;8,989;9,013;14,993;15,011;19,970;20,000;8,490;8,690;19,880;5,124;2,682;3,262;4,989;1,639;5,084;8,989;9,013;14,993;15,017;19,970;20,000;8,490;8,690;20,016;2,658;23,923;OK
3073400591-00-W17-L2- 26 06G017-0002489;716;20:05:35;32,6;OK;OK;OK;OK;0,000;24,058;5,135;2,676;3,284;4,989;1,688;4,979;8,989;9,013;14,987;15,006;19,970;20,000;8,490;8,690;19,875;5,130;2,671;3,289;4,989;1,688;5,084;8,989;9,013;14,993;15,017;19,970;20,005;8,490;8,690;20,022;2,646;23,923;OK
3073400591-00-W17-L2- 26 06G017-0003988;716;20:05:13;32,7;OK;OK;OK;OK;0,000;24,058;5,146;2,692;3,295;4,994;1,715;4,990;9,005;9,013;15,014;15,022;20,003;20,027;8,506;8,711;19,908;5,124;2,671;3,295;5,005;1,721;5,095;9,005;9,024;15,009;15,038;20,003;20,032;8,506;8,711;20,049;2,636;23,923;OK
3073400591-00-W17-L2- 26 06G017-0004220;716;20:05:50;32,4;OK;OK;OK;OK;0,000;24,052;5,108;2,654;3,251;4,978;1,672;4,946;8,984;8,970;14,982;14,990;19,970;19,984;8,484;8,684;19,870;5,113;2,660;3,241;4,978;1,666;5,073;8,984;9,013;14,987;15,006;19,970;20,005;8,479;8,679;20,016;2,653;23,922;OK
3073400591-00-W17-L2- 26 06G017-0004637;716;20:05:27;32,6;OK;OK;OK;OK;0,000;24,052;5,130;2,687;3,284;4,999;1,699;4,968;8,978;8,981;14,982;14,979;19,970;19,994;8,479;8,684;19,875;5,135;2,654;3,279;4,999;1,715;5,101;8,984;9,019;14,987;15,011;19,976;20,005;8,484;8,679;20,027;2,653;23,923;OK
3073400591-00-W17-L2- 26 06G017-0004643;716;20:05:05;32,6;OK;OK;OK;OK;0,000;24,052;5,065;2,654;3,268;4,983;1,661;4,908;8,984;8,948;14,982;14,952;19,965;19,951;8,484;8,684;19,837;5,108;2,627;3,257;4,983;1,661;5,079;8,984;9,002;14,987;15,000;19,960;19,994;8,479;8,684;20,011;2,635;23,922;OK
3073400591-00-W17-L2- 26 06G017-0003993;716;20:05:46;32,6;OK;OK;OK;OK;0,000;24,047;5,113;2,682;3,279;4,983;1,656;4,930;8,978;8,948;14,960;14,946;19,949;19,940;8,479;8,679;19,815;5,119;2,654;3,273;4,989;1,656;5,090;8,978;9,008;14,966;14,984;19,938;19,978;8,484;8,679;19,989;2,643;23,923;OK
3073400591-00-W17-L2- 26 06G017-0002490;716;20:05:23;32,4;OK;OK;OK;OK;0,001;24,047;5,097;2,671;3,262;4,983;1,656;4,925;8,978;8,943;14,971;14,952;19,943;19,951;8,479;8,673;19,832;5,108;2,644;3,257;4,983;1,650;5,079;8,978;9,002;14,976;14,995;19,949;19,973;8,473;8,673;19,989;2,631;23,923;OK
3073400591-00-W17-L2- 26 06G017-0004634;716;20:05:00;32,6;OK;OK;OK;OK;0,000;24,052;5,108;2,660;3,289;4,978;1,672;4,963;8,984;8,991;14,998;15,011;19,992;20,022;8,484;8,684;19,897;5,113;2,654;3,273;4,978;1,672;5,079;8,978;9,019;14,998;15,028;19,992;20,032;8,484;8,684;20,043;2,657;23,922;OK
3073400591-00-W17-L2- 26 06G017-0004215;716;20:05:38;32,6;OK;OK;OK;OK;0,002;24,047;5,151;2,676;3,268;5,021;1,715;5,001;9,016;9,024;14,998;15,011;19,976;20,005;8,511;8,717;19,880;5,151;2,687;3,273;5,021;1,715;5,101;9,011;9,013;15,004;15,000;19,981;20,000;8,517;8,711;20,027;2,650;23,923;OK
3073400591-00-W17-L2- 26 06G017-0002495;716;20:05:15;32,7;OK;OK;OK;OK;0,000;24,052;5,130;2,660;3,289;4,989;1,672;4,979;8,995;9,013;15,004;15,017;20,003;20,027;8,495;8,695;19,902;5,130;2,692;3,300;4,994;1,672;5,084;8,989;9,019;14,998;15,028;19,992;20,027;8,495;8,690;20,043;2,640;23,923;OK
3073400591-00-W17-L2- 26 06G017-0002488;716;20:05:52;32,5;OK;OK;OK;OK;0,000;24,052;5,113;2,692;3,268;4,989;1,683;4,968;8,967;8,975;14,949;14,957;19,932;19,956;8,473;8,679;19,826;5,130;2,687;3,279;4,994;1,683;5,084;8,973;8,997;14,949;14,979;19,927;19,962;8,473;8,673;19,978;2,627;23,924;OK
3073400591-00-W17-L2- 26 06G017-0002493;716;20:05:29;32,7;OK;OK;OK;OK;0,000;24,047;5,141;2,676;3,251;5,010;1,639;4,973;9,011;9,008;15,009;15,006;19,987;20,005;8,506;8,711;19,875;5,146;2,644;3,268;5,016;1,645;5,106;9,011;9,035;15,004;15,028;19,992;20,022;8,511;8,711;20,032;2,639;23,922;OK
3073400591-00-W17-L2- 26 06G017-0004217;716;20:05:07;32,7;OK;OK;OK;OK;0,001;24,052;5,130;2,649;3,257;4,999;1,672;4,984;8,995;9,013;14,993;15,011;19,976;20,005;8,495;8,701;19,886;5,135;2,644;3,268;5,005;1,677;5,101;8,995;9,029;14,993;15,022;19,987;20,022;8,495;8,701;20,027;2,644;23,922;OK
3073400591-00-W17-L2- 26 06G017-0004639;716;20:05:44;32,7;OK;OK;OK;OK;0,000;24,047;5,135;2,660;3,268;4,994;1,683;4,973;8,978;8,986;14,976;14,973;19,954;19,973;8,479;8,679;19,853;5,124;2,671;3,268;4,994;1,683;5,084;8,978;9,002;14,971;14,990;19,954;19,978;8,479;8,679;20,005;2,648;23,923;OK
3073400591-00-W17-L2- 26 06G017-0004640;716;20:05:21;32,6;OK;OK;OK;OK;0,000;24,058;5,119;2,660;3,289;4,978;1,688;4,941;8,967;8,959;14,949;14,952;19,927;19,940;8,468;8,663;19,826;5,108;2,671;3,289;4,978;1,688;5,079;8,967;8,997;14,949;14,973;19,927;19,956;8,468;8,668;19,973;2,629;23,924;OK
3073400591-00-W17-L2- 26 06G017-0004633;716;20:05:35;9,3;OK;OK;OK;OK;0,000;24,052;5,054;2,644;3,257;4,967;1,645;4,365;-1,000;-1,000;-1,000;-1,000;-1,000;-1,000;-1,000;-1,000;-1,000;-1,000;-1,000;-1,000;-1,000;-1,000;-1,000;-1,000;-1,000;-1,000;-1,000;-1,000;-1,000;-1,000;-1,000;-1,000;-1,000;-1,000;NOK
3073400591-00-W17-L2- 26 06G017-0004633;716;20:05:14;32,7;OK;OK;OK;OK;0,000;24,052;5,108;2,676;3,284;4,967;1,634;4,908;8,957;8,953;14,960;14,968;19,938;19,951;8,457;8,663;19,837;5,103;2,682;3,279;4,967;1,634;5,063;8,957;8,997;14,960;14,990;19,943;19,973;8,457;8,663;19,994;2,630;23,923;OK
3073400591-00-W17-L2- 26 06G017-0004636;716;20:05:51;32,8;OK;OK;OK;OK;0,000;24,052;5,097;2,687;3,273;4,972;1,645;4,957;8,973;8,991;14,971;14,990;19,970;19,989;8,473;8,679;19,870;5,092;2,682;3,284;4,972;1,645;5,063;8,973;9,002;14,966;14,990;19,960;19,989;8,473;8,673;20,011;2,637;23,923;OK
3073400591-00-W17-L2- 26 06G017-0003985;716;20:05:29;32,6;OK;OK;OK;OK;0,000;24,052;5,130;2,665;3,262;5,005;1,672;5,001;9,000;9,024;14,987;15,017;19,981;20,011;8,506;8,701;19,891;5,141;2,638;3,251;5,005;1,656;5,106;9,000;9,029;14,993;15,017;19,987;20,011;8,501;8,706;20,022;2,650;23,922;OK
3073400591-00-W17-L2- 26 06G017-0004642;716;20:05:07;32,6;OK;OK;OK;OK;0,002;24,042;5,130;2,649;3,268;4,989;1,677;4,984;8,984;9,008;14,982;15,006;19,970;20,000;8,484;8,684;19,870;5,124;2,671;3,289;4,989;1,688;5,090;8,984;9,019;14,982;15,011;19,970;20,000;8,490;8,684;20,016;2,648;23,923;OK
3073400591-00-W17-L2- 26 06G017-0002487;716;20:05:45;32,6;OK;OK;OK;OK;0,000;24,047;5,092;2,665;3,273;4,967;1,710;4,952;8,957;8,975;14,944;14,962;19,922;19,940;8,463;8,657;19,821;5,097;2,660;3,268;4,967;1,704;5,063;8,957;8,981;14,949;14,968;19,916;19,951;8,457;8,657;19,967;2,621;23,923;OK
3073400591-00-W17-L2- 26 06G017-0004218;716;20:05:23;33,1;OK;OK;OK;OK;0,002;24,052;5,103;2,676;3,279;4,983;1,650;4,968;8,978;8,991;14,971;14,984;19,949;19,967;8,473;8,673;19,848;5,113;2,665;3,251;4,983;1,645;5,073;8,984;8,997;14,976;14,984;19,949;19,967;8,479;8,679;19,989;2,642;23,922;OK
3073400591-00-W17-L2- 26 06G017-0004216;716;20:05:00;32,6;OK;OK;OK;OK;0,000;24,058;5,113;2,660;3,279;4,989;1,661;4,979;9,000;9,019;15,020;15,038;20,025;20,060;8,495;8,695;19,929;5,119;2,692;3,289;4,989;1,666;5,084;9,000;9,035;15,014;15,044;20,025;20,060;8,495;8,695;20,076;2,669;23,921;OK
3073400591-00-W17-L2- 26 06G017-0002494;716;20:05:38;32,7;OK;OK;OK;OK;0,000;24,058;5,157;2,676;3,284;5,010;1,699;5,001;8,989;9,008;14,993;15,011;19,965;20,000;8,490;8,690;19,880;5,151;2,649;3,284;5,010;1,704;5,111;8,995;9,024;14,993;15,022;19,976;20,005;8,490;8,690;20,016;2,651;23,923;OK
3073400591-00-W17-L2- 26 06G017-0003995;716;20:05:17;32,6;OK;OK;OK;OK;0,000;24,052;5,086;2,676;3,257;4,956;1,694;4,941;8,957;8,975;14,966;14,984;19,965;19,989;8,463;8,663;19,870;5,092;2,654;3,284;4,961;1,683;5,041;8,957;8,975;14,971;14,984;19,965;19,989;8,457;8,663;20,005;2,643;23,923;OK
3073400591-00-W17-L2- 26 06G017-0004221;716;20:05:54;32,7;OK;OK;OK;OK;0,000;24,052;5,119;2,644;3,273;4,989;1,699;4,946;8,984;8,981;14,998;15,000;19,981;20,005;8,484;8,684;19,880;5,119;2,644;3,257;4,983;1,699;5,084;8,984;9,008;14,993;15,011;19,981;20,011;8,479;8,684;20,032;2,638;23,922;OK
3073400591-00-W17-L2- 26 06G017-0004224;716;20:05:31;32,6;OK;OK;OK;OK;0,002;24,047;5,119;2,687;3,268;4,999;1,688;4,963;9,000;8,991;14,998;15,000;19,981;19,994;8,501;8,701;19,880;5,135;2,692;3,289;5,005;1,677;5,101;8,995;9,024;14,998;15,022;19,981;20,011;8,501;8,695;20,027;2,632;23,922;OK
3073400591-00-W17-L2- 26 06G017-0003987;716;20:05:08;32,6;OK;OK;OK;OK;0,000;24,052;5,097;2,676;3,268;4,961;1,666;4,963;8,962;8,997;14,976;15,000;19,981;20,011;8,473;8,668;19,886;5,097;2,687;3,279;4,967;1,661;5,063;8,967;8,991;14,982;14,995;19,976;20,011;8,468;8,668;20,022;2,645;23,921;OK
3073400591-00-W17-L2- 26 06G017-0004003;716;20:05:46;33,2;OK;OK;OK;OK;0,000;24,047;5,108;2,649;3,257;4,989;1,645;4,973;9,011;9,024;15,009;15,022;19,998;20,027;8,511;8,706;19,897;5,113;2,682;3,268;4,989;1,639;5,073;9,011;9,013;15,009;15,017;20,003;20,011;8,506;8,706;20,043;2,633;23,921;OK
3073400591-00-W17-L2- 26 06G017-0001202;716;20:05:23;32,8;OK;OK;OK;OK;0,000;24,058;5,130;2,676;3,268;4,972;1,661;4,930;8,978;8,959;14,976;14,968;19,960;19,973;8,473;8,679;19,848;5,113;2,654;3,284;4,978;1,650;5,073;8,984;9,002;14,976;14,995;19,960;19,984;8,479;8,679;20,005;2,625;23,923;OK
3073400591-00-W17-L2- 26 06G017-0001209;716;20:05:01;32,6;OK;OK;OK;OK;0,000;24,052;5,124;2,665;3,262;4,999;1,694;4,963;8,984;8,975;14,971;14,968;19,943;19,951;8,484;8,684;19,837;5,135;2,649;3,257;4,994;1,699;5,090;8,984;9,002;14,971;14,990;19,943;19,967;8,484;8,684;19,989;2,631;23,922;OK
3073400591-00-W17-L2- 26 06G017-0001208;716;20:05:38;32,8;OK;OK;OK;OK;0,000;24,052;5,135;2,649;3,279;4,989;1,699;4,963;9,005;8,997;15,031;15,022;20,025;20,038;8,501;8,701;19,913;5,130;2,687;3,257;4,994;1,699;5,084;9,005;9,029;15,031;15,049;20,019;20,054;8,501;8,701;20,070;2,669;23,920;OK
3073400591-00-W17-L2- 26 06G017-0003999;716;20:05:16;32,6;OK;OK;OK;OK;0,000;24,047;5,130;2,676;3,284;4,994;1,634;4,984;8,995;9,013;14,993;15,006;19,976;20,000;8,490;8,695;19,880;5,124;2,665;3,257;4,999;1,650;5,090;8,995;9,013;14,993;15,011;19,976;20,005;8,495;8,695;20,022;2,640;23,922;OK
3073400591-00-W17-L2- 26 06G017-0004001;716;20:05:53;32,8;OK;OK;OK;OK;0,000;24,052;5,151;2,687;3,279;5,016;1,715;5,011;9,011;9,040;15,014;15,044;20,008;20,038;8,511;8,711;19,913;5,146;2,660;3,257;5,016;1,710;5,111;9,005;9,035;15,014;15,044;20,003;20,038;8,511;8,711;20,054;2,650;23,922;OK
3073400591-00-W17-L2- 26 06G017-0001203;716;20:05:31;32,7;OK;OK;OK;OK;0,000;24,047;5,097;2,649;3,262;4,983;1,683;4,946;8,973;8,975;14,971;14,979;19,960;19,978;8,473;8,673;19,859;5,113;2,644;3,257;4,983;1,683;5,073;8,978;9,002;14,976;14,995;19,960;19,984;8,479;8,673;19,994;2,646;23,923;OK
3073400591-00-W17-L2- 26 06G017-0004006;716;20:05:09;32,8;OK;OK;OK;OK;0,000;24,052;5,108;2,644;3,251;4,967;1,683;4,957;8,967;8,981;14,960;14,984;19,943;19,973;8,463;8,668;19,853;5,103;2,676;3,268;4,972;1,694;5,068;8,967;8,986;14,960;14,984;19,943;19,973;8,468;8,668;19,994;2,639;23,923;OK
3073400591-00-W17-L2- 26 06G017-0004005;716;20:05:47;33,0;OK;OK;OK;OK;0,000;24,058;5,141;2,665;3,273;4,994;1,710;4,984;9,000;9,019;14,998;15,022;19,992;20,016;8,501;8,701;19,897;5,135;2,687;3,268;4,999;1,721;5,084;9,000;9,013;15,004;15,017;19,992;20,016;8,501;8,701;20,032;2,674;23,920;OK
3073400591-00-W17-L2- 26 06G017-0001205;716;20:05:26;32,6;OK;OK;OK;OK;0,000;24,052;5,146;2,671;3,257;5,016;1,661;5,001;9,000;9,013;14,982;15,000;19,954;19,984;8,501;8,701;19,859;5,146;2,671;3,246;5,016;1,650;5,106;9,000;9,019;14,982;15,000;19,960;19,984;8,501;8,701;20,000;2,666;23,921;OK
3073400591-00-W17-L2- 26 06G017-0003998;716;20:05:03;32,6;OK;OK;OK;OK;0,000;24,058;5,097;2,654;3,279;4,967;1,650;4,946;8,957;8,970;14,944;14,962;19,922;19,946;8,457;8,657;19,826;5,103;2,671;3,289;4,967;1,656;5,057;8,957;8,975;14,949;14,962;19,922;19,951;8,457;8,652;19,967;2,655;23,922;OK
3073400591-00-W17-L2- 26 06G017-0004004;716;20:05:42;32,9;OK;OK;OK;OK;0,000;24,052;5,103;2,665;3,279;4,972;1,628;4,957;8,967;8,975;14,949;14,973;19,938;19,967;8,457;8,663;19,842;5,108;2,676;3,251;4,972;1,634;5,057;8,962;8,970;14,955;14,973;19,938;19,962;8,463;8,663;19,984;2,640;23,922;OK
3073400591-00-W17-L2- 26 06G017-0003996;716;20:05:19;32,7;OK;OK;OK;OK;0,000;24,058;5,119;2,654;3,273;4,978;1,699;4,973;8,973;9,002;14,976;15,000;19,965;20,000;8,479;8,679;19,870;5,113;2,660;3,284;4,978;1,710;5,079;8,973;9,002;14,971;15,000;19,965;19,994;8,473;8,679;20,016;2,660;23,922;OK
3073400591-00-W17-L2- 26 06G017-0004000;716;20:05:56;32,7;OK;OK;OK;OK;0,000;24,052;5,108;2,649;3,262;4,972;1,683;4,957;8,989;8,997;14,998;15,000;19,981;20,005;8,490;8,690;19,880;5,103;2,649;3,268;4,972;1,677;5,057;8,989;9,002;14,993;15,000;19,987;20,005;8,490;8,690;20,027;2,641;23,921;OK
3073400591-00-W17-L2- 26 06G017-0004007;716;20:05:33;32,8;OK;OK;OK;OK;0,003;24,058;5,097;2,649;3,268;4,972;1,704;4,963;8,957;8,981;14,949;14,968;19,916;19,946;8,463;8,668;19,826;5,108;2,671;3,268;4,967;1,710;5,052;8,957;8,970;14,949;14,957;19,916;19,940;8,463;8,663;19,962;2,615;23,923;OK
3073400591-00-W17-L2- 26 06G017-0001210;716;20:05:11;32,7;OK;OK;OK;OK;0,000;24,047;5,113;2,687;3,284;4,989;1,645;4,952;8,995;8,981;15,004;15,000;19,998;20,011;8,490;8,690;19,891;5,124;2,676;3,273;4,989;1,645;5,079;8,995;9,008;15,004;15,011;19,998;20,027;8,490;8,690;20,049;2,646;23,922;OK
3073400591-00-W17-L2- 26 06G017-0001123;716;20:05:48;32,6;OK;OK;OK;OK;0,000;24,047;5,135;2,644;3,273;4,989;1,645;4,973;8,984;8,997;14,971;14,990;19,954;19,978;8,479;8,679;19,859;5,119;2,644;3,273;4,989;1,656;5,084;8,984;9,008;14,976;14,995;19,954;19,994;8,479;8,679;20,000;2,660;23,921;OK
3073400591-00-W17-L2- 26 06G017-0001212;716;21:05:26;32,7;OK;OK;OK;OK;0,000;24,047;5,130;2,660;3,257;4,989;1,639;4,973;8,989;8,991;14,982;14,995;19,965;19,984;8,495;8,690;19,864;5,130;2,671;3,289;4,994;1,634;5,090;8,995;9,013;14,987;15,011;19,970;19,994;8,490;8,690;20,011;2,644;23,923;OK
3073400591-00-W17-L2- 26 06G017-0001118;716;21:05:47;16,4;OK;OK;OK;OK;0,000;24,052;5,124;2,665;3,284;4,978;1,666;4,963;8,984;8,997;14,987;15,000;19,981;20,000;8,479;8,679;19,875;0,440;-1,000;-1,000;-1,000;-1,000;-1,000;-1,000;-1,000;-1,000;-1,000;-1,000;-1,000;-1,000;-1,000;-1,000;-1,000;-1,000;NOK
3073400591-00-W17-L2- 26 06G017-0001118;716;21:05:25;32,7;OK;OK;OK;OK;0,000;24,047;5,108;2,682;3,257;4,978;1,661;4,919;8,973;8,943;14,982;14,952;19,965;19,946;8,468;8,673;19,821;5,108;2,682;3,268;4,972;1,672;5,073;8,973;9,002;14,976;15,006;19,970;20,000;8,473;8,668;20,016;2,661;23,922;OK
3073400591-00-W17-L2- 26 06G017-0001204;716;21:05:39;9,4;OK;OK;OK;OK;0,000;24,052;5,108;2,665;3,289;5,010;1,672;4,458;-1,000;-1,000;-1,000;-1,000;-1,000;-1,000;-1,000;-1,000;-1,000;-1,000;-1,000;-1,000;-1,000;-1,000;-1,000;-1,000;-1,000;-1,000;-1,000;-1,000;-1,000;-1,000;-1,000;-1,000;-1,000;-1,000;NOK
3073400591-00-W17-L2- 26 06G017-0001204;716;21:05:08;16,5;OK;OK;OK;OK;0,000;24,052;5,135;2,687;3,289;5,010;1,672;4,995;8,995;9,008;14,982;14,990;19,949;19,973;8,501;8,701;19,848;0,521;-1,000;-1,000;-1,000;-1,000;-1,000;-1,000;-1,000;-1,000;-1,000;-1,000;-1,000;-1,000;-1,000;-1,000;-1,000;-1,000;NOK
3073400591-00-W17-L2- 26 06G017-0001204;716;21:05:46;32,6;OK;OK;OK;OK;0,000;24,058;5,141;2,682;3,289;5,010;1,661;5,001;9,000;9,019;14,982;14,995;19,949;19,978;8,501;8,701;19,848;5,146;2,665;3,284;5,016;1,666;5,095;9,000;9,002;14,982;14,990;19,949;19,973;8,501;8,706;19,994;2,644;23,922;OK
3073400591-00-W17-L2- 26 06G017-0001124;716;21:05:24;32,7;OK;OK;OK;OK;0,000;24,063;5,086;2,692;3,262;4,956;1,683;4,946;8,951;8,975;14,938;14,962;19,911;19,940;8,457;8,657;19,821;5,086;2,676;3,273;4,951;1,683;5,046;8,951;8,981;14,938;14,968;19,911;19,946;8,457;8,652;19,956;2,640;23,922;OK
3073400591-00-W17-L2- 26 06G017-0004002;716;21:05:01;32,7;OK;OK;OK;OK;0,000;24,052;5,141;2,671;3,273;5,005;1,639;4,990;9,000;9,019;14,998;15,017;19,981;20,016;8,501;8,695;19,891;5,135;2,638;3,273;5,005;1,650;5,095;9,000;9,024;14,998;15,022;19,981;20,016;8,501;8,701;20,027;2,661;23,922;OK
3073400591-00-W17-L2- 26 06G017-0001127;716;21:05:38;32,5;OK;OK;OK;OK;0,000;24,047;5,162;2,676;3,257;5,010;1,699;5,011;9,011;9,040;15,014;15,044;19,992;20,027;8,511;8,711;19,902;5,146;2,665;3,279;5,010;1,704;5,111;9,011;9,046;15,009;15,038;19,998;20,032;8,506;8,711;20,038;2,652;23,922;OK
3073400591-00-W17-L2- 26 06G017-0001206;716;21:05:16;32,8;OK;OK;OK;OK;0,000;24,058;5,130;2,671;3,289;4,989;1,661;4,973;9,005;9,013;15,014;15,028;20,014;20,038;8,501;8,701;19,918;5,124;2,654;3,262;4,994;1,666;5,090;9,000;9,024;15,014;15,038;20,008;20,043;8,495;8,701;20,060;2,663;23,921;OK
3073400591-00-W17-L2- 26 06G017-0001121;716;21:05:53;32,6;OK;OK;OK;OK;0,000;24,047;5,081;2,676;3,279;4,951;1,715;4,914;8,967;8,943;14,955;14,935;19,932;19,935;8,463;8,668;19,821;5,086;2,687;3,268;4,945;1,710;5,046;8,967;8,986;14,955;14,979;19,938;19,967;8,468;8,663;19,978;2,632;23,923;OK
3073400591-00-W17-L2- 26 06G017-0001119;716;21:05:31;32,7;OK;OK;OK;OK;0,003;24,052;5,135;2,687;3,268;5,005;1,672;4,984;8,995;9,013;14,998;15,011;19,998;20,027;8,501;8,695;19,908;5,135;2,649;3,279;4,999;1,672;5,095;8,995;9,029;14,998;15,028;20,003;20,027;8,495;8,695;20,054;2,640;23,922;OK
3073400591-00-W17-L2- 26 06G017-0001211;716;21:05:08;32,6;OK;OK;OK;OK;0,000;24,052;5,151;2,692;3,289;5,010;1,661;4,979;9,005;9,008;15,004;15,006;20,003;20,016;8,511;8,711;19,902;5,146;2,671;3,262;5,010;1,650;5,111;9,005;9,040;15,009;15,033;20,003;20,038;8,506;8,706;20,043;2,659;23,921;OK
3073400591-00-W17-L2- 26 06G017-0001201;716;21:05:18;4,4;OK;OK;OK;OK;0,000;24,058;5,103;-1,438;-1,000;-1,000;-1,000;-1,000;-1,000;-1,000;-1,000;-1,000;-1,000;-1,000;-1,000;-1,000;-1,000;-1,000;-1,000;-1,000;-1,000;-1,000;-1,000;-1,000;-1,000;-1,000;-1,000;-1,000;-1,000;-1,000;-1,000;-1,000;-1,000;-1,000;NOK
3073400591-00-W17-L2- 26 06G017-0001201;716;21:05:34;10,6;OK;OK;OK;OK;0,000;24,052;5,124;2,660;3,284;4,983;1,672;4,968;8,967;0,648;-1,000;-1,000;-1,000;-1,000;-1,000;-1,000;-1,000;-1,000;-1,000;-1,000;-1,000;-1,000;-1,000;-1,000;-1,000;-1,000;-1,000;-1,000;-1,000;-1,000;-1,000;-1,000;-1,000;-1,000;NOK
3073400591-00-W17-L2- 26 06G017-0001201;716;21:05:14;32,6;OK;OK;OK;OK;0,000;24,047;5,108;2,654;3,257;4,978;1,661;4,952;8,967;8,975;14,949;14,952;19,938;19,951;8,468;8,673;19,832;5,113;2,676;3,273;4,978;1,666;5,073;8,967;8,991;14,955;14,973;19,938;19,962;8,473;8,673;19,984;2,618;24,075;OK
3073400591-00-W17-L2- 26 06G017-0001207;716;21:05:50;32,7;OK;OK;OK;OK;0,000;24,058;5,124;2,687;3,268;4,999;1,661;4,968;8,995;8,997;14,993;14,990;19,970;19,984;8,501;8,701;19,864;5,130;2,660;3,289;4,999;1,672;5,095;9,000;9,024;14,998;15,022;19,965;20,000;8,495;8,701;20,011;2,636;23,923;OK
3073400591-00-W17-L2- 26 06G017-0004008;716;21:05:00;4,4;OK;OK;OK;OK;0,000;24,052;5,108;2,166;-1,000;-1,000;-1,000;-1,000;-1,000;-1,000;-1,000;-1,000;-1,000;-1,000;-1,000;-1,000;-1,000;-1,000;-1,000;-1,000;-1,000;-1,000;-1,000;-1,000;-1,000;-1,000;-1,000;-1,000;-1,000;-1,000;-1,000;-1,000;-1,000;-1,000;NOK
3073400591-00-W17-L2- 26 06G017-0004008;716;21:05:38;32,9;OK;OK;OK;OK;0,000;24,058;5,119;2,671;3,273;4,972;1,656;4,963;8,978;8,997;14,998;15,017;19,992;20,016;8,484;8,679;19,897;5,103;2,676;3,279;5,124;1,666;5,063;8,984;8,997;14,993;15,006;19,987;20,005;8,484;8,679;20,038;2,633;23,924;OK
;716;21:05:44;2,2;NON TESTE;NON TESTE;NON TESTE;NON TESTE;-1,000;-1,000;-1,000;-1,000;-1,000;-1,000;-1,000;-1,000;-1,000;-1,000;-1,000;-1,000;-1,000;-1,000;-1,000;-1,000;-1,000;-1,000;-1,000;-1,000;-1,000;-1,000;-1,000;-1,000;-1,000;-1,000;-1,000;-1,000;-1,000;-1,000;-1,000;-1,000;-1,000;-1,000;NOK
3073400591-00-W17-L2- 26 06G017-0003997;716;21:05:19;32,6;OK;OK;OK;OK;0,000;24,047;5,108;2,671;3,262;4,978;1,710;4,957;8,978;8,986;14,982;14,995;19,976;20,000;8,479;8,679;19,875;5,108;2,654;3,257;4,978;1,715;5,068;8,978;8,991;14,982;15,000;19,976;20,000;8,473;8,673;20,022;2,669;23,920;OK
3073400591-00-W17-L2- 26 06G017-0003994;716;21:05:57;32,8;OK;OK;OK;OK;0,000;24,052;5,141;2,654;3,246;4,999;1,639;4,990;8,995;9,013;14,982;15,000;19,949;19,984;8,490;8,695;19,859;5,135;2,676;3,257;5,005;1,650;5,095;8,989;9,019;14,982;15,000;19,954;19,984;8,495;8,690;19,994;2,646;23,921;OK
3073400591-00-W17-L2- 26 06G017-0001117;716;21:05:34;32,7;OK;OK;OK;OK;0,000;24,047;5,081;2,644;3,251;4,951;1,688;4,935;8,957;8,970;14,971;14,984;19,960;19,984;8,457;8,663;19,870;5,086;2,676;3,284;4,951;1,683;5,052;8,957;8,986;14,971;15,000;19,960;19,989;8,452;8,657;20,011;2,656;23,919;OK
3073400591-00-W17-L2- 26 06G017-0001120;716;21:05:12;32,5;OK;OK;OK;OK;0,000;24,058;5,119;2,671;3,257;4,983;1,666;4,979;8,973;9,002;14,966;14,990;19,949;19,978;8,473;8,673;19,853;5,113;2,682;3,273;4,983;1,666;5,084;8,973;8,997;14,960;14,990;19,943;19,973;8,473;8,679;19,994;2,647;23,922;OK
3073400591-00-W17-L2- 26 06G017-0003986;716;21:05:49;32,7;OK;OK;OK;OK;0,000;24,058;5,141;2,649;3,279;4,999;1,683;4,984;8,995;9,002;14,987;15,000;19,976;19,994;8,495;8,690;19,875;5,130;2,649;3,262;4,999;1,677;5,101;8,984;9,024;14,987;15,017;19,976;20,005;8,501;8,695;20,027;2,648;23,921;OK
3073400591-00-W17-L2- 26 06G017-0004590;716;21:05:27;32,6;OK;OK;OK;OK;0,000;24,047;5,124;2,649;3,268;4,994;1,656;4,984;9,000;9,019;14,998;15,022;19,987;20,016;8,501;8,695;19,891;5,130;2,660;3,262;4,994;1,645;5,084;8,995;9,019;15,004;15,028;19,981;20,016;8,495;8,695;20,027;2,657;23,919;OK
3073400591-00-W17-L2- 26 06G017-0004594;716;21:05:35;3,9;OK;OK;OK;OK;0,000;24,042;1,167;-1,000;-1,000;-1,000;-1,000;-1,000;-1,000;-1,000;-1,000;-1,000;-1,000;-1,000;-1,000;-1,000;-1,000;-1,000;-1,000;-1,000;-1,000;-1,000;-1,000;-1,000;-1,000;-1,000;-1,000;-1,000;-1,000;-1,000;-1,000;-1,000;-1,000;-1,000;NOK
3073400591-00-W17-L2- 26 06G017-0004594;716;21:05:14;32,6;OK;OK;OK;OK;0,000;24,052;5,135;2,649;3,273;4,989;1,650;4,946;8,978;8,959;14,966;14,962;19,938;19,951;8,479;8,673;19,826;5,124;2,676;3,284;4,989;1,639;5,073;8,978;8,997;14,966;14,979;19,938;19,962;8,479;8,679;19,984;2,654;23,920;OK
3073400591-00-W17-L2- 26 06G017-0004586;716;21:05:50;32,5;OK;OK;OK;OK;0,000;24,052;5,130;2,649;3,262;4,999;1,721;4,995;8,995;9,008;14,982;15,000;19,960;19,989;8,495;8,695;19,864;5,135;2,654;3,257;5,005;1,721;5,073;8,989;9,002;14,982;14,995;19,960;19,984;8,495;8,690;20,005;2,680;23,920;OK
3073400591-00-W17-L2- 26 06G017-0004595;716;21:05:28;32,6;OK;OK;OK;OK;0,001;24,058;5,108;2,660;3,279;4,978;1,694;4,973;8,973;9,002;14,960;14,990;19,943;19,978;8,473;8,673;19,848;5,113;2,665;3,268;4,983;1,699;5,073;8,973;8,997;14,966;14,984;19,949;19,967;8,473;8,673;19,989;2,701;23,919;OK
3073400591-00-W17-L2- 26 06G017-0004593;716;21:05:05;32,7;OK;OK;OK;OK;0,000;24,047;5,146;2,687;3,268;5,005;1,683;5,001;9,011;9,035;15,014;15,044;20,014;20,038;8,506;8,706;19,913;5,141;2,671;3,262;5,010;1,677;5,101;9,005;9,035;15,014;15,038;20,003;20,043;8,517;8,706;20,049;2,694;23,919;OK
3073400591-00-W17-L2- 26 06G017-0001128;716;21:05:42;32,6;OK;OK;OK;OK;0,000;24,052;5,097;2,671;3,279;4,978;1,666;4,968;8,978;8,997;14,982;15,000;19,976;20,005;8,473;8,679;19,880;5,108;2,649;3,257;4,978;1,661;5,073;8,973;8,997;14,987;15,006;19,970;20,005;8,479;8,679;20,022;2,671;23,920;OK
3073400591-00-W17-L2- 26 06G017-0004589;716;21:05:20;32,7;OK;OK;OK;OK;0,000;24,052;5,092;2,644;3,268;4,961;1,656;4,952;8,957;8,970;14,949;14,962;19,916;19,946;8,457;8,657;19,821;5,097;2,660;3,279;4,956;1,661;5,052;8,951;8,964;14,944;14,957;19,916;19,935;8,463;8,657;19,967;2,650;23,922;OK
3073400591-00-W17-L2- 26 06G017-0004592;716;21:05:57;32,7;OK;OK;OK;OK;0,002;24,052;5,119;2,649;3,279;4,989;1,645;4,979;8,989;9,002;14,987;15,006;19,987;20,005;8,484;8,684;19,886;5,124;2,671;3,279;4,989;1,650;5,052;8,984;8,975;14,987;14,979;19,981;20,000;8,490;8,690;20,032;2,668;23,921;OK
3073400591-00-W17-L2- 26 06G017-0004585;716;21:05:11;9,3;OK;OK;OK;OK;0,000;24,052;5,113;2,665;3,251;4,983;1,710;4,393;-1,000;-1,000;-1,000;-1,000;-1,000;-1,000;-1,000;-1,000;-1,000;-1,000;-1,000;-1,000;-1,000;-1,000;-1,000;-1,000;-1,000;-1,000;-1,000;-1,000;-1,000;-1,000;-1,000;-1,000;-1,000;-1,000;NOK
3073400591-00-W17-L2- 26 06G017-0004585;716;21:05:26;9,3;OK;OK;OK;OK;0,001;24,042;5,081;2,649;3,262;4,972;1,699;4,382;-1,000;-1,000;-1,000;-1,000;-1,000;-1,000;-1,000;-1,000;-1,000;-1,000;-1,000;-1,000;-1,000;-1,000;-1,000;-1,000;-1,000;-1,000;-1,000;-1,000;-1,000;-1,000;-1,000;-1,000;-1,000;-1,000;NOK
3073400591-00-W17-L2- 26 06G017-0003498;716;21:05:06;32,5;OK;OK;OK;OK;0,000;24,047;5,108;2,654;3,279;4,972;1,699;4,957;8,967;8,981;14,971;14,979;19,949;19,978;8,468;8,673;19,848;5,108;2,660;3,279;4,972;1,704;5,057;8,967;8,981;14,966;14,979;19,954;19,973;8,468;8,668;20,000;2,655;23,921;OK
3073400591-00-W17-L2- 26 06G017-0004591;716;21:05:28;17,1;OK;OK;OK;OK;0,000;24,052;5,130;2,660;3,273;5,005;1,639;4,963;9,000;8,986;15,004;14,984;19,992;20,000;8,501;8,701;19,880;5,141;-4,109;-1,000;-1,000;-1,000;-1,000;-1,000;-1,000;-1,000;-1,000;-1,000;-1,000;-1,000;-1,000;-1,000;-1,000;-1,000;NOK
3073400591-00-W17-L2- 26 06G017-0004591;716;21:05:07;32,7;OK;OK;OK;OK;0,000;24,047;5,141;2,682;3,251;4,994;1,634;4,979;8,995;9,008;14,993;15,006;19,987;20,016;8,501;8,695;19,886;5,135;2,660;3,262;4,999;1,639;5,095;8,989;9,029;14,993;15,022;19,981;20,027;8,501;8,695;20,032;2,679;23,920;OK
3073400591-00-W17-L2- 26 06G017-0004587;716;21:05:44;32,6;OK;OK;OK;OK;0,000;24,042;5,086;2,644;3,257;4,945;1,721;4,941;8,951;8,964;14,949;14,968;19,932;19,962;8,452;8,652;19,848;5,081;2,638;3,262;4,956;1,726;5,035;8,951;8,964;14,949;14,968;19,943;19,962;8,452;8,652;19,989;2,656;23,922;OK
3073400591-00-W17-L2- 26 06G017-0004588;716;21:05:20;32,5;OK;OK;OK;OK;0,000;24,058;5,135;2,649;3,279;4,983;1,645;4,979;8,995;9,019;15,020;15,038;20,019;20,043;8,501;8,695;19,918;5,124;2,671;3,279;4,983;1,645;5,084;9,000;9,029;15,020;15,044;20,019;20,049;8,495;8,695;20,060;2,686;23,921;OK
3073400591-00-W17-L2- 26 06G017-0001126;716;21:05:57;32,6;OK;OK;OK;OK;0,000;24,058;5,119;2,687;3,284;4,989;1,704;4,990;8,995;9,013;14,993;15,017;19,987;20,022;8,490;8,690;19,891;5,124;2,682;3,268;4,994;1,694;5,095;8,989;9,013;14,993;15,022;19,981;20,022;8,495;8,690;20,038;2,661;23,922;OK
3073400591-00-W17-L2- 26 06G017-0003494;716;21:05:34;32,6;OK;OK;OK;OK;0,000;24,063;5,113;2,660;3,289;4,989;1,666;4,979;8,962;8,986;14,944;14,962;19,911;19,946;8,468;8,668;19,815;5,124;2,654;3,289;4,989;1,672;5,079;8,962;8,986;14,938;14,957;19,905;19,935;8,468;8,663;19,956;2,645;23,923;OK
3073400591-00-W17-L2- 26 06G017-0003502;716;21:05:11;32,9;OK;OK;OK;OK;0,000;24,047;5,124;2,649;3,262;4,989;1,704;4,957;8,967;8,970;14,960;14,957;19,932;19,951;8,479;8,679;19,826;5,124;2,682;3,268;4,989;1,699;5,084;8,973;9,002;14,955;14,979;19,932;19,967;8,473;8,673;19,978;2,621;23,925;OK
3073400591-00-W17-L2- 26 06G017-0003504;716;21:05:48;32,6;OK;OK;OK;OK;0,000;24,047;5,103;2,644;3,257;4,978;1,656;4,963;8,973;8,986;14,971;14,984;19,949;19,989;8,473;8,673;19,864;5,108;2,654;3,257;4,978;1,666;5,068;8,973;8,991;14,971;14,990;19,954;19,978;8,473;8,673;20,000;2,622;23,923;OK
3073400591-00-W17-L2- 26 06G017-0004596;716;21:05:25;32,7;OK;OK;OK;OK;0,000;24,052;5,092;2,649;3,273;4,956;1,694;4,963;8,951;8,986;14,949;14,979;19,932;19,967;8,457;8,657;19,842;5,092;2,676;3,279;4,961;1,683;5,052;8,957;8,975;14,949;14,973;19,932;19,962;8,457;8,657;19,984;2,626;24,025;OK
3073400591-00-W17-L2- 26 06G017-0003496;716;21:05:02;32,8;OK;OK;OK;OK;0,003;24,052;5,141;2,682;3,295;5,010;1,639;4,990;9,005;9,013;15,014;15,011;19,998;20,022;8,511;8,711;19,902;5,141;2,692;3,295;5,010;1,634;5,095;9,005;9,013;15,009;15,017;20,003;20,022;8,506;8,706;20,054;2,630;23,924;OK
3073400591-00-W17-L2- 26 06G017-0003495;716;21:05:39;32,7;OK;OK;OK;OK;0,000;24,052;5,113;2,644;3,284;4,983;1,721;4,925;8,984;8,959;14,993;14,968;19,987;19,989;8,479;8,679;19,875;5,119;2,649;3,257;4,983;1,721;4,954;8,984;8,823;14,987;14,827;19,992;19,853;8,479;8,679;20,038;2,564;23,928;OK
3073400591-00-W17-L2- 26 06G017-0003761;716;21:05:17;32,7;OK;OK;OK;OK;0,000;24,052;5,103;2,649;3,279;4,978;1,645;4,963;8,967;8,986;14,955;14,973;19,932;19,956;8,473;8,673;19,837;5,113;2,665;3,251;4,983;1,639;5,079;8,967;8,991;14,960;14,973;19,932;19,962;8,473;8,673;19,973;2,640;23,923;OK
3073400591-00-W17-L2- 26 06G017-0003503;716;21:05:54;32,5;OK;OK;OK;OK;0,002;24,058;5,151;2,665;3,273;5,005;1,677;4,979;9,005;9,002;15,004;15,006;19,987;20,000;8,506;8,711;19,880;5,146;2,654;3,262;5,010;1,683;5,084;9,005;9,008;15,004;15,006;19,981;20,000;8,506;8,706;20,038;2,641;23,923;OK
3073400591-00-W17-L2- 26 06G017-0003500;716;21:05:31;32,7;OK;OK;OK;OK;0,000;24,052;5,124;2,649;3,241;4,989;1,683;4,979;8,989;9,013;14,993;15,017;19,981;20,016;8,490;8,690;19,891;5,135;2,671;3,273;4,989;1,694;5,068;8,989;8,991;14,998;15,000;19,981;20,005;8,490;8,695;20,027;2,639;23,924;OK
3073400591-00-W17-L2- 26 06G017-0003501;716;21:05:08;32,6;OK;OK;OK;OK;0,000;24,052;5,130;2,654;3,268;4,999;1,677;4,984;8,995;9,002;14,976;14,979;19,949;19,973;8,495;8,690;19,848;5,135;2,660;3,268;5,005;1,677;5,095;8,989;9,013;14,976;15,000;19,949;19,984;8,495;8,690;20,000;2,629;24,076;OK
3073400591-00-W17-L2- 26 06G017-0003766;716;21:05:17;4,4;OK;OK;OK;OK;0,000;24,058;5,108;-1,829;-1,000;-1,000;-1,000;-1,000;-1,000;-1,000;-1,000;-1,000;-1,000;-1,000;-1,000;-1,000;-1,000;-1,000;-1,000;-1,000;-1,000;-1,000;-1,000;-1,000;-1,000;-1,000;-1,000;-1,000;-1,000;-1,000;-1,000;-1,000;-1,000;-1,000;NOK
3073400591-00-W17-L2- 26 06G017-0003766;716;21:05:27;4,4;OK;OK;OK;OK;0,000;24,047;5,103;-4,522;-1,000;-1,000;-1,000;-1,000;-1,000;-1,000;-1,000;-1,000;-1,000;-1,000;-1,000;-1,000;-1,000;-1,000;-1,000;-1,000;-1,000;-1,000;-1,000;-1,000;-1,000;-1,000;-1,000;-1,000;-1,000;-1,000;-1,000;-1,000;-1,000;-1,000;NOK
3073400591-00-W17-L2- 26 06G017-0003758;716;21:05:11;32,8;OK;OK;OK;OK;0,000;24,052;5,135;2,644;3,251;4,999;1,710;4,995;9,000;9,024;15,004;15,033;19,992;20,027;8,506;8,706;19,902;5,135;2,665;3,251;4,999;1,710;5,090;9,005;9,013;15,009;15,017;19,992;20,016;8,501;8,701;20,038;2,629;23,924;OK
3073400591-00-W17-L2- 26 06G017-0003497;716;21:05:48;32,7;OK;OK;OK;OK;0,000;24,047;5,092;2,665;3,279;4,945;1,683;4,935;8,957;8,970;14,955;14,968;19,927;19,946;8,463;8,663;19,832;5,081;2,644;3,262;4,951;1,677;5,030;8,967;8,959;14,955;14,957;19,922;19,946;8,463;8,668;19,978;2,611;23,925;OK
3073400591-00-W17-L2- 26 06G017-0003493;716;21:05:25;32,6;OK;OK;OK;OK;0,000;24,058;5,146;2,654;3,262;5,005;1,683;4,995;9,005;9,029;15,020;15,033;19,998;20,038;8,511;8,706;19,908;5,141;2,654;3,257;5,005;1,683;5,101;9,011;9,024;15,014;15,022;20,003;20,022;8,506;8,706;20,043;2,625;23,923;OK
3073400591-00-W17-L2- 26 06G017-0003763;716;21:05:02;32,5;OK;OK;OK;OK;0,000;24,058;5,130;2,682;3,257;4,999;1,677;4,957;9,005;8,991;15,009;15,006;19,998;20,022;8,506;8,701;19,902;5,135;2,654;3,257;4,999;1,672;5,090;9,005;9,019;15,009;15,022;19,998;20,027;8,506;8,706;20,049;2,612;23,924;OK
3073400591-00-W17-L2- 26 06G017-0003759;716;21:05:39;32,6;OK;OK;OK;OK;0,002;24,058;5,157;2,682;3,262;5,005;1,650;4,984;9,011;9,019;15,009;15,017;19,992;20,022;8,517;8,711;19,891;5,151;2,682;3,279;5,010;1,650;5,106;9,011;9,029;15,014;15,028;19,992;20,027;8,511;8,711;20,038;2,617;23,923;OK
3073400591-00-W17-L2- 26 06G017-0004659;716;21:05:16;32,6;OK;OK;OK;OK;0,001;24,047;5,119;2,654;3,251;4,994;1,650;4,979;8,984;8,991;14,976;14,984;19,960;19,978;8,490;8,684;19,853;5,124;2,644;3,246;4,999;1,645;5,095;8,984;9,008;14,971;14,995;19,960;19,984;8,490;8,690;20,000;2,613;23,924;OK
3073400591-00-W17-L2- 26 06G017-0003764;716;21:05:53;32,6;OK;OK;OK;OK;0,000;24,063;5,151;2,682;3,262;5,021;1,661;5,011;9,022;9,046;15,031;15,060;20,025;20,065;8,522;8,722;19,940;5,151;2,660;3,257;5,016;1,661;5,117;9,027;9,057;15,031;15,060;20,025;20,065;8,522;8,728;20,070;2,635;23,923;OK
3073400591-00-W17-L2- 26 06G017-0003760;716;21:05:30;32,5;OK;OK;OK;OK;0,000;24,052;5,151;2,671;3,279;5,005;1,710;4,984;9,000;9,008;14,987;15,000;19,960;19,989;8,495;8,701;19,864;5,141;2,676;3,284;4,999;1,704;5,090;8,995;9,019;14,987;15,000;19,960;19,989;8,495;8,695;20,005;2,622;23,922;OK
3073400591-00-W17-L2- 26 06G017-0004657;716;21:05:08;32,7;OK;OK;OK;OK;0,000;24,058;5,124;2,665;3,257;4,978;1,650;4,973;8,962;8,991;14,938;14,968;19,911;19,951;8,463;8,663;19,826;5,103;2,682;3,284;4,978;1,639;5,068;8,957;8,981;14,938;14,957;19,916;19,940;8,463;8,657;19,956;2,628;23,923;OK
3073400591-00-W17-L2- 26 06G017-0004663;716;21:05:46;32,6;OK;OK;OK;OK;0,000;24,036;5,124;2,649;3,262;4,994;1,710;4,973;8,989;8,991;14,966;14,979;19,943;19,967;8,484;8,684;19,842;5,130;2,665;3,279;4,999;1,710;5,090;8,984;9,013;14,971;15,000;19,949;19,978;8,490;8,684;19,984;2,638;23,923;OK
3073400591-00-W17-L2- 26 06G017-0004665;716;21:05:25;32,8;OK;OK;OK;OK;0,000;24,052;5,108;2,649;3,262;4,967;1,650;4,903;8,978;8,932;14,993;14,962;19,987;19,984;8,473;8,673;19,864;5,103;2,676;3,251;4,967;1,656;5,063;8,973;8,997;14,993;15,011;19,992;20,016;8,473;8,673;20,038;2,652;23,922;OK
3073400591-00-W17-L2- 26 06G017-0004660;716;21:05:02;32,6;OK;OK;OK;OK;0,000;24,052;5,081;2,649;3,246;4,956;1,639;4,952;8,951;8,981;14,955;14,984;19,943;19,978;8,457;8,657;19,859;5,086;2,671;3,262;4,961;1,645;5,063;8,957;8,991;14,955;14,990;19,943;19,989;8,457;8,657;19,989;2,661;23,923;OK
3073400591-00-W17-L2- 26 06G017-0004666;716;21:05:43;32,7;OK;OK;OK;OK;0,000;24,052;5,113;2,676;3,268;4,989;1,677;4,979;8,978;8,997;14,976;14,990;19,960;19,984;8,484;8,684;19,870;5,124;2,671;3,268;4,989;1,672;5,084;8,984;8,997;14,976;14,995;19,954;19,984;8,490;8,679;20,000;2,665;23,922;OK
3073400591-00-W17-L2- 26 06G017-0004667;716;21:05:20;33,1;OK;OK;OK;OK;0,000;24,052;5,081;2,654;3,246;4,956;1,672;4,930;8,962;8,970;14,971;14,968;19,954;19,967;8,468;8,668;19,848;5,081;2,676;3,246;4,956;1,666;5,052;8,967;8,986;14,966;14,984;19,954;19,989;8,473;8,673;19,994;2,690;23,923;OK
3073400591-00-W17-L2- 26 06G017-0004617;716;21:05:57;32,6;OK;OK;OK;OK;0,000;24,058;5,124;2,676;3,279;4,994;1,704;4,973;8,978;8,986;14,955;14,962;19,922;19,940;8,479;8,684;19,821;5,130;2,649;3,289;4,994;1,699;5,084;8,978;8,997;14,960;14,962;19,922;19,946;8,484;8,684;19,962;2,679;24,021;OK
3073400591-00-W17-L2- 26 06G017-0001122;716;21:05:16;13,9;OK;OK;OK;OK;0,000;24,052;5,119;2,676;3,251;4,967;1,677;4,957;8,973;8,991;14,982;15,000;19,970;20,000;4,967;-1,000;-1,000;-1,000;-1,000;-1,000;-1,000;-1,000;-1,000;-1,000;-1,000;-1,000;-1,000;-1,000;-1,000;-1,000;-1,000;-1,000;-1,000;-1,000;NOK
3073400591-00-W17-L2- 26 06G017-0001122;716;21:05:52;32,6;OK;OK;OK;OK;0,000;24,052;5,103;2,660;3,279;4,972;1,677;4,973;8,978;9,002;14,982;15,017;19,976;20,011;8,473;8,673;19,880;5,113;2,649;3,262;4,972;1,666;5,068;8,978;8,997;14,987;15,006;19,976;20,000;8,479;8,673;20,016;2,675;23,921;OK
3073400591-00-W17-L2- 26 06G017-0004661;716;21:05:29;32,7;OK;OK;OK;OK;0,000;24,058;5,097;2,671;3,257;4,967;1,645;4,963;8,962;8,991;14,976;15,000;19,965;20,000;8,468;8,668;19,875;5,103;2,644;3,273;4,967;1,645;5,068;8,967;8,997;14,971;15,006;19,970;20,000;8,468;8,668;20,022;2,661;23,921;OK
3073400591-00-W17-L2- 26 06G017-0004664;716;21:05:06;32,5;OK;OK;OK;OK;0,000;24,042;5,092;2,638;3,279;4,967;1,672;4,952;8,978;8,991;14,976;14,995;19,954;19,984;8,479;8,679;19,853;5,097;2,676;3,262;4,967;1,666;5,041;8,973;8,975;14,982;14,979;19,960;19,973;8,479;8,673;20,005;2,653;23,922;OK
3073400591-00-W17-L2- 26 06G017-0004658;716;21:05:44;32,6;OK;OK;OK;OK;0,000;24,047;5,103;2,671;3,273;4,961;1,645;4,963;8,973;8,997;14,982;15,011;19,981;20,022;8,468;8,668;19,897;5,092;2,644;3,246;4,961;1,645;5,063;8,973;8,997;14,987;15,011;19,987;20,016;8,473;8,673;20,032;2,689;23,921;OK
3073400591-00-W17-L2- 26 06G017-0003765;716;21:05:21;32,6;OK;OK;OK;OK;0,000;24,047;5,119;2,638;3,257;4,989;1,645;4,990;9,005;9,029;15,014;15,044;20,008;20,038;8,501;8,701;19,918;5,124;2,638;3,251;4,989;1,639;5,090;9,000;9,029;15,009;15,038;20,008;20,038;8,501;8,701;20,049;2,680;23,920;OK
3073400591-00-W17-L2- 26 06G017-0004662;716;21:05:58;32,6;OK;OK;OK;OK;0,000;24,052;5,113;2,676;3,257;4,978;1,688;4,952;8,978;8,975;14,976;14,984;19,954;19,973;8,479;8,679;19,859;5,108;2,676;3,273;4,978;1,688;5,073;8,973;8,997;14,971;14,995;19,954;19,984;8,473;8,673;20,000;2,661;23,921;OK
3073400591-00-W17-L2- 26 06G017-0004614;716;21:05:35;32,6;OK;OK;OK;OK;0,000;24,052;5,119;2,649;3,279;4,999;1,688;4,984;8,989;9,002;14,966;14,984;19,949;19,967;8,484;8,684;19,848;5,124;2,676;3,268;4,999;1,677;5,095;8,978;9,008;14,966;14,984;19,943;19,967;8,490;8,684;19,994;2,680;23,921;OK
3073400591-00-W17-L2- 26 06G017-0004618;716;21:05:12;32,6;OK;OK;OK;OK;0,000;24,052;5,103;2,665;3,279;4,972;1,656;4,968;8,967;8,997;14,966;14,990;19,949;19,984;8,468;8,673;19,859;5,108;2,649;3,268;4,972;1,650;5,073;8,967;8,997;14,966;14,984;19,949;19,978;8,468;8,668;19,989;2,660;23,921;OK
3073400591-00-W17-L2- 26 06G017-0004610;716;21:05:34;17,0;OK;OK;OK;OK;0,000;24,042;5,135;2,676;3,284;4,989;1,694;4,973;8,973;8,986;14,955;14,973;19,932;19,962;8,479;8,673;19,837;5,130;2,133;-1,000;-1,000;-1,000;-1,000;-1,000;-1,000;-1,000;-1,000;-1,000;-1,000;-1,000;-1,000;-1,000;-1,000;-1,000;NOK
3073400591-00-W17-L2- 26 06G017-0004610;716;21:05:13;32,5;OK;OK;OK;OK;0,000;24,052;5,124;2,676;3,284;4,989;1,694;4,990;8,973;9,008;14,955;14,979;19,938;19,967;8,479;8,679;19,837;5,124;2,654;3,262;4,989;1,688;5,095;8,978;9,008;14,955;14,979;19,932;19,967;8,479;8,679;19,984;2,649;23,922;OK
3073400591-00-W17-L2- 26 06G017-0003757;716;21:05:27;9,3;OK;OK;OK;OK;0,003;24,052;5,103;2,671;3,251;4,989;1,666;4,441;-1,000;-1,000;-1,000;-1,000;-1,000;-1,000;-1,000;-1,000;-1,000;-1,000;-1,000;-1,000;-1,000;-1,000;-1,000;-1,000;-1,000;-1,000;-1,000;-1,000;-1,000;-1,000;-1,000;-1,000;-1,000;-1,000;NOK
3073400591-00-W17-L2- 26 06G017-0003757;716;21:05:09;32,6;OK;OK;OK;OK;0,000;24,052;5,081;2,649;3,268;4,983;1,661;4,859;8,978;8,872;14,960;14,859;19,932;19,853;8,473;8,679;19,734;5,124;2,644;3,268;4,989;1,666;5,090;8,978;9,013;14,966;14,990;19,938;19,973;8,479;8,679;19,989;2,653;23,921;OK
3073400591-00-W17-L2- 26 06G017-0003762;716;21:05:47;32,6;OK;OK;OK;OK;0,000;24,047;5,124;2,665;3,284;4,978;1,628;4,957;8,978;8,986;14,987;15,000;19,981;20,005;8,479;8,673;19,886;5,108;2,665;3,273;4,978;1,628;5,073;8,984;9,002;14,987;15,006;19,981;20,005;8,479;8,679;20,022;2,666;23,921;OK
3073400591-00-W17-L2- 26 06G017-0004611;716;21:05:23;32,6;OK;OK;OK;OK;0,000;24,052;5,097;2,649;3,279;4,967;1,650;4,957;8,962;8,975;14,949;14,968;19,916;19,940;8,457;8,663;19,821;5,103;2,682;3,257;4,967;1,645;5,063;8,957;8,986;14,944;14,968;19,916;19,951;8,463;8,657;19,956;2,670;23,921;OK
3073400591-00-W17-L2- 26 06G017-0004612;716;21:05:01;32,7;OK;OK;OK;OK;0,000;24,058;5,130;2,671;3,273;4,989;1,694;4,876;8,978;8,899;14,971;14,935;19,960;19,962;8,479;8,679;19,848;5,119;2,682;3,257;4,983;1,704;5,090;8,973;9,008;14,966;14,995;19,960;19,989;8,479;8,679;20,005;2,688;23,922;OK
3073400591-00-W17-L2- 26 06G017-0004620;716;21:05:38;32,7;OK;OK;OK;OK;0,000;24,058;5,130;2,660;3,273;4,999;1,694;4,984;9,005;9,008;15,009;15,017;20,003;20,022;8,501;8,701;19,902;5,130;2,692;3,279;4,999;1,704;5,084;9,000;9,013;15,009;15,017;20,003;20,027;8,501;8,701;20,054;2,683;23,922;OK
3073400591-00-W17-L2- 26 06G017-0004616;716;21:05:15;32,7;OK;OK;OK;OK;0,000;24,047;5,146;2,649;3,257;5,010;1,661;5,006;9,011;9,029;15,014;15,038;20,008;20,027;8,511;8,706;19,913;5,146;2,654;3,279;5,010;1,656;5,106;9,011;9,035;15,014;15,033;19,998;20,038;8,511;8,711;20,043;2,681;23,922;OK
;716;21:05:21;2,2;NON TESTE;NON TESTE;NON TESTE;NON TESTE;-1,000;-1,000;-1,000;-1,000;-1,000;-1,000;-1,000;-1,000;-1,000;-1,000;-1,000;-1,000;-1,000;-1,000;-1,000;-1,000;-1,000;-1,000;-1,000;-1,000;-1,000;-1,000;-1,000;-1,000;-1,000;-1,000;-1,000;-1,000;-1,000;-1,000;-1,000;-1,000;-1,000;-1,000;NOK
3073400591-00-W17-L2- 26 06G017-0004629;716;21:05:55;32,5;OK;OK;OK;OK;0,000;24,052;5,113;2,633;3,241;4,978;1,628;4,973;8,973;8,986;14,966;14,979;19,960;19,984;8,473;8,673;19,853;5,113;2,644;3,268;4,983;1,634;5,079;8,967;9,002;14,966;14,995;19,949;19,989;8,473;8,673;20,000;2,668;23,923;OK
3073400591-00-W17-L2- 26 06G017-0004630;716;21:05:32;32,6;OK;OK;OK;OK;0,000;24,058;5,124;2,660;3,273;4,994;1,677;4,990;8,989;9,013;14,987;15,000;19,960;19,989;8,490;8,690;19,870;5,130;2,644;3,284;4,999;1,677;5,095;8,989;9,013;14,987;15,000;19,960;19,989;8,490;8,690;20,005;2,679;23,923;OK
3073400591-00-W17-L2- 26 06G017-0004613;716;21:05:09;32,6;OK;OK;OK;OK;0,000;24,052;5,113;2,654;3,268;4,999;1,650;4,995;8,989;9,008;14,971;14,984;19,938;19,973;8,490;8,690;19,848;5,124;2,665;3,268;4,999;1,645;5,095;8,984;9,013;14,971;14,990;19,943;19,973;8,484;8,690;19,989;2,690;23,923;OK
3073400591-00-W17-L2- 26 06G017-0004625;716;21:05:46;32,7;OK;OK;OK;OK;0,000;24,047;5,108;2,654;3,262;4,961;1,645;4,957;8,978;9,002;14,976;15,000;19,949;19,984;8,479;8,679;19,864;5,097;2,676;3,262;4,956;1,645;5,057;8,973;9,008;14,976;15,006;19,954;19,989;8,479;8,679;20,005;2,683;23,922;OK
3073400591-00-W17-L2- 26 06G017-0004631;716;21:05:23;32,7;OK;OK;OK;OK;0,000;24,047;5,168;2,682;3,268;5,021;1,699;4,990;9,016;9,013;15,031;15,028;20,025;20,049;8,511;8,711;19,913;5,157;2,676;3,268;5,016;1,688;5,117;9,016;9,035;15,031;15,060;20,030;20,060;8,511;8,711;20,076;2,717;23,921;OK
3073400591-00-W17-L2- 26 06G017-0004628;716;21:05:00;32,7;OK;OK;OK;OK;0,000;24,058;5,092;2,649;3,284;4,961;1,694;4,946;8,984;8,986;14,993;15,000;19,976;20,000;8,484;8,684;19,880;5,092;2,665;3,262;4,961;1,688;5,057;8,984;9,008;14,998;15,017;19,976;20,011;8,484;8,684;20,027;2,668;23,922;OK
3073400591-00-W17-L2- 26 06G017-0004622;716;21:05:37;32,7;OK;OK;OK;OK;0,000;24,052;5,113;2,676;3,273;4,989;1,699;4,973;8,978;8,991;14,971;14,979;19,932;19,962;8,479;8,679;19,842;5,113;2,644;3,251;4,989;1,699;5,084;8,973;9,008;14,966;14,990;19,938;19,973;8,479;8,679;19,984;2,656;23,923;OK
3073400591-00-W17-L2- 26 06G017-0004615;716;21:05:14;32,6;OK;OK;OK;OK;0,000;24,047;5,103;2,654;3,262;4,967;1,661;4,957;8,962;8,975;14,949;14,962;19,938;19,951;8,463;8,663;19,832;5,103;2,649;3,251;4,972;1,656;5,068;8,957;8,986;14,949;14,973;19,932;19,962;8,463;8,663;19,978;2,660;23,923;OK
3073400591-00-W17-L2- 26 06G017-0004609;716;21:05:50;32,5;OK;OK;OK;OK;0,000;24,058;5,075;2,676;3,268;4,967;1,661;4,952;8,957;8,970;14,944;14,957;19,911;19,935;8,452;8,657;19,815;5,086;2,644;3,279;4,967;1,661;5,068;8,957;8,991;14,944;14,973;19,916;19,956;8,452;8,663;19,962;2,675;23,923;OK
3073400591-00-W17-L2- 26 06G017-0004624;716;21:05:31;32,8;OK;OK;OK;OK;0,000;24,052;5,151;2,671;3,262;5,005;1,683;4,995;8,989;9,008;14,976;14,990;19,954;19,978;8,495;8,695;19,853;5,130;2,671;3,251;5,005;1,677;5,106;9,000;9,024;14,976;15,000;19,949;19,984;8,495;8,695;20,000;2,695;23,922;OK
3073400591-00-W17-L2- 26 06G017-0004585;716;21:05:17;32,7;OK;OK;OK;OK;0,000;24,042;5,124;2,638;3,241;4,978;1,694;4,935;8,967;8,943;14,971;14,957;19,949;19,956;8,473;8,679;19,837;5,108;2,665;3,235;4,978;1,704;5,063;8,967;8,991;14,966;14,990;19,954;19,978;8,473;8,673;20,000;2,693;23,922;OK
3073400591-00-W17-L2- 26 06G017-0001125;716;21:05:56;33,1;OK;OK;OK;OK;0,000;24,058;5,124;2,676;3,279;4,989;1,645;4,979;8,989;9,002;14,998;15,006;19,976;20,005;8,490;8,684;19,886;5,124;2,665;3,284;4,989;1,650;5,084;8,989;9,008;14,993;15,017;19,987;20,005;8,484;8,690;20,027;2,667;23,922;OK
3073400591-00-W17-L2- 26 06G017-0004668;716;21:05:05;4,4;OK;OK;OK;OK;0,000;24,047;4,978;1,270;-1,000;-1,000;-1,000;-1,000;-1,000;-1,000;-1,000;-1,000;-1,000;-1,000;-1,000;-1,000;-1,000;-1,000;-1,000;-1,000;-1,000;-1,000;-1,000;-1,000;-1,000;-1,000;-1,000;-1,000;-1,000;-1,000;-1,000;-1,000;-1,000;-1,000;NOK
3073400591-00-W17-L2- 26 06G017-0004668;716;21:05:14;4,5;OK;OK;OK;OK;0,000;24,052;4,983;1,281;-1,000;-1,000;-1,000;-1,000;-1,000;-1,000;-1,000;-1,000;-1,000;-1,000;-1,000;-1,000;-1,000;-1,000;-1,000;-1,000;-1,000;-1,000;-1,000;-1,000;-1,000;-1,000;-1,000;-1,000;-1,000;-1,000;-1,000;-1,000;-1,000;-1,000;NOK
3073400591-00-W17-L2- 26 06G017-0004619;716;21:05:52;32,7;OK;OK;OK;OK;0,000;24,042;5,108;2,654;3,268;4,961;1,639;4,946;8,978;8,991;14,993;15,000;19,976;19,994;8,484;8,679;19,870;5,086;2,654;3,273;4,961;1,634;5,046;8,984;8,986;14,993;15,000;19,970;20,000;8,484;8,684;20,022;2,701;23,922;OK
3073400591-00-W17-L2- 26 06G017-0004632;716;21:05:29;32,8;OK;OK;OK;OK;0,000;24,052;5,130;2,676;3,279;5,010;1,639;5,006;9,016;9,029;15,020;15,038;20,014;20,038;8,511;8,711;19,918;5,141;2,649;3,273;5,016;1,645;5,106;9,011;9,040;15,020;15,044;20,003;20,043;8,517;8,717;20,060;2,699;23,921;OK
3073400591-00-W17-L2- 26 06G017-0000933;716;21:05:05;32,7;OK;OK;OK;OK;0,000;24,052;5,124;2,644;3,251;4,978;1,645;4,968;8,978;9,002;14,993;15,011;19,992;20,022;8,490;8,679;19,897;5,108;2,665;3,257;4,983;1,650;5,068;8,984;9,002;14,998;15,017;19,992;20,016;8,484;8,684;20,038;2,672;23,922;OK
3073400591-00-W17-L2- 26 06G017-0000934;716;21:05:41;32,7;OK;OK;OK;OK;0,000;24,047;5,119;2,654;3,279;4,983;1,672;4,973;8,978;8,991;14,966;14,990;19,949;19,978;8,473;8,673;19,853;5,113;2,687;3,279;4,978;1,661;5,079;8,973;9,008;14,971;15,000;19,949;19,984;8,473;8,668;20,000;2,661;23,922;OK
3073400591-00-W17-L2- 26 06G017-0004623;716;21:05:01;16,4;OK;OK;OK;OK;0,000;24,058;5,113;2,633;3,246;4,972;1,704;4,919;8,962;8,932;14,944;14,924;19,927;19,935;8,468;8,668;19,810;0,326;-1,000;-1,000;-1,000;-1,000;-1,000;-1,000;-1,000;-1,000;-1,000;-1,000;-1,000;-1,000;-1,000;-1,000;-1,000;-1,000;NOK
3073400591-00-W17-L2- 26 06G017-0004623;716;21:05:38;32,6;OK;OK;OK;OK;0,000;24,058;5,103;2,665;3,257;4,978;1,704;4,952;8,962;8,964;14,944;14,946;19,932;19,951;8,468;8,663;19,826;5,108;2,676;3,262;4,978;1,704;5,052;8,967;8,964;14,944;14,952;19,927;19,951;8,468;8,663;19,973;2,653;23,922;OK
3073400591-00-W17-L2- 26 06G017-0004621;716;22:05:14;32,6;OK;OK;OK;OK;0,000;24,047;5,124;2,671;3,246;4,983;1,639;4,984;8,967;8,997;14,944;14,968;19,905;19,940;8,473;8,673;19,821;5,119;2,654;3,246;4,989;1,645;5,079;8,967;8,986;14,944;14,968;19,905;19,940;8,468;8,668;19,956;2,642;23,923;OK
3073400591-00-W17-L2- 26 06G017-0004626;716;22:05:27;9,3;OK;OK;OK;OK;0,000;24,042;5,108;2,676;3,273;4,978;1,704;4,382;-1,000;-1,000;-1,000;-1,000;-1,000;-1,000;-1,000;-1,000;-1,000;-1,000;-1,000;-1,000;-1,000;-1,000;-1,000;-1,000;-1,000;-1,000;-1,000;-1,000;-1,000;-1,000;-1,000;-1,000;-1,000;-1,000;NOK
3073400591-00-W17-L2- 26 06G017-0004626;716;22:05:41;9,3;OK;OK;OK;OK;0,000;24,047;5,081;2,676;3,268;4,978;1,699;4,376;-1,000;-1,000;-1,000;-1,000;-1,000;-1,000;-1,000;-1,000;-1,000;-1,000;-1,000;-1,000;-1,000;-1,000;-1,000;-1,000;-1,000;-1,000;-1,000;-1,000;-1,000;-1,000;-1,000;-1,000;-1,000;-1,000;NOK
3073400591-00-W17-L2- 26 06G017-0000931;716;22:05:20;32,5;OK;OK;OK;OK;0,000;24,052;5,141;2,682;3,268;4,994;1,672;4,990;8,989;9,008;14,966;14,984;19,938;19,967;8,484;8,684;19,842;5,130;2,687;3,268;4,994;1,672;5,090;8,984;9,002;14,966;14,984;19,943;19,962;8,490;8,679;19,994;2,661;23,986;OK
